Order_Date,Order_ID,Customer_ID,Product_Name,Category,Region,City,Customer_Segment,Quantity,Unit_Price,Discount_Percent,Sales,Shipping_Cost,Profit,Payment_Method,Order_Status,Customer_Age,Review_Rating
2024-01-01,ORD00387,CUST2458,Coffee Maker,Home & Kitchen,Central,Lucknow,Consumer,3,86.35,0,259.04,23.14,33.49,UPI,Completed,56,2.9
2024-01-01,ORD00274,CUST3103,Jeans,Fashion,East,Guwahati,Consumer,4,43.8,20,175.2,36.62,-33.93,Credit Card,Completed,42,2.9
2024-01-01,ORD02118,CUST1776,Smartphone,Electronics,East,Bhubaneswar,Corporate,3,208.98,15,626.94,25.34,54.68,Cash on Delivery,Completed,38,3.9
2024-01-01,ORD00941,CUST1166,Laptop,Electronics,Central,Bhopal,Consumer,2,957.36,5,1914.72,13.05,103.43,Cash on Delivery,Completed,52,3.7
2024-01-01,ORD03747,CUST1591,Shampoo,Beauty,Central,Bhopal,Consumer,3,159.49,5,478.46,29.79,79.15,PayPal,Completed,32,3.3
2024-01-01,ORD00380,CUST1560,Jeans,Fashion,West,Mumbai,Corporate,5,91.2,15,455.99,44.06,-36.56,Credit Card,Completed,55,3.7
2024-01-01,ORD01824,CUST1847,Printer,Office Supplies,Central,Bhopal,Corporate,4,150.52,0,602.06,12.55,109.66,Cash on Delivery,Completed,41,3.7
2024-01-01,ORD02603,CUST1165,Desk Lamp,Office Supplies,East,Bhubaneswar,Consumer,4,82.7,15,330.81,39.32,-32.75,Credit Card,Completed,58,4.5
2024-01-01,ORD01394,CUST1078,Blender,Home & Kitchen,South,Hyderabad,Consumer,2,356.05,15,712.09,21.23,-38.98,PayPal,Completed,44,3.1
2024-01-02,ORD00009,CUST2327,Moisturizer,Beauty,Central,Lucknow,Small Business,2,57.86,5,115.72,18.46,-3.03,Cash on Delivery,Completed,26,4.8
2024-01-02,ORD02785,CUST1150,Sneakers,Fashion,North,Chandigarh,Small Business,3,201.23,10,603.7,26.28,42.91,UPI,Completed,30,3.7
2024-01-02,ORD02731,CUST2863,Smartwatch,Electronics,West,Pune,Corporate,4,753.8,10,3015.2,30.58,-79.85,PayPal,Cancelled,41,4.1
2024-01-02,ORD02009,CUST3114,Office Chair,Office Supplies,Central,Lucknow,Corporate,2,217.34,5,434.68,15.89,6.84,Debit Card,Completed,50,4.5
2024-01-02,ORD01822,CUST2626,Face Serum,Beauty,Central,Lucknow,Consumer,5,152.89,5,764.43,23.28,29.22,UPI,Completed,50,3.5
2024-01-03,ORD02151,CUST2853,Printer,Office Supplies,West,Pune,Consumer,2,269.34,0,538.68,29.87,111.32,Cash on Delivery,Returned,22,4.2
2024-01-03,ORD01248,CUST2479,Tablet,Electronics,West,Mumbai,Consumer,4,473.96,15,1895.82,41.22,-165.66,Credit Card,Completed,47,3.2
2024-01-03,ORD04927,CUST1757,Yoga Mat,Sports,West,Pune,Corporate,5,46.21,10,231.04,33.17,-27.29,Credit Card,Completed,22,3.6
2024-01-03,ORD01077,CUST1897,T-Shirt,Fashion,South,Bengaluru,Corporate,5,122.85,10,614.23,41.81,45.91,Debit Card,Completed,54,5.0
2024-01-03,ORD00892,CUST2286,Running Shoes,Sports,South,Hyderabad,Corporate,3,34.29,5,102.87,40.95,-37.25,Debit Card,Completed,46,4.4
2024-01-03,ORD03312,CUST1636,Jacket,Fashion,East,Guwahati,Corporate,3,111.01,10,333.04,29.21,-14.89,UPI,Completed,55,3.6
2024-01-03,ORD01189,CUST1924,Vacuum Cleaner,Home & Kitchen,North,Chandigarh,Consumer,3,108.25,15,324.76,27.62,-45.43,Debit Card,Completed,59,5.0
2024-01-03,ORD01530,CUST2738,Shampoo,Beauty,North,Delhi,Consumer,4,198.73,15,794.91,42.08,10.48,Debit Card,Completed,40,3.3
2024-01-04,ORD02540,CUST2128,Blender,Home & Kitchen,Central,Lucknow,Consumer,1,289.43,5,289.43,14.22,5.9,PayPal,Completed,20,3.6
2024-01-04,ORD04561,CUST1554,T-Shirt,Fashion,North,Chandigarh,Small Business,5,226.49,20,1132.43,39.14,-105.41,Debit Card,Completed,47,4.4
2024-01-04,ORD00798,CUST2902,Jacket,Fashion,South,Hyderabad,Corporate,1,150.33,10,150.33,8.65,3.82,Debit Card,Returned,59,4.3
2024-01-04,ORD04760,CUST2538,Sneakers,Fashion,East,Bhubaneswar,Consumer,2,92.75,10,185.5,10.29,-11.9,UPI,Completed,42,3.1
2024-01-04,ORD03487,CUST1123,Blender,Home & Kitchen,Central,Indore,Small Business,3,155.21,5,465.62,36.95,65.65,UPI,Cancelled,62,4.2
2024-01-04,ORD02743,CUST3388,Tablet,Electronics,West,Pune,Consumer,2,610.14,15,1220.27,27.03,-68.59,UPI,Completed,23,3.8
2024-01-04,ORD02938,CUST1789,Coffee Maker,Home & Kitchen,North,Jaipur,Consumer,2,114.73,0,229.46,33.03,8.92,Cash on Delivery,Completed,53,3.8
2024-01-04,ORD03042,CUST1082,Air Fryer,Home & Kitchen,East,Bhubaneswar,Corporate,4,224.93,15,899.71,26.32,-58.12,Credit Card,Completed,28,3.6
2024-01-04,ORD01772,CUST1468,Backpack,Fashion,Central,Lucknow,Consumer,2,36.78,10,73.57,14.33,-1.17,Debit Card,Completed,26,5.0
2024-01-04,ORD04824,CUST1534,Running Shoes,Sports,North,Chandigarh,Consumer,1,191.41,10,191.41,7.64,-7.67,Credit Card,Completed,20,2.7
2024-01-04,ORD00985,CUST2869,Air Fryer,Home & Kitchen,North,Delhi,Consumer,3,286.31,0,858.92,24.88,209.73,Cash on Delivery,Completed,60,3.7
2024-01-04,ORD03544,CUST1038,Backpack,Fashion,South,Bengaluru,Consumer,3,30.39,5,91.18,17.81,1.15,Credit Card,Completed,32,5.0
2024-01-05,ORD01988,CUST2485,Sports Bottle,Sports,West,Pune,Consumer,4,347.38,10,1389.54,27.16,100.32,Credit Card,Completed,55,3.0
2024-01-05,ORD02940,CUST1868,Vacuum Cleaner,Home & Kitchen,East,Guwahati,Consumer,3,215.84,10,647.52,30.67,-27.33,UPI,Completed,19,3.4
2024-01-05,ORD04077,CUST2112,Lipstick,Beauty,West,Ahmedabad,Consumer,4,114.14,5,456.56,33.84,68.58,UPI,Completed,29,3.5
2024-01-05,ORD03996,CUST2065,Tablet,Electronics,West,Pune,Consumer,5,1251.73,15,6258.63,50.62,326.84,UPI,Completed,52,3.9
2024-01-05,ORD03767,CUST1488,Smartwatch,Electronics,Central,Bhopal,Small Business,1,654.01,10,654.01,19.3,-17.76,Debit Card,Completed,37,4.2
2024-01-05,ORD00499,CUST3278,Tablet,Electronics,South,Bengaluru,Small Business,3,1114.38,5,3343.14,21.88,659.0,UPI,Cancelled,51,4.0
2024-01-05,ORD01746,CUST3130,Fitness Band,Sports,North,Chandigarh,Consumer,1,70.94,10,70.94,34.39,-32.93,Cash on Delivery,Cancelled,18,2.2
2024-01-05,ORD01806,CUST2020,Backpack,Fashion,South,Chennai,Consumer,1,51.79,5,51.79,11.7,-5.26,UPI,Completed,57,3.6
2024-01-05,ORD02585,CUST2528,Tablet,Electronics,West,Ahmedabad,Consumer,5,975.69,5,4878.47,39.1,489.38,Debit Card,Completed,36,4.0
2024-01-05,ORD00448,CUST2922,Cookware Set,Home & Kitchen,South,Hyderabad,Consumer,3,455.93,5,1367.78,21.39,156.11,Cash on Delivery,Returned,31,4.0
2024-01-06,ORD01359,CUST2919,Desk Lamp,Office Supplies,South,Bengaluru,Consumer,4,292.28,20,1169.1,32.6,42.57,Credit Card,Completed,48,5.0
2024-01-06,ORD02393,CUST2340,Yoga Mat,Sports,South,Chennai,Consumer,4,224.82,0,899.29,42.55,115.68,UPI,Completed,63,4.8
2024-01-06,ORD04939,CUST2512,Notebook,Office Supplies,East,Kolkata,Consumer,5,243.87,10,1219.34,38.78,41.5,Credit Card,Returned,53,4.7
2024-01-06,ORD03708,CUST2537,Printer,Office Supplies,East,Guwahati,Consumer,4,206.74,10,826.97,27.99,-4.4,UPI,Completed,30,4.0
2024-01-07,ORD01765,CUST1867,Smartwatch,Electronics,Central,Indore,Consumer,4,807.05,5,3228.18,34.8,133.91,Credit Card,Completed,38,3.3
2024-01-07,ORD04092,CUST2284,Lipstick,Beauty,Central,Lucknow,Corporate,3,76.95,10,230.86,36.93,2.8,UPI,Returned,54,3.7
2024-01-07,ORD03830,CUST1777,Backpack,Fashion,West,Ahmedabad,Small Business,1,213.19,5,213.19,30.35,14.8,Debit Card,Completed,24,4.0
2024-01-07,ORD04925,CUST2314,Air Fryer,Home & Kitchen,Central,Bhopal,Consumer,4,68.34,10,273.35,27.47,-21.41,Debit Card,Returned,58,4.4
2024-01-07,ORD00305,CUST2018,Office Chair,Office Supplies,South,Hyderabad,Corporate,5,192.22,10,961.09,36.57,-22.09,Debit Card,Completed,26,4.5
2024-01-07,ORD01133,CUST1695,Jacket,Fashion,South,Chennai,Corporate,5,89.4,0,446.98,25.68,83.57,PayPal,Completed,26,3.7
2024-01-08,ORD00167,CUST2052,Jacket,Fashion,Central,Lucknow,Consumer,3,222.77,0,668.31,30.84,102.04,UPI,Returned,33,4.7
2024-01-08,ORD03707,CUST2491,Sports Bottle,Sports,South,Hyderabad,Consumer,1,68.44,5,68.44,29.14,-13.43,Credit Card,Completed,24,3.7
2024-01-08,ORD01478,CUST2719,Tablet,Electronics,Central,Bhopal,Corporate,3,570.19,10,1710.56,24.17,30.31,Cash on Delivery,Completed,42,3.8
2024-01-08,ORD03304,CUST1556,T-Shirt,Fashion,East,Kolkata,Consumer,5,44.77,0,223.87,28.96,3.25,UPI,Completed,27,3.9
2024-01-08,ORD01745,CUST1317,Tablet,Electronics,Central,Lucknow,Consumer,5,766.16,5,3830.82,20.34,696.74,PayPal,Returned,44,4.1
2024-01-08,ORD01622,CUST2060,Blender,Home & Kitchen,South,Chennai,Consumer,3,106.26,5,318.79,25.6,1.68,Credit Card,Completed,56,3.8
2024-01-08,ORD03586,CUST1049,Air Fryer,Home & Kitchen,North,Delhi,Consumer,5,62.62,10,313.1,20.17,13.19,Debit Card,Completed,40,3.3
2024-01-08,ORD03970,CUST3473,Perfume,Beauty,East,Kolkata,Corporate,5,208.46,0,1042.29,17.04,211.95,UPI,Completed,61,4.2
2024-01-09,ORD04519,CUST1683,Fitness Band,Sports,West,Mumbai,Consumer,4,178.87,5,715.48,26.12,106.22,Credit Card,Completed,53,4.5
2024-01-09,ORD00210,CUST3381,Blender,Home & Kitchen,North,Delhi,Consumer,5,446.44,0,2232.2,36.11,586.48,Cash on Delivery,Completed,51,3.5
2024-01-09,ORD04621,CUST2906,Lipstick,Beauty,South,Hyderabad,Small Business,2,165.94,20,331.88,37.25,-41.04,PayPal,Completed,21,4.2
2024-01-09,ORD04436,CUST2583,Keyboard,Office Supplies,West,Ahmedabad,Consumer,3,205.87,15,617.6,23.71,41.27,UPI,Completed,31,4.6
2024-01-09,ORD03392,CUST2952,Keyboard,Office Supplies,East,Kolkata,Consumer,4,72.53,5,290.11,16.6,29.8,Credit Card,Completed,58,3.8
2024-01-09,ORD00461,CUST3243,Jacket,Fashion,South,Hyderabad,Corporate,5,189.97,10,949.84,23.82,32.89,Credit Card,Completed,58,4.5
2024-01-09,ORD00858,CUST2201,Dumbbells,Sports,North,Chandigarh,Consumer,5,175.45,0,877.27,45.93,42.91,Cash on Delivery,Completed,58,5.0
2024-01-10,ORD00875,CUST1429,Sports Bottle,Sports,Central,Indore,Consumer,2,279.22,10,558.45,12.54,-18.91,Credit Card,Completed,52,2.3
2024-01-10,ORD03738,CUST1106,Jacket,Fashion,West,Ahmedabad,Consumer,1,133.48,0,133.48,27.92,-8.84,UPI,Completed,58,4.5
2024-01-10,ORD04129,CUST1221,Coffee Maker,Home & Kitchen,West,Pune,Corporate,5,380.15,10,1900.76,44.85,-54.45,UPI,Completed,62,3.6
2024-01-10,ORD00907,CUST2572,Jeans,Fashion,North,Chandigarh,Small Business,4,74.86,10,299.45,25.77,-0.78,UPI,Completed,55,3.6
2024-01-10,ORD00876,CUST1201,Backpack,Fashion,Central,Lucknow,Consumer,2,53.99,0,107.98,36.21,-13.43,UPI,Completed,34,3.3
2024-01-10,ORD00986,CUST1355,Vacuum Cleaner,Home & Kitchen,South,Chennai,Consumer,2,427.55,5,855.09,30.97,10.69,Credit Card,Cancelled,40,3.7
2024-01-10,ORD04115,CUST1577,Vacuum Cleaner,Home & Kitchen,South,Bengaluru,Corporate,2,62.36,20,124.72,32.98,-42.8,Credit Card,Completed,24,2.8
2024-01-10,ORD02873,CUST2810,Sneakers,Fashion,South,Bengaluru,Consumer,4,146.11,15,584.42,43.98,-22.95,Debit Card,Completed,62,4.2
2024-01-10,ORD04459,CUST1854,Sneakers,Fashion,East,Guwahati,Consumer,5,75.97,5,379.86,45.06,-29.1,Credit Card,Completed,60,3.2
2024-01-10,ORD02336,CUST2263,Blender,Home & Kitchen,North,Jaipur,Corporate,5,194.05,20,970.27,44.68,-148.49,Debit Card,Completed,42,4.5
2024-01-10,ORD02836,CUST1813,Vacuum Cleaner,Home & Kitchen,South,Bengaluru,Consumer,5,200.15,15,1000.74,16.47,-64.26,PayPal,Completed,22,5.0
2024-01-11,ORD03935,CUST2138,Smartwatch,Electronics,East,Guwahati,Corporate,5,364.69,0,1823.47,43.0,440.78,Cash on Delivery,Completed,32,4.1
2024-01-11,ORD03165,CUST1811,Air Fryer,Home & Kitchen,Central,Bhopal,Consumer,1,489.25,5,489.25,9.8,58.78,Cash on Delivery,Completed,21,3.3
2024-01-11,ORD02221,CUST1580,Backpack,Fashion,East,Bhubaneswar,Corporate,5,170.56,15,852.78,25.66,7.61,Cash on Delivery,Completed,57,4.1
2024-01-11,ORD00247,CUST1025,Jeans,Fashion,Central,Bhopal,Consumer,5,214.34,5,1071.72,31.11,80.99,Debit Card,Completed,62,4.9
2024-01-11,ORD00338,CUST2343,Headphones,Electronics,West,Mumbai,Consumer,2,452.03,0,904.06,34.74,144.41,Cash on Delivery,Completed,49,5.0
2024-01-11,ORD04829,CUST3356,Laptop,Electronics,East,Bhubaneswar,Small Business,5,668.01,5,3340.04,33.59,370.22,UPI,Completed,20,3.7
2024-01-11,ORD04923,CUST1140,Perfume,Beauty,South,Bengaluru,Corporate,2,211.04,10,422.07,15.48,16.06,Debit Card,Returned,26,5.0
2024-01-11,ORD00405,CUST1948,T-Shirt,Fashion,North,Delhi,Small Business,5,228.81,10,1144.05,25.48,-41.41,Cash on Delivery,Completed,20,5.0
2024-01-11,ORD01177,CUST1760,Backpack,Fashion,Central,Lucknow,Consumer,5,31.33,5,156.65,49.34,-41.5,Debit Card,Completed,63,3.0
2024-01-12,ORD03331,CUST2994,Lipstick,Beauty,West,Pune,Corporate,3,143.62,15,430.87,32.05,10.66,Debit Card,Completed,54,3.2
2024-01-12,ORD01326,CUST1939,Air Fryer,Home & Kitchen,North,Jaipur,Small Business,2,54.03,5,108.06,18.27,-0.0,Debit Card,Completed,63,2.9
2024-01-12,ORD03243,CUST1427,Dumbbells,Sports,North,Jaipur,Small Business,4,53.61,10,214.46,32.67,-13.25,UPI,Completed,26,5.0
2024-01-12,ORD04524,CUST2036,Cookware Set,Home & Kitchen,North,Jaipur,Consumer,5,144.95,15,724.74,53.68,-86.18,UPI,Completed,40,5.0
2024-01-12,ORD02976,CUST1593,Air Fryer,Home & Kitchen,Central,Bhopal,Corporate,5,79.49,10,397.43,21.55,-6.9,Cash on Delivery,Completed,33,3.8
2024-01-12,ORD00130,CUST2551,Smartwatch,Electronics,North,Chandigarh,Corporate,5,217.77,5,1088.86,36.11,136.33,UPI,Returned,26,3.4
2024-01-12,ORD00144,CUST3378,Moisturizer,Beauty,South,Bengaluru,Consumer,3,206.74,10,620.21,15.87,-5.09,UPI,Completed,45,4.2
2024-01-13,ORD03513,CUST3111,Face Serum,Beauty,West,Ahmedabad,Small Business,1,56.39,15,56.39,18.43,-15.95,Credit Card,Completed,35,5.0
2024-01-13,ORD00127,CUST3257,Jeans,Fashion,West,Mumbai,Small Business,2,108.58,10,217.16,29.69,3.27,PayPal,Completed,26,4.3
2024-01-13,ORD00444,CUST3389,Air Fryer,Home & Kitchen,North,Chandigarh,Consumer,3,466.85,0,1400.55,30.16,175.65,Credit Card,Completed,48,3.8
2024-01-13,ORD04758,CUST2958,Printer,Office Supplies,East,Kolkata,Corporate,5,315.11,10,1575.53,21.84,3.98,Credit Card,Completed,44,4.5
2024-01-13,ORD02648,CUST1062,Smartphone,Electronics,North,Jaipur,Corporate,3,1343.29,10,4029.86,28.58,413.15,Credit Card,Returned,22,4.0
2024-01-13,ORD03401,CUST3038,Coffee Maker,Home & Kitchen,Central,Indore,Small Business,4,84.89,5,339.58,32.43,11.09,Debit Card,Completed,34,3.2
2024-01-13,ORD04141,CUST3251,Sports Bottle,Sports,West,Mumbai,Consumer,1,72.24,0,72.24,30.09,-19.19,Cash on Delivery,Completed,23,4.6
2024-01-13,ORD02704,CUST1341,Coffee Maker,Home & Kitchen,South,Chennai,Corporate,4,317.06,15,1268.24,45.42,-3.51,UPI,Cancelled,30,5.0
2024-01-13,ORD01482,CUST2879,Shampoo,Beauty,West,Pune,Consumer,3,82.82,0,248.45,27.87,15.11,PayPal,Completed,56,3.7
2024-01-14,ORD02370,CUST2556,Laptop,Electronics,South,Hyderabad,Consumer,1,1107.63,10,1107.63,26.62,-10.73,PayPal,Returned,56,5.0
2024-01-14,ORD01099,CUST1282,Notebook,Office Supplies,West,Pune,Corporate,3,120.9,15,362.7,22.3,-0.45,Credit Card,Completed,43,4.6
2024-01-14,ORD03142,CUST2128,Printer,Office Supplies,South,Bengaluru,Corporate,3,32.4,10,97.19,35.92,-24.38,PayPal,Completed,60,3.0
2024-01-14,ORD04016,CUST2612,Backpack,Fashion,Central,Bhopal,Corporate,4,163.66,0,654.64,39.93,65.28,Debit Card,Completed,44,4.2
2024-01-14,ORD01641,CUST2995,T-Shirt,Fashion,South,Hyderabad,Corporate,2,73.74,0,147.47,28.62,5.16,PayPal,Completed,63,2.8
2024-01-14,ORD03753,CUST3379,Moisturizer,Beauty,West,Mumbai,Consumer,2,49.06,15,98.12,19.12,-15.67,Credit Card,Completed,53,2.9
2024-01-14,ORD01304,CUST3090,Fitness Band,Sports,Central,Bhopal,Consumer,2,337.18,15,674.37,41.3,22.07,Credit Card,Returned,60,3.1
2024-01-14,ORD00423,CUST3180,Moisturizer,Beauty,South,Bengaluru,Consumer,2,171.69,0,343.37,28.69,18.14,Credit Card,Completed,33,2.8
2024-01-14,ORD01211,CUST1632,Blender,Home & Kitchen,Central,Indore,Consumer,3,354.02,5,1062.06,38.58,9.28,Credit Card,Completed,64,4.7
2024-01-15,ORD00030,CUST2215,Laptop,Electronics,West,Mumbai,Corporate,2,1076.76,10,2153.53,12.01,174.32,Credit Card,Completed,34,4.6
2024-01-15,ORD01169,CUST2345,Face Serum,Beauty,South,Chennai,Consumer,5,187.82,10,939.09,47.44,28.65,Debit Card,Completed,23,4.0
2024-01-15,ORD04651,CUST2968,Fitness Band,Sports,East,Guwahati,Consumer,3,60.33,0,180.99,26.82,16.72,Cash on Delivery,Completed,61,3.8
2024-01-15,ORD02830,CUST2645,Smartphone,Electronics,East,Kolkata,Corporate,4,903.18,10,3612.72,44.96,417.24,Cash on Delivery,Completed,53,4.3
2024-01-15,ORD01829,CUST1633,Dumbbells,Sports,Central,Lucknow,Consumer,5,51.9,15,259.5,47.38,-63.52,Credit Card,Returned,22,4.9
2024-01-15,ORD01735,CUST1480,Perfume,Beauty,South,Bengaluru,Consumer,3,85.64,10,256.91,44.16,-42.65,Debit Card,Completed,61,2.0
2024-01-15,ORD02521,CUST2450,Sneakers,Fashion,Central,Bhopal,Consumer,2,98.93,20,197.86,32.38,-26.09,Credit Card,Completed,59,4.9
2024-01-15,ORD00655,CUST2770,Printer,Office Supplies,North,Jaipur,Consumer,5,126.47,5,632.33,31.66,44.74,Debit Card,Completed,36,5.0
2024-01-15,ORD04369,CUST2330,Desk Lamp,Office Supplies,South,Chennai,Consumer,2,438.62,5,877.25,7.68,40.87,Debit Card,Completed,24,4.5
2024-01-15,ORD02282,CUST1545,Fitness Band,Sports,Central,Lucknow,Corporate,1,162.36,10,162.36,13.67,-3.73,Cash on Delivery,Completed,63,3.8
2024-01-15,ORD01969,CUST2466,Smartwatch,Electronics,North,Jaipur,Consumer,4,575.74,10,2302.96,31.99,-53.19,Credit Card,Completed,56,3.2
2024-01-15,ORD02848,CUST1470,Laptop,Electronics,West,Pune,Consumer,3,260.71,10,782.13,38.02,6.05,UPI,Returned,31,4.5
2024-01-15,ORD04222,CUST3068,Smartphone,Electronics,East,Guwahati,Consumer,3,165.87,5,497.6,15.81,13.45,UPI,Completed,31,1.7
2024-01-15,ORD03337,CUST3378,Blender,Home & Kitchen,North,Jaipur,Consumer,3,163.43,10,490.29,13.67,58.18,UPI,Completed,27,3.5
2024-01-15,ORD03336,CUST2628,Jeans,Fashion,West,Mumbai,Corporate,5,165.35,20,826.75,33.11,-100.88,PayPal,Completed,19,3.9
2024-01-16,ORD01012,CUST2101,Perfume,Beauty,North,Jaipur,Corporate,5,192.55,10,962.76,15.38,155.81,Debit Card,Completed,58,2.8
2024-01-16,ORD04648,CUST1067,Shampoo,Beauty,West,Mumbai,Small Business,1,94.18,5,94.18,20.09,-6.94,Credit Card,Completed,26,4.3
2024-01-16,ORD00855,CUST1755,T-Shirt,Fashion,East,Bhubaneswar,Corporate,5,151.79,0,758.94,40.05,153.97,UPI,Completed,63,4.0
2024-01-16,ORD00713,CUST2764,Jacket,Fashion,West,Ahmedabad,Corporate,3,149.81,5,449.44,26.84,66.81,Debit Card,Returned,38,3.9
2024-01-16,ORD02914,CUST3185,Yoga Mat,Sports,Central,Indore,Consumer,4,245.39,10,981.57,27.61,-19.11,Debit Card,Completed,62,2.6
2024-01-16,ORD04224,CUST3065,T-Shirt,Fashion,North,Jaipur,Consumer,3,136.19,10,408.56,36.34,-23.07,Credit Card,Returned,53,5.0
2024-01-17,ORD01812,CUST3266,Coffee Maker,Home & Kitchen,Central,Indore,Small Business,2,119.11,0,238.22,21.44,25.98,Debit Card,Returned,48,5.0
2024-01-17,ORD04090,CUST2157,Running Shoes,Sports,East,Kolkata,Consumer,3,297.63,15,892.89,20.82,-4.28,PayPal,Completed,37,2.1
2024-01-17,ORD02269,CUST2262,Smartphone,Electronics,North,Chandigarh,Consumer,3,238.93,0,716.8,14.68,138.76,PayPal,Completed,19,3.8
2024-01-17,ORD02834,CUST1643,Shampoo,Beauty,Central,Indore,Consumer,5,175.93,0,879.63,43.39,153.78,Debit Card,Completed,52,3.5
2024-01-17,ORD03326,CUST3082,Backpack,Fashion,East,Bhubaneswar,Consumer,4,173.01,20,692.06,40.61,-14.1,UPI,Completed,25,3.9
2024-01-17,ORD02096,CUST1241,Printer,Office Supplies,East,Bhubaneswar,Small Business,5,430.23,5,2151.16,41.45,328.96,Debit Card,Completed,56,3.5
2024-01-17,ORD01553,CUST1384,Smartwatch,Electronics,South,Bengaluru,Corporate,3,655.97,15,1967.91,30.59,-161.46,UPI,Completed,63,4.1
2024-01-17,ORD04635,CUST2278,Shampoo,Beauty,Central,Bhopal,Corporate,4,41.11,10,164.44,18.04,10.57,Cash on Delivery,Returned,52,3.9
2024-01-17,ORD01537,CUST1745,Moisturizer,Beauty,West,Mumbai,Consumer,4,108.43,15,433.73,16.68,-46.19,UPI,Cancelled,47,3.8
2024-01-17,ORD02291,CUST2545,Perfume,Beauty,Central,Indore,Consumer,5,126.81,0,634.03,42.45,14.11,Credit Card,Returned,37,5.0
2024-01-17,ORD00747,CUST3438,Moisturizer,Beauty,West,Mumbai,Consumer,3,169.61,5,508.83,41.8,16.95,Credit Card,Completed,63,4.1
2024-01-17,ORD03319,CUST1256,Cookware Set,Home & Kitchen,Central,Lucknow,Consumer,3,359.49,15,1078.47,29.29,78.09,UPI,Completed,39,5.0
2024-01-17,ORD02050,CUST1254,Smartphone,Electronics,Central,Lucknow,Consumer,2,1183.66,5,2367.33,7.7,222.14,Debit Card,Completed,27,3.1
2024-01-17,ORD02434,CUST3078,Printer,Office Supplies,West,Mumbai,Corporate,3,418.05,5,1254.14,30.78,160.5,Credit Card,Completed,26,4.3
2024-01-18,ORD00394,CUST2188,Cookware Set,Home & Kitchen,North,Delhi,Consumer,2,135.35,10,270.7,8.64,8.0,PayPal,Completed,18,3.1
2024-01-18,ORD01868,CUST2178,Laptop,Electronics,East,Kolkata,Small Business,3,463.07,15,1389.21,23.56,-1.89,Credit Card,Returned,50,5.0
2024-01-18,ORD04246,CUST1267,Tablet,Electronics,Central,Lucknow,Consumer,4,310.73,15,1242.93,22.98,-30.59,Cash on Delivery,Completed,40,5.0
2024-01-18,ORD03466,CUST2096,Smartphone,Electronics,Central,Bhopal,Small Business,3,848.82,0,2546.46,22.48,350.41,PayPal,Completed,43,4.8
2024-01-18,ORD04331,CUST2747,Headphones,Electronics,East,Guwahati,Corporate,4,907.95,5,3631.79,30.47,224.35,Credit Card,Cancelled,39,3.3
2024-01-19,ORD03468,CUST1050,Tablet,Electronics,Central,Lucknow,Consumer,4,822.06,0,3288.23,38.75,272.27,UPI,Completed,55,4.3
2024-01-19,ORD03736,CUST2376,Coffee Maker,Home & Kitchen,West,Mumbai,Small Business,1,475.8,5,475.8,17.87,28.47,UPI,Completed,47,4.4
2024-01-19,ORD01261,CUST1312,Office Chair,Office Supplies,West,Ahmedabad,Corporate,1,423.73,5,423.73,13.79,11.38,UPI,Completed,46,4.4
2024-01-19,ORD02821,CUST2439,Printer,Office Supplies,East,Kolkata,Small Business,4,14.24,10,56.98,44.91,-40.52,Credit Card,Completed,33,3.1
2024-01-19,ORD03081,CUST1653,Jeans,Fashion,East,Guwahati,Small Business,2,207.73,0,415.46,36.6,18.47,Debit Card,Completed,20,3.4
2024-01-19,ORD01717,CUST1544,Dumbbells,Sports,West,Ahmedabad,Corporate,1,260.94,0,260.94,10.06,49.7,UPI,Completed,41,4.3
2024-01-19,ORD03509,CUST2572,Backpack,Fashion,South,Chennai,Small Business,1,25.29,5,25.29,30.8,-29.93,PayPal,Completed,18,3.5
2024-01-19,ORD04312,CUST1016,Printer,Office Supplies,West,Ahmedabad,Corporate,4,338.27,15,1353.07,31.51,-49.16,Debit Card,Completed,37,3.8
2024-01-19,ORD03783,CUST1524,Smartwatch,Electronics,West,Pune,Small Business,2,1036.89,10,2073.78,17.08,292.61,UPI,Completed,55,5.0
2024-01-19,ORD02854,CUST2752,Sneakers,Fashion,North,Delhi,Corporate,2,237.2,0,474.41,13.25,27.12,UPI,Completed,44,3.5
2024-01-19,ORD03813,CUST3370,Moisturizer,Beauty,South,Chennai,Small Business,4,36.02,0,144.08,51.2,-35.87,Cash on Delivery,Returned,46,4.7
2024-01-19,ORD00398,CUST1625,Moisturizer,Beauty,South,Hyderabad,Small Business,3,167.15,5,501.45,10.87,102.06,Debit Card,Completed,30,5.0
2024-01-20,ORD03058,CUST2135,Desk Lamp,Office Supplies,Central,Indore,Consumer,1,153.92,15,153.92,4.93,9.13,UPI,Completed,60,2.7
2024-01-20,ORD00598,CUST1675,Backpack,Fashion,South,Chennai,Consumer,1,249.61,15,249.61,7.76,-10.23,UPI,Returned,46,3.7
2024-01-20,ORD04687,CUST1456,Jeans,Fashion,South,Hyderabad,Consumer,5,197.49,15,987.46,36.16,-73.51,UPI,Completed,36,4.4
2024-01-20,ORD04470,CUST2899,Fitness Band,Sports,South,Hyderabad,Consumer,4,290.39,5,1161.58,31.85,84.23,Cash on Delivery,Completed,20,3.0
2024-01-20,ORD03480,CUST3119,Desk Lamp,Office Supplies,West,Ahmedabad,Small Business,1,19.72,5,19.72,32.64,-30.6,PayPal,Completed,37,3.6
2024-01-21,ORD00152,CUST1241,Smartwatch,Electronics,West,Ahmedabad,Corporate,5,720.99,5,3604.96,39.81,440.68,PayPal,Completed,21,2.6
2024-01-21,ORD04127,CUST2402,Moisturizer,Beauty,Central,Lucknow,Corporate,2,38.58,5,77.15,30.79,-22.67,Debit Card,Returned,62,3.7
2024-01-21,ORD00822,CUST3293,Running Shoes,Sports,West,Ahmedabad,Small Business,3,44.88,5,134.65,44.42,-39.01,Credit Card,Completed,49,4.1
2024-01-21,ORD00275,CUST2635,Jeans,Fashion,West,Ahmedabad,Consumer,3,65.35,15,196.06,25.2,-17.86,Credit Card,Completed,34,4.1
2024-01-21,ORD02529,CUST1396,Perfume,Beauty,Central,Indore,Consumer,3,136.62,0,409.87,34.75,56.22,UPI,Completed,25,4.3
2024-01-21,ORD01060,CUST1744,Backpack,Fashion,North,Chandigarh,Consumer,2,167.45,0,334.9,38.61,10.98,Debit Card,Cancelled,58,4.7
2024-01-22,ORD02135,CUST1079,Smartwatch,Electronics,East,Guwahati,Small Business,1,388.98,15,388.98,24.64,-49.9,Credit Card,Completed,30,2.5
2024-01-22,ORD01892,CUST2299,Sneakers,Fashion,North,Delhi,Consumer,1,62.55,15,62.55,23.53,-20.95,Credit Card,Completed,38,4.9
2024-01-22,ORD03904,CUST2665,Coffee Maker,Home & Kitchen,Central,Bhopal,Corporate,5,297.4,5,1487.0,49.45,188.62,Cash on Delivery,Completed,32,3.1
2024-01-22,ORD01866,CUST2590,Sneakers,Fashion,Central,Indore,Consumer,3,38.66,20,115.97,32.88,-25.36,UPI,Cancelled,56,3.4
2024-01-22,ORD03903,CUST2255,Blender,Home & Kitchen,South,Hyderabad,Consumer,2,385.97,15,771.94,12.54,11.07,Credit Card,Cancelled,46,4.0
2024-01-22,ORD02970,CUST3264,T-Shirt,Fashion,Central,Bhopal,Consumer,5,42.25,10,211.27,20.51,-12.44,UPI,Completed,50,3.0
2024-01-22,ORD03801,CUST2109,Desk Lamp,Office Supplies,West,Pune,Corporate,1,239.6,5,239.6,33.14,-1.61,Cash on Delivery,Completed,44,3.7
2024-01-22,ORD00371,CUST1988,Tablet,Electronics,South,Chennai,Consumer,4,477.72,10,1910.88,15.27,14.32,Credit Card,Completed,60,3.6
2024-01-23,ORD04906,CUST3365,Running Shoes,Sports,North,Jaipur,Consumer,5,226.52,5,1132.6,48.69,208.21,UPI,Completed,36,5.0
2024-01-23,ORD02916,CUST2542,Tablet,Electronics,South,Chennai,Consumer,3,1090.89,15,3272.68,26.14,-1.8,Credit Card,Completed,51,4.8
2024-01-23,ORD00035,CUST1574,Headphones,Electronics,North,Chandigarh,Corporate,5,421.69,10,2108.43,48.83,172.17,Debit Card,Completed,19,4.7
2024-01-23,ORD03817,CUST3220,Desk Lamp,Office Supplies,East,Bhubaneswar,Consumer,2,325.45,0,650.9,17.35,107.82,Debit Card,Completed,49,4.6
2024-01-23,ORD04957,CUST2792,Face Serum,Beauty,North,Delhi,Small Business,4,49.09,5,196.37,25.27,-17.0,Debit Card,Completed,40,4.0
2024-01-23,ORD02381,CUST1647,Air Fryer,Home & Kitchen,West,Pune,Corporate,1,195.41,10,195.41,18.84,7.57,Cash on Delivery,Completed,36,3.1
2024-01-24,ORD01178,CUST1743,Keyboard,Office Supplies,Central,Indore,Consumer,2,201.77,10,403.54,30.26,31.39,UPI,Completed,30,4.2
2024-01-24,ORD02748,CUST2398,Jacket,Fashion,South,Bengaluru,Corporate,5,111.76,15,558.81,38.57,3.73,UPI,Returned,62,4.1
2024-01-24,ORD01971,CUST3424,Backpack,Fashion,North,Delhi,Consumer,3,169.97,10,509.91,28.54,51.82,Credit Card,Cancelled,38,4.0
2024-01-24,ORD01156,CUST2762,Laptop,Electronics,East,Kolkata,Consumer,3,1339.52,10,4018.55,16.14,-37.31,Debit Card,Completed,56,4.9
2024-01-24,ORD03497,CUST2469,Office Chair,Office Supplies,South,Chennai,Consumer,5,388.33,10,1941.67,35.52,210.65,Cash on Delivery,Completed,46,2.6
2024-01-24,ORD01358,CUST1700,Sneakers,Fashion,East,Kolkata,Consumer,5,209.97,10,1049.87,38.59,63.53,Debit Card,Returned,27,4.7
2024-01-24,ORD00939,CUST2348,Perfume,Beauty,West,Pune,Consumer,1,88.83,20,88.83,33.13,-38.37,UPI,Cancelled,33,5.0
2024-01-25,ORD02108,CUST2918,Backpack,Fashion,South,Bengaluru,Consumer,2,242.17,5,484.35,20.03,65.96,Debit Card,Completed,64,4.2
2024-01-25,ORD02700,CUST2929,Headphones,Electronics,Central,Bhopal,Small Business,3,961.31,5,2883.94,26.36,327.68,UPI,Completed,27,3.6
2024-01-25,ORD03360,CUST1913,Smartwatch,Electronics,East,Guwahati,Consumer,4,153.7,0,614.78,19.1,136.11,Debit Card,Completed,62,5.0
2024-01-25,ORD01585,CUST3284,Blender,Home & Kitchen,East,Kolkata,Consumer,2,496.91,0,993.82,32.05,196.92,Debit Card,Completed,35,4.1
2024-01-25,ORD02223,CUST1160,Notebook,Office Supplies,West,Ahmedabad,Small Business,5,188.84,20,944.22,36.83,-133.14,Credit Card,Completed,40,4.8
2024-01-25,ORD04969,CUST2605,Sports Bottle,Sports,North,Chandigarh,Small Business,4,66.58,15,266.32,38.67,-46.38,UPI,Returned,44,3.1
2024-01-25,ORD00376,CUST1159,Jacket,Fashion,West,Pune,Small Business,5,239.24,15,1196.22,41.43,-20.65,Credit Card,Completed,64,3.7
2024-01-25,ORD01200,CUST1348,Desk Lamp,Office Supplies,West,Mumbai,Consumer,2,104.51,0,209.02,23.4,11.63,Cash on Delivery,Completed,61,3.4
2024-01-25,ORD01692,CUST3009,Lipstick,Beauty,East,Bhubaneswar,Corporate,5,44.89,10,224.45,43.94,-23.84,Credit Card,Completed,34,3.6
2024-01-26,ORD01349,CUST2400,Lipstick,Beauty,North,Chandigarh,Small Business,2,125.8,15,251.61,15.81,-27.55,Credit Card,Completed,27,4.4
2024-01-26,ORD04070,CUST2314,Keyboard,Office Supplies,South,Bengaluru,Consumer,2,242.7,10,485.4,31.18,50.59,Debit Card,Completed,36,3.5
2024-01-26,ORD02971,CUST2573,Printer,Office Supplies,West,Mumbai,Corporate,1,148.36,10,148.36,11.13,-13.74,Credit Card,Returned,40,3.4
2024-01-26,ORD00783,CUST2458,Smartphone,Electronics,West,Mumbai,Consumer,3,405.05,15,1215.15,22.08,50.86,UPI,Returned,50,3.5
2024-01-26,ORD00940,CUST3468,Jeans,Fashion,South,Chennai,Corporate,3,104.5,5,313.5,36.65,-3.83,UPI,Completed,39,3.7
2024-01-26,ORD00791,CUST2071,Coffee Maker,Home & Kitchen,South,Hyderabad,Small Business,2,427.92,5,855.84,30.59,-4.72,UPI,Cancelled,40,2.7
2024-01-27,ORD01575,CUST1161,Yoga Mat,Sports,East,Kolkata,Consumer,4,131.83,10,527.32,29.4,57.35,Cash on Delivery,Completed,26,2.9
2024-01-27,ORD01164,CUST3065,Headphones,Electronics,North,Jaipur,Small Business,3,862.1,10,2586.3,27.27,-71.04,UPI,Completed,26,4.1
2024-01-27,ORD04084,CUST2130,Smartwatch,Electronics,Central,Indore,Small Business,4,1078.85,5,4315.39,31.02,121.98,Debit Card,Completed,51,3.5
2024-01-27,ORD01658,CUST1655,Tablet,Electronics,East,Guwahati,Corporate,4,899.33,0,3597.32,33.36,672.75,Credit Card,Completed,40,4.8
2024-01-27,ORD00163,CUST2675,Vacuum Cleaner,Home & Kitchen,West,Ahmedabad,Small Business,2,237.33,10,474.67,14.0,53.66,PayPal,Completed,20,3.9
2024-01-27,ORD01562,CUST2931,Laptop,Electronics,North,Jaipur,Corporate,2,1123.1,10,2246.21,26.69,113.41,Credit Card,Completed,19,3.4
2024-01-27,ORD01763,CUST1304,Sneakers,Fashion,East,Guwahati,Consumer,4,68.64,5,274.54,37.49,-4.88,PayPal,Returned,52,4.4
2024-01-27,ORD03155,CUST1644,Shampoo,Beauty,East,Guwahati,Small Business,5,88.49,5,442.44,26.2,19.89,Debit Card,Completed,43,3.1
2024-01-27,ORD00045,CUST1645,Backpack,Fashion,West,Ahmedabad,Corporate,5,47.08,10,235.41,38.68,-42.87,UPI,Completed,24,4.9
2024-01-27,ORD02427,CUST1984,Smartwatch,Electronics,Central,Indore,Consumer,2,1389.8,0,2779.61,31.12,458.98,PayPal,Completed,51,3.4
2024-01-27,ORD00123,CUST2588,Air Fryer,Home & Kitchen,East,Guwahati,Consumer,2,260.0,15,520.0,20.18,-40.74,UPI,Cancelled,38,3.7
2024-01-28,ORD01350,CUST1313,Jacket,Fashion,South,Bengaluru,Corporate,2,156.09,10,312.19,12.39,14.03,Debit Card,Completed,46,3.1
2024-01-28,ORD02589,CUST3140,Lipstick,Beauty,West,Ahmedabad,Corporate,2,97.9,10,195.79,21.08,-4.75,UPI,Completed,51,3.7
2024-01-28,ORD03727,CUST1812,Headphones,Electronics,South,Chennai,Small Business,2,197.34,5,394.69,12.16,38.76,Debit Card,Completed,52,4.5
2024-01-28,ORD03779,CUST2460,Notebook,Office Supplies,North,Jaipur,Consumer,2,46.51,5,93.01,31.23,-25.65,UPI,Completed,31,3.4
2024-01-28,ORD03308,CUST1851,Sneakers,Fashion,South,Hyderabad,Consumer,5,76.26,10,381.32,30.15,-37.36,Cash on Delivery,Completed,35,3.5
2024-01-28,ORD04173,CUST1544,Backpack,Fashion,West,Ahmedabad,Consumer,3,183.03,0,549.08,26.07,111.29,PayPal,Completed,40,4.6
2024-01-28,ORD02828,CUST1212,Shampoo,Beauty,West,Mumbai,Corporate,4,116.65,15,466.6,11.96,34.68,PayPal,Completed,41,3.9
2024-01-28,ORD02465,CUST1813,Running Shoes,Sports,Central,Bhopal,Consumer,5,213.24,20,1066.19,47.41,-57.36,Debit Card,Completed,32,5.0
2024-01-28,ORD04497,CUST3036,Printer,Office Supplies,South,Bengaluru,Corporate,2,270.67,15,541.34,16.87,-33.02,Debit Card,Completed,44,3.4
2024-01-28,ORD02288,CUST2861,Sneakers,Fashion,Central,Lucknow,Consumer,2,179.02,15,358.05,32.01,-33.85,Cash on Delivery,Completed,60,3.5
2024-01-28,ORD00505,CUST2934,Fitness Band,Sports,East,Bhubaneswar,Small Business,5,131.27,10,656.34,36.22,22.09,Credit Card,Completed,47,4.4
2024-01-28,ORD00511,CUST2877,Backpack,Fashion,South,Chennai,Corporate,2,122.11,10,244.21,37.42,3.86,UPI,Completed,22,2.7
2024-01-29,ORD02242,CUST1738,Jeans,Fashion,North,Chandigarh,Consumer,5,99.22,5,496.12,40.28,-10.98,Cash on Delivery,Completed,54,3.9
2024-01-29,ORD02491,CUST2071,Smartwatch,Electronics,Central,Indore,Corporate,3,205.11,10,615.33,13.18,-2.37,Credit Card,Completed,18,4.8
2024-01-29,ORD04619,CUST2045,Cookware Set,Home & Kitchen,North,Delhi,Corporate,5,314.05,15,1570.25,44.93,15.89,Debit Card,Completed,47,3.4
2024-01-29,ORD01470,CUST2834,Blender,Home & Kitchen,North,Delhi,Consumer,2,281.75,10,563.49,29.64,71.27,UPI,Completed,34,4.5
2024-01-29,ORD00773,CUST2534,Notebook,Office Supplies,Central,Lucknow,Consumer,3,242.26,10,726.79,25.6,42.72,PayPal,Completed,25,4.4
2024-01-29,ORD00085,CUST2120,Office Chair,Office Supplies,West,Pune,Small Business,3,430.35,15,1291.04,24.35,-1.73,Debit Card,Completed,45,5.0
2024-01-29,ORD04643,CUST2704,T-Shirt,Fashion,South,Chennai,Consumer,5,231.96,0,1159.82,12.91,90.96,Credit Card,Completed,43,5.0
2024-01-29,ORD03528,CUST2052,Yoga Mat,Sports,East,Kolkata,Consumer,5,267.87,15,1339.33,34.26,38.92,PayPal,Completed,41,3.2
2024-01-29,ORD03309,CUST2467,Keyboard,Office Supplies,South,Chennai,Corporate,5,184.85,5,924.25,28.23,36.82,Debit Card,Completed,44,4.8
2024-01-29,ORD02639,CUST1111,Desk Lamp,Office Supplies,East,Kolkata,Consumer,2,374.03,10,748.05,22.01,-19.46,UPI,Cancelled,46,4.5
2024-01-29,ORD00200,CUST2135,Blender,Home & Kitchen,Central,Indore,Consumer,3,441.86,5,1325.59,26.96,193.67,UPI,Completed,61,3.8
2024-01-29,ORD03540,CUST1421,Vacuum Cleaner,Home & Kitchen,Central,Indore,Consumer,2,148.65,5,297.3,21.42,27.28,UPI,Completed,37,4.3
2024-01-30,ORD04071,CUST1333,Headphones,Electronics,North,Chandigarh,Corporate,1,1309.52,10,1309.52,12.99,126.17,Credit Card,Completed,34,5.0
2024-01-30,ORD02775,CUST1627,Smartwatch,Electronics,West,Mumbai,Consumer,2,1054.88,15,2109.77,36.47,58.08,Debit Card,Completed,29,5.0
2024-01-30,ORD00535,CUST3175,Printer,Office Supplies,West,Pune,Consumer,3,405.99,10,1217.98,46.76,158.35,UPI,Completed,61,3.7
2024-01-30,ORD01938,CUST2121,Jeans,Fashion,North,Delhi,Consumer,1,243.87,10,243.87,21.05,-0.11,PayPal,Completed,57,2.9
2024-01-30,ORD04626,CUST1375,Yoga Mat,Sports,West,Pune,Small Business,2,115.66,5,231.32,10.99,9.2,Debit Card,Returned,41,4.6
2024-01-30,ORD03863,CUST1820,T-Shirt,Fashion,West,Mumbai,Consumer,4,106.86,15,427.44,25.87,-46.92,Credit Card,Cancelled,29,4.1
2024-01-30,ORD02618,CUST2865,Lipstick,Beauty,East,Kolkata,Consumer,5,50.51,10,252.54,41.77,-40.14,UPI,Completed,31,5.0
2024-01-30,ORD00114,CUST2889,Backpack,Fashion,South,Hyderabad,Consumer,5,98.93,10,494.64,35.22,-17.87,UPI,Completed,40,5.0
2024-01-30,ORD01191,CUST1981,Cookware Set,Home & Kitchen,Central,Indore,Consumer,5,48.74,0,243.7,46.73,-4.37,Credit Card,Completed,59,3.0
2024-01-30,ORD01491,CUST2266,Tablet,Electronics,South,Hyderabad,Consumer,1,1048.16,10,1048.16,15.86,123.13,Debit Card,Completed,26,3.2
2024-01-31,ORD03546,CUST2490,T-Shirt,Fashion,North,Jaipur,Consumer,4,205.14,0,820.55,29.62,187.24,Credit Card,Completed,51,5.0
2024-01-31,ORD04057,CUST1822,Vacuum Cleaner,Home & Kitchen,East,Guwahati,Consumer,5,155.98,15,779.91,25.99,35.02,Debit Card,Completed,64,2.8
2024-01-31,ORD00475,CUST1883,Smartwatch,Electronics,North,Chandigarh,Consumer,1,655.52,20,655.52,13.81,-43.97,Debit Card,Completed,31,4.6
2024-01-31,ORD02581,CUST2998,Vacuum Cleaner,Home & Kitchen,East,Kolkata,Small Business,2,486.02,10,972.04,27.47,57.21,Debit Card,Completed,22,4.3
2024-01-31,ORD04024,CUST2256,Keyboard,Office Supplies,South,Hyderabad,Corporate,2,330.73,15,661.45,27.13,-71.95,UPI,Completed,29,4.2
2024-01-31,ORD01807,CUST1107,Running Shoes,Sports,Central,Lucknow,Consumer,5,93.82,15,469.1,26.69,-12.95,UPI,Completed,59,4.3
2024-02-01,ORD00769,CUST2631,Laptop,Electronics,South,Chennai,Corporate,1,898.64,15,898.64,24.06,60.4,Credit Card,Completed,55,3.6
2024-02-01,ORD02725,CUST1294,Running Shoes,Sports,Central,Lucknow,Small Business,2,247.96,0,495.92,20.66,24.91,PayPal,Completed,39,3.7
2024-02-01,ORD02258,CUST1678,Notebook,Office Supplies,West,Pune,Consumer,3,18.44,5,55.31,34.42,-24.59,Cash on Delivery,Completed,24,3.2
2024-02-01,ORD00715,CUST1333,Tablet,Electronics,North,Delhi,Consumer,2,998.38,5,1996.76,36.97,53.02,UPI,Returned,47,4.1
2024-02-02,ORD00782,CUST1554,Lipstick,Beauty,West,Ahmedabad,Corporate,1,42.79,15,42.79,15.01,-17.17,Debit Card,Completed,37,4.4
2024-02-02,ORD04256,CUST2299,Blender,Home & Kitchen,North,Delhi,Small Business,2,47.68,10,95.37,20.24,-8.37,Debit Card,Returned,19,4.7
2024-02-02,ORD03351,CUST2211,Notebook,Office Supplies,South,Chennai,Small Business,2,146.09,0,292.18,20.75,13.3,PayPal,Completed,63,4.3
2024-02-02,ORD04399,CUST2558,Smartphone,Electronics,South,Bengaluru,Consumer,1,557.18,15,557.18,20.8,15.66,Credit Card,Completed,61,5.0
2024-02-02,ORD02985,CUST2150,Backpack,Fashion,Central,Lucknow,Corporate,3,134.43,20,403.29,37.55,-58.23,Cash on Delivery,Completed,52,4.2
2024-02-03,ORD03059,CUST1061,Notebook,Office Supplies,West,Ahmedabad,Consumer,2,23.22,15,46.43,37.77,-35.89,Credit Card,Completed,46,4.7
2024-02-03,ORD01082,CUST1322,Blender,Home & Kitchen,North,Delhi,Consumer,2,208.6,0,417.19,29.88,67.46,Cash on Delivery,Completed,63,4.4
2024-02-03,ORD04548,CUST2035,Face Serum,Beauty,North,Delhi,Corporate,2,165.87,20,331.75,24.94,-16.49,Debit Card,Completed,40,5.0
2024-02-03,ORD01826,CUST2347,Backpack,Fashion,East,Guwahati,Small Business,2,247.51,15,495.02,28.29,1.31,Debit Card,Returned,18,4.8
2024-02-03,ORD04123,CUST3226,Sneakers,Fashion,West,Mumbai,Corporate,3,77.42,5,232.25,40.66,10.61,Credit Card,Completed,58,3.6
2024-02-03,ORD03525,CUST2745,Jacket,Fashion,Central,Lucknow,Small Business,5,80.22,5,401.09,47.54,9.22,Credit Card,Completed,43,4.4
2024-02-04,ORD03494,CUST1458,Yoga Mat,Sports,Central,Lucknow,Corporate,2,117.23,5,234.45,31.46,-10.53,Cash on Delivery,Completed,40,3.6
2024-02-04,ORD02228,CUST2901,Face Serum,Beauty,Central,Bhopal,Consumer,1,185.47,5,185.47,26.11,-14.16,UPI,Completed,23,3.1
2024-02-04,ORD00725,CUST1793,Printer,Office Supplies,South,Chennai,Consumer,1,365.3,0,365.3,24.42,21.31,Credit Card,Cancelled,29,5.0
2024-02-04,ORD04058,CUST1533,Jacket,Fashion,East,Guwahati,Corporate,3,113.52,0,340.56,21.26,62.74,UPI,Cancelled,43,4.3
2024-02-05,ORD00464,CUST2922,Backpack,Fashion,South,Bengaluru,Corporate,1,71.72,5,71.72,27.8,-17.61,Credit Card,Completed,61,4.5
2024-02-05,ORD00013,CUST1684,Coffee Maker,Home & Kitchen,Central,Bhopal,Consumer,1,102.85,5,102.85,23.89,-20.7,Debit Card,Completed,40,4.1
2024-02-05,ORD01410,CUST1796,Coffee Maker,Home & Kitchen,West,Ahmedabad,Corporate,2,365.87,0,731.75,8.0,98.96,UPI,Completed,46,3.5
2024-02-05,ORD03103,CUST2420,Fitness Band,Sports,North,Chandigarh,Consumer,1,203.48,5,203.48,25.79,8.75,Cash on Delivery,Completed,27,4.7
2024-02-05,ORD02355,CUST2184,Cookware Set,Home & Kitchen,East,Kolkata,Consumer,3,156.23,0,468.69,11.54,57.8,Debit Card,Completed,59,3.4
2024-02-05,ORD01036,CUST3428,Running Shoes,Sports,Central,Bhopal,Consumer,1,180.1,10,180.1,23.14,5.35,UPI,Returned,57,3.6
2024-02-05,ORD00850,CUST2235,Vacuum Cleaner,Home & Kitchen,North,Jaipur,Corporate,1,322.64,10,322.64,20.56,2.1,UPI,Completed,60,3.9
2024-02-05,ORD02001,CUST2511,Coffee Maker,Home & Kitchen,East,Guwahati,Consumer,2,168.04,10,336.08,9.0,-8.99,UPI,Completed,35,3.7
2024-02-05,ORD03894,CUST3430,Printer,Office Supplies,Central,Lucknow,Corporate,2,156.93,20,313.86,27.28,-11.54,Credit Card,Completed,53,4.2
2024-02-06,ORD00982,CUST2994,Smartphone,Electronics,East,Kolkata,Consumer,4,754.92,10,3019.7,14.6,-64.25,Debit Card,Completed,33,4.1
2024-02-06,ORD02403,CUST1466,Coffee Maker,Home & Kitchen,South,Chennai,Small Business,3,357.39,10,1072.18,42.95,38.48,Cash on Delivery,Completed,62,2.3
2024-02-06,ORD01785,CUST1546,Running Shoes,Sports,North,Jaipur,Small Business,1,250.95,15,250.95,13.94,18.5,Cash on Delivery,Completed,52,3.4
2024-02-06,ORD02440,CUST3344,Perfume,Beauty,Central,Bhopal,Small Business,3,150.96,15,452.87,32.85,-8.79,PayPal,Completed,39,4.7
2024-02-06,ORD04921,CUST2066,Tablet,Electronics,West,Ahmedabad,Consumer,5,799.71,5,3998.55,23.77,227.44,UPI,Completed,26,4.8
2024-02-06,ORD02707,CUST2202,Laptop,Electronics,North,Delhi,Consumer,1,699.68,20,699.68,28.22,-7.05,Credit Card,Completed,27,3.5
2024-02-06,ORD01508,CUST3447,Office Chair,Office Supplies,North,Jaipur,Small Business,3,438.42,10,1315.25,42.0,71.13,Debit Card,Completed,49,3.7
2024-02-06,ORD00294,CUST2817,Dumbbells,Sports,Central,Bhopal,Corporate,2,65.2,15,130.4,15.57,-21.38,Cash on Delivery,Completed,59,4.4
2024-02-06,ORD04169,CUST1586,Fitness Band,Sports,East,Kolkata,Consumer,5,64.16,15,320.79,34.13,-44.62,Credit Card,Returned,35,5.0
2024-02-07,ORD01148,CUST2568,Tablet,Electronics,West,Mumbai,Consumer,2,183.64,5,367.28,24.39,25.7,UPI,Completed,62,3.8
2024-02-07,ORD01417,CUST2017,Sneakers,Fashion,East,Kolkata,Corporate,5,135.81,5,679.06,30.73,85.06,Credit Card,Completed,63,3.8
2024-02-07,ORD00679,CUST2013,Cookware Set,Home & Kitchen,West,Ahmedabad,Consumer,2,139.48,5,278.97,30.23,-1.22,UPI,Completed,44,5.0
2024-02-07,ORD01681,CUST1903,T-Shirt,Fashion,South,Chennai,Consumer,3,75.65,10,226.94,36.32,0.61,Credit Card,Completed,51,5.0
2024-02-07,ORD03239,CUST2475,Sneakers,Fashion,East,Guwahati,Consumer,4,127.11,10,508.43,34.05,50.33,Debit Card,Completed,36,3.7
2024-02-07,ORD03607,CUST3174,Face Serum,Beauty,East,Bhubaneswar,Corporate,5,115.48,10,577.42,49.75,47.85,Credit Card,Completed,62,3.2
2024-02-07,ORD01230,CUST3158,Keyboard,Office Supplies,Central,Lucknow,Small Business,3,361.52,20,1084.57,22.54,-31.91,UPI,Completed,36,3.2
2024-02-08,ORD01727,CUST1435,Sneakers,Fashion,North,Jaipur,Small Business,5,62.61,15,313.06,35.93,-54.81,Credit Card,Completed,30,4.3
2024-02-08,ORD00050,CUST1813,Smartphone,Electronics,East,Kolkata,Corporate,1,1064.46,20,1064.46,4.75,-50.74,Debit Card,Completed,33,3.3
2024-02-08,ORD03676,CUST2536,Fitness Band,Sports,East,Kolkata,Corporate,1,62.07,0,62.07,20.27,-11.21,Cash on Delivery,Completed,53,4.8
2024-02-08,ORD01743,CUST1326,T-Shirt,Fashion,West,Mumbai,Consumer,1,208.39,0,208.39,9.1,42.17,UPI,Completed,47,5.0
2024-02-08,ORD00541,CUST3286,Blender,Home & Kitchen,Central,Bhopal,Consumer,5,417.69,5,2088.47,31.09,399.78,UPI,Completed,44,3.1
2024-02-08,ORD00243,CUST3007,Fitness Band,Sports,East,Kolkata,Consumer,4,45.51,10,182.04,20.67,-14.06,Credit Card,Completed,49,4.6
2024-02-09,ORD04286,CUST3362,Tablet,Electronics,South,Bengaluru,Consumer,4,715.56,10,2862.22,21.02,78.77,Debit Card,Completed,48,4.1
2024-02-09,ORD02083,CUST2235,Dumbbells,Sports,North,Chandigarh,Consumer,4,25.2,0,100.8,30.21,-21.58,UPI,Completed,61,4.8
2024-02-09,ORD03616,CUST1316,Sneakers,Fashion,East,Kolkata,Consumer,3,127.35,10,382.05,29.37,-15.95,Debit Card,Completed,33,3.7
2024-02-09,ORD04089,CUST2702,Sneakers,Fashion,South,Hyderabad,Small Business,3,200.88,0,602.65,24.42,36.37,Debit Card,Completed,41,4.4
2024-02-09,ORD01120,CUST2476,Tablet,Electronics,East,Bhubaneswar,Consumer,1,926.72,5,926.72,17.8,175.4,UPI,Cancelled,41,2.8
2024-02-09,ORD04483,CUST2275,Tablet,Electronics,West,Mumbai,Consumer,2,1347.09,10,2694.19,29.62,242.96,UPI,Completed,26,4.1
2024-02-09,ORD04773,CUST2489,Vacuum Cleaner,Home & Kitchen,West,Ahmedabad,Consumer,5,331.32,0,1656.59,22.94,276.19,UPI,Completed,26,4.7
2024-02-09,ORD00054,CUST2889,Blender,Home & Kitchen,West,Ahmedabad,Small Business,2,482.58,15,965.15,28.77,13.95,UPI,Completed,33,4.8
2024-02-10,ORD01487,CUST3010,Lipstick,Beauty,North,Jaipur,Corporate,4,19.9,10,79.59,34.03,-30.63,UPI,Completed,18,3.4
2024-02-10,ORD03068,CUST2753,Sports Bottle,Sports,Central,Lucknow,Consumer,3,180.89,10,542.66,20.94,67.53,Cash on Delivery,Completed,20,5.0
2024-02-10,ORD04003,CUST2045,Fitness Band,Sports,Central,Indore,Consumer,5,81.24,10,406.2,20.83,21.38,UPI,Cancelled,56,4.3
2024-02-10,ORD02165,CUST3430,Yoga Mat,Sports,West,Mumbai,Small Business,5,54.43,10,272.15,30.2,-18.34,Cash on Delivery,Completed,55,4.3
2024-02-10,ORD00795,CUST3278,Tablet,Electronics,West,Mumbai,Small Business,2,772.45,5,1544.89,16.85,306.3,UPI,Returned,63,5.0
2024-02-10,ORD04810,CUST1080,Office Chair,Office Supplies,Central,Bhopal,Consumer,3,362.77,15,1088.32,19.67,118.17,Credit Card,Completed,24,3.3
2024-02-10,ORD04523,CUST2059,Smartwatch,Electronics,East,Bhubaneswar,Consumer,5,254.19,5,1270.95,39.05,133.44,UPI,Cancelled,30,3.9
2024-02-10,ORD03537,CUST2799,Jeans,Fashion,South,Hyderabad,Consumer,5,196.91,5,984.55,28.01,10.95,UPI,Completed,25,4.2
2024-02-10,ORD01014,CUST2774,Air Fryer,Home & Kitchen,Central,Indore,Small Business,2,118.42,0,236.85,23.9,12.8,UPI,Completed,64,3.6
2024-02-10,ORD04265,CUST3323,Dumbbells,Sports,Central,Lucknow,Consumer,3,62.16,0,186.48,38.65,-18.16,UPI,Completed,24,3.9
2024-02-11,ORD04636,CUST3151,Tablet,Electronics,West,Pune,Consumer,5,604.43,10,3022.17,27.27,296.49,UPI,Returned,33,3.0
2024-02-11,ORD00480,CUST1028,Desk Lamp,Office Supplies,South,Chennai,Consumer,4,220.86,10,883.42,18.63,66.79,PayPal,Returned,54,4.0
2024-02-11,ORD03426,CUST2592,Cookware Set,Home & Kitchen,South,Hyderabad,Consumer,2,65.84,5,131.68,32.21,-20.49,Credit Card,Returned,40,3.7
2024-02-11,ORD00047,CUST1024,Cookware Set,Home & Kitchen,North,Chandigarh,Consumer,4,268.33,0,1073.31,38.23,195.41,Credit Card,Completed,47,4.8
2024-02-11,ORD02251,CUST1164,Air Fryer,Home & Kitchen,North,Delhi,Small Business,3,174.8,15,524.39,26.49,-53.09,Debit Card,Completed,27,5.0
2024-02-11,ORD01791,CUST1209,Sports Bottle,Sports,North,Jaipur,Consumer,5,42.78,0,213.88,26.32,-2.75,Debit Card,Completed,20,4.7
2024-02-11,ORD00388,CUST2116,Desk Lamp,Office Supplies,Central,Bhopal,Consumer,1,67.16,10,67.16,7.54,-5.09,Credit Card,Completed,53,4.6
2024-02-12,ORD04696,CUST1081,Vacuum Cleaner,Home & Kitchen,West,Ahmedabad,Small Business,4,261.47,15,1045.88,21.81,11.02,UPI,Completed,52,2.9
2024-02-12,ORD03929,CUST1129,Backpack,Fashion,North,Chandigarh,Consumer,1,156.69,15,156.69,19.71,-4.88,Cash on Delivery,Returned,38,3.2
2024-02-12,ORD00098,CUST2704,Blender,Home & Kitchen,Central,Indore,Corporate,4,92.48,10,369.94,25.58,30.66,UPI,Completed,23,4.5
2024-02-12,ORD00799,CUST2384,Shampoo,Beauty,Central,Indore,Consumer,4,197.77,10,791.07,36.23,-25.11,PayPal,Returned,63,4.1
2024-02-12,ORD04594,CUST3111,Blender,Home & Kitchen,Central,Lucknow,Small Business,4,108.24,0,432.95,39.74,16.0,Cash on Delivery,Completed,39,5.0
2024-02-12,ORD02766,CUST3461,Keyboard,Office Supplies,West,Ahmedabad,Corporate,4,191.84,20,767.38,18.56,28.27,PayPal,Completed,56,4.8
2024-02-12,ORD02442,CUST1979,Smartwatch,Electronics,Central,Lucknow,Consumer,5,601.1,15,3005.48,34.63,319.86,UPI,Completed,21,3.7
2024-02-12,ORD04379,CUST2793,Tablet,Electronics,North,Delhi,Consumer,3,1066.89,10,3200.68,32.2,325.1,UPI,Returned,49,4.5
2024-02-12,ORD01766,CUST3257,Smartwatch,Electronics,East,Kolkata,Consumer,2,327.25,10,654.5,36.74,46.6,Credit Card,Returned,35,4.2
2024-02-12,ORD04474,CUST1854,Tablet,Electronics,Central,Bhopal,Consumer,5,1122.45,0,5612.27,42.36,565.43,Credit Card,Cancelled,55,3.7
2024-02-13,ORD01092,CUST2003,Jeans,Fashion,East,Guwahati,Corporate,5,44.87,15,224.35,20.79,-9.15,UPI,Completed,18,3.2
2024-02-13,ORD01347,CUST1563,Face Serum,Beauty,West,Mumbai,Consumer,3,83.97,15,251.91,19.21,-35.75,UPI,Returned,30,3.2
2024-02-14,ORD03668,CUST1456,Smartphone,Electronics,North,Delhi,Consumer,5,356.75,0,1783.77,27.77,214.77,Credit Card,Completed,52,4.5
2024-02-14,ORD00154,CUST2424,Tablet,Electronics,West,Ahmedabad,Consumer,1,561.32,5,561.32,28.64,43.14,UPI,Completed,35,5.0
2024-02-14,ORD04533,CUST1764,Face Serum,Beauty,East,Bhubaneswar,Corporate,5,188.96,15,944.81,46.42,-10.29,Credit Card,Completed,48,5.0
2024-02-14,ORD01813,CUST1872,Laptop,Electronics,Central,Lucknow,Consumer,5,1332.68,10,6663.41,19.5,809.24,UPI,Returned,28,4.9
2024-02-14,ORD01926,CUST1136,Printer,Office Supplies,South,Hyderabad,Corporate,5,98.09,0,490.44,33.53,30.95,Debit Card,Completed,36,4.5
2024-02-14,ORD04395,CUST1024,Jeans,Fashion,South,Hyderabad,Corporate,4,125.07,10,500.3,31.45,28.78,Cash on Delivery,Completed,60,5.0
2024-02-14,ORD01266,CUST1557,Coffee Maker,Home & Kitchen,West,Mumbai,Consumer,5,215.49,10,1077.44,31.19,127.51,Debit Card,Completed,19,5.0
2024-02-14,ORD02076,CUST1835,Fitness Band,Sports,North,Chandigarh,Small Business,1,36.94,5,36.94,26.68,-25.51,Credit Card,Completed,40,3.8
2024-02-14,ORD02349,CUST3409,Jacket,Fashion,North,Jaipur,Corporate,4,157.03,15,628.14,11.31,-6.99,UPI,Completed,24,3.4
2024-02-14,ORD02115,CUST2294,Backpack,Fashion,South,Hyderabad,Small Business,5,22.07,15,110.33,47.47,-55.02,UPI,Completed,63,3.2
2024-02-15,ORD01678,CUST2639,Yoga Mat,Sports,West,Pune,Small Business,1,170.67,5,170.67,17.2,10.11,Credit Card,Completed,36,3.5
2024-02-15,ORD03631,CUST1071,Air Fryer,Home & Kitchen,South,Bengaluru,Corporate,4,399.48,10,1597.9,43.9,68.18,Cash on Delivery,Completed,55,3.7
2024-02-15,ORD00347,CUST1273,Shampoo,Beauty,North,Chandigarh,Consumer,1,65.17,15,65.17,38.54,-41.67,Debit Card,Completed,26,3.8
2024-02-15,ORD02928,CUST3165,Air Fryer,Home & Kitchen,North,Delhi,Consumer,3,214.27,20,642.81,17.32,-57.99,Credit Card,Completed,63,3.6
2024-02-15,ORD01805,CUST1666,Jacket,Fashion,South,Bengaluru,Corporate,2,144.53,5,289.07,11.22,12.6,UPI,Returned,20,4.2
2024-02-15,ORD04450,CUST1744,Sneakers,Fashion,South,Hyderabad,Consumer,2,242.59,10,485.18,12.89,9.8,Cash on Delivery,Completed,56,4.8
2024-02-15,ORD03490,CUST2740,Office Chair,Office Supplies,South,Chennai,Small Business,4,282.11,10,1128.44,21.46,113.43,Cash on Delivery,Completed,46,3.9
2024-02-15,ORD04778,CUST2112,Yoga Mat,Sports,East,Guwahati,Consumer,2,41.66,15,83.33,15.32,-10.03,Cash on Delivery,Completed,27,4.6
2024-02-16,ORD04498,CUST2388,Keyboard,Office Supplies,North,Jaipur,Consumer,4,142.8,10,571.2,23.45,-1.37,Cash on Delivery,Completed,38,3.5
2024-02-16,ORD02246,CUST2868,Sports Bottle,Sports,North,Jaipur,Corporate,4,316.81,20,1267.25,26.58,-137.88,PayPal,Returned,64,4.1
2024-02-16,ORD02925,CUST3403,Office Chair,Office Supplies,West,Pune,Small Business,4,243.09,15,972.37,42.18,2.99,PayPal,Completed,35,3.7
2024-02-16,ORD00621,CUST2047,Running Shoes,Sports,East,Kolkata,Consumer,4,234.82,15,939.29,24.76,-15.3,PayPal,Completed,45,4.4
2024-02-16,ORD03916,CUST2990,Shampoo,Beauty,North,Delhi,Consumer,5,194.58,10,972.88,26.18,-28.37,Debit Card,Returned,30,4.3
2024-02-16,ORD03696,CUST1172,Office Chair,Office Supplies,South,Bengaluru,Small Business,1,136.39,15,136.39,30.79,-37.49,Debit Card,Completed,37,4.7
2024-02-16,ORD04311,CUST1758,Tablet,Electronics,Central,Indore,Small Business,2,331.23,15,662.46,12.21,-49.41,PayPal,Completed,55,4.4
2024-02-17,ORD02535,CUST1090,Shampoo,Beauty,North,Delhi,Consumer,4,118.22,10,472.86,29.99,-2.35,PayPal,Completed,24,5.0
2024-02-17,ORD04453,CUST3038,Yoga Mat,Sports,South,Chennai,Corporate,2,221.05,0,442.09,19.74,57.18,UPI,Completed,62,5.0
2024-02-17,ORD03888,CUST1055,Smartphone,Electronics,East,Guwahati,Consumer,2,244.49,15,488.97,27.54,-17.91,UPI,Completed,25,3.6
2024-02-17,ORD00707,CUST3031,Blender,Home & Kitchen,Central,Lucknow,Consumer,3,293.23,15,879.68,16.2,30.16,UPI,Completed,63,5.0
2024-02-17,ORD04200,CUST2484,Air Fryer,Home & Kitchen,Central,Lucknow,Consumer,4,303.61,5,1214.43,41.96,68.04,UPI,Completed,52,5.0
2024-02-17,ORD02354,CUST3300,Running Shoes,Sports,East,Guwahati,Small Business,5,151.61,0,758.06,42.83,165.29,Credit Card,Completed,44,5.0
2024-02-17,ORD02780,CUST3381,Face Serum,Beauty,East,Bhubaneswar,Small Business,5,147.44,0,737.22,46.51,31.13,Credit Card,Completed,39,4.0
2024-02-17,ORD03299,CUST3099,Sports Bottle,Sports,East,Kolkata,Corporate,3,154.25,10,462.76,23.14,29.89,Debit Card,Cancelled,42,3.0
2024-02-17,ORD03018,CUST3394,Moisturizer,Beauty,East,Guwahati,Small Business,3,202.26,10,606.77,34.98,70.43,Cash on Delivery,Completed,33,4.2
2024-02-18,ORD02652,CUST2944,Smartwatch,Electronics,South,Hyderabad,Corporate,3,255.56,0,766.69,38.38,39.84,Credit Card,Completed,49,2.9
2024-02-18,ORD04521,CUST1911,Backpack,Fashion,North,Chandigarh,Consumer,5,84.05,5,420.24,38.93,-9.14,Credit Card,Completed,50,5.0
2024-02-18,ORD04812,CUST3155,Backpack,Fashion,East,Bhubaneswar,Small Business,2,139.88,5,279.76,14.64,33.06,UPI,Completed,49,4.3
2024-02-18,ORD02197,CUST1443,Blender,Home & Kitchen,East,Kolkata,Consumer,4,459.35,20,1837.38,13.67,-192.48,UPI,Completed,29,3.9
2024-02-18,ORD00641,CUST1463,Sneakers,Fashion,Central,Lucknow,Corporate,5,76.97,20,384.87,45.47,-68.92,Debit Card,Cancelled,34,3.7
2024-02-18,ORD04538,CUST2550,Smartphone,Electronics,North,Jaipur,Consumer,3,1109.67,10,3329.02,38.94,400.8,Debit Card,Completed,25,3.5
2024-02-18,ORD03548,CUST2699,Face Serum,Beauty,East,Kolkata,Corporate,1,69.8,0,69.8,10.95,-4.68,Credit Card,Completed,54,3.8
2024-02-18,ORD00110,CUST2325,Smartphone,Electronics,North,Delhi,Consumer,5,724.79,10,3623.96,26.49,104.47,Credit Card,Completed,43,4.1
2024-02-18,ORD04633,CUST1189,Lipstick,Beauty,West,Mumbai,Consumer,1,51.49,10,51.49,10.33,-5.44,Credit Card,Completed,41,3.6
2024-02-19,ORD04982,CUST1588,Blender,Home & Kitchen,Central,Bhopal,Consumer,1,400.57,10,400.57,8.91,40.37,Credit Card,Completed,22,3.8
2024-02-19,ORD01400,CUST2914,Fitness Band,Sports,West,Ahmedabad,Corporate,4,79.25,0,317.02,42.89,3.25,Credit Card,Completed,48,3.9
2024-02-19,ORD02539,CUST2819,Coffee Maker,Home & Kitchen,North,Jaipur,Consumer,4,236.89,10,947.58,42.25,34.71,Credit Card,Completed,60,2.9
2024-02-19,ORD02752,CUST1815,Fitness Band,Sports,West,Mumbai,Corporate,1,238.76,5,238.76,32.43,-17.01,Debit Card,Returned,24,5.0
2024-02-19,ORD04720,CUST2532,Running Shoes,Sports,East,Kolkata,Consumer,3,325.26,15,975.78,26.81,-76.05,UPI,Completed,23,4.7
2024-02-19,ORD02234,CUST2629,Notebook,Office Supplies,South,Bengaluru,Consumer,2,74.82,10,149.63,15.52,9.01,Credit Card,Completed,19,3.6
2024-02-19,ORD00215,CUST2455,Blender,Home & Kitchen,West,Ahmedabad,Consumer,5,304.77,5,1523.86,32.26,121.6,UPI,Completed,48,4.0
2024-02-19,ORD03387,CUST2711,Backpack,Fashion,North,Jaipur,Small Business,5,85.21,15,426.06,29.19,-10.46,UPI,Completed,51,3.5
2024-02-20,ORD00614,CUST3494,Shampoo,Beauty,North,Jaipur,Consumer,2,113.68,0,227.36,17.35,37.17,UPI,Completed,62,5.0
2024-02-20,ORD04153,CUST1577,Running Shoes,Sports,West,Mumbai,Consumer,4,261.14,10,1044.55,47.5,-17.26,Credit Card,Completed,48,4.0
2024-02-20,ORD01081,CUST3222,Smartphone,Electronics,East,Kolkata,Corporate,4,575.93,10,2303.73,28.04,-61.85,UPI,Completed,22,3.7
2024-02-20,ORD02611,CUST2599,Notebook,Office Supplies,West,Ahmedabad,Consumer,2,151.72,10,303.45,20.64,22.96,UPI,Completed,56,4.0
2024-02-20,ORD00284,CUST2209,Jeans,Fashion,West,Pune,Consumer,3,42.8,5,128.41,16.14,11.51,Debit Card,Completed,23,3.9
2024-02-20,ORD03324,CUST1711,Keyboard,Office Supplies,Central,Bhopal,Small Business,3,308.97,20,926.92,25.19,-22.89,Credit Card,Cancelled,53,4.5
2024-02-20,ORD00956,CUST2428,Sneakers,Fashion,East,Kolkata,Small Business,2,98.1,5,196.2,39.96,-4.28,Credit Card,Completed,29,3.8
2024-02-20,ORD03073,CUST1343,Smartphone,Electronics,West,Pune,Consumer,5,149.83,10,749.13,33.26,56.76,Credit Card,Completed,59,4.4
2024-02-20,ORD00536,CUST2486,Running Shoes,Sports,South,Chennai,Small Business,5,106.96,15,534.82,38.96,-19.28,UPI,Cancelled,27,4.3
2024-02-21,ORD01570,CUST3172,Air Fryer,Home & Kitchen,South,Chennai,Consumer,4,285.94,10,1143.75,45.65,22.56,Debit Card,Completed,27,3.7
2024-02-21,ORD03601,CUST1384,Backpack,Fashion,North,Delhi,Consumer,3,179.97,10,539.92,33.39,53.54,Credit Card,Completed,29,3.9
2024-02-21,ORD02423,CUST2997,Notebook,Office Supplies,North,Delhi,Small Business,1,179.06,10,179.06,30.35,-12.67,UPI,Completed,51,4.4
2024-02-21,ORD03606,CUST1235,Sneakers,Fashion,North,Delhi,Consumer,4,176.72,0,706.88,33.44,46.35,PayPal,Returned,59,3.3
2024-02-21,ORD01945,CUST3473,Laptop,Electronics,West,Mumbai,Corporate,3,348.1,15,1044.3,6.73,-77.66,Cash on Delivery,Cancelled,39,3.2
2024-02-21,ORD04834,CUST1885,Backpack,Fashion,North,Chandigarh,Consumer,3,215.04,10,645.11,31.31,-44.12,PayPal,Completed,48,4.1
2024-02-21,ORD00807,CUST1643,Smartphone,Electronics,East,Bhubaneswar,Corporate,4,788.0,10,3151.99,18.93,-62.22,Credit Card,Completed,55,3.5
2024-02-21,ORD01747,CUST3021,Office Chair,Office Supplies,South,Chennai,Consumer,5,52.87,10,264.37,26.33,17.07,Credit Card,Completed,62,4.0
2024-02-21,ORD00744,CUST2003,Laptop,Electronics,North,Jaipur,Consumer,2,906.0,5,1812.01,30.98,92.48,PayPal,Completed,62,4.0
2024-02-21,ORD01609,CUST3155,Tablet,Electronics,West,Mumbai,Consumer,1,797.95,5,797.95,29.85,-0.07,PayPal,Completed,23,4.0
2024-02-21,ORD00508,CUST2068,Coffee Maker,Home & Kitchen,Central,Bhopal,Consumer,2,456.74,15,913.48,26.04,-3.7,Credit Card,Returned,64,3.3
2024-02-21,ORD02447,CUST1051,Jacket,Fashion,West,Ahmedabad,Corporate,4,221.78,10,887.14,24.35,6.18,Credit Card,Completed,21,4.1
2024-02-21,ORD00560,CUST2744,Fitness Band,Sports,West,Ahmedabad,Consumer,1,349.55,15,349.55,30.44,-14.76,Credit Card,Returned,44,4.0
2024-02-22,ORD01364,CUST2867,Smartwatch,Electronics,North,Delhi,Consumer,4,186.97,5,747.89,46.22,-15.65,UPI,Completed,21,2.0
2024-02-22,ORD01549,CUST3184,Sneakers,Fashion,North,Jaipur,Consumer,3,93.33,15,280.0,18.31,-24.9,Credit Card,Completed,28,3.5
2024-02-22,ORD00435,CUST1703,Jacket,Fashion,Central,Indore,Consumer,2,45.67,5,91.33,40.82,-32.68,UPI,Completed,19,4.2
2024-02-22,ORD04194,CUST1304,Jeans,Fashion,Central,Bhopal,Consumer,1,184.11,0,184.11,22.11,8.55,Credit Card,Completed,19,4.3
2024-02-22,ORD04712,CUST2528,Laptop,Electronics,West,Mumbai,Consumer,5,1195.68,0,5978.41,44.88,823.47,UPI,Completed,28,4.0
2024-02-22,ORD00973,CUST3309,T-Shirt,Fashion,South,Bengaluru,Corporate,2,186.56,0,373.11,12.66,79.07,Cash on Delivery,Returned,54,4.2
2024-02-22,ORD01500,CUST2070,Headphones,Electronics,Central,Indore,Small Business,1,775.62,10,775.62,31.65,-6.44,Debit Card,Completed,62,5.0
2024-02-22,ORD03556,CUST1678,Vacuum Cleaner,Home & Kitchen,West,Ahmedabad,Consumer,5,321.18,5,1605.91,29.1,272.4,UPI,Completed,57,3.2
2024-02-22,ORD03510,CUST2638,Coffee Maker,Home & Kitchen,South,Bengaluru,Consumer,3,434.65,10,1303.95,19.18,186.81,UPI,Cancelled,34,4.0
2024-02-22,ORD01659,CUST2620,Fitness Band,Sports,West,Pune,Corporate,2,27.21,10,54.42,23.71,-14.75,UPI,Completed,47,2.5
2024-02-22,ORD04353,CUST2890,Smartwatch,Electronics,Central,Indore,Consumer,4,759.36,10,3037.45,33.72,61.67,Credit Card,Completed,64,3.9
2024-02-23,ORD00052,CUST1726,Office Chair,Office Supplies,North,Delhi,Consumer,4,179.0,0,716.0,50.85,121.1,UPI,Completed,59,4.2
2024-02-23,ORD00929,CUST2603,Backpack,Fashion,North,Jaipur,Consumer,4,227.94,10,911.78,37.04,34.77,Cash on Delivery,Cancelled,32,3.7
2024-02-23,ORD04933,CUST2508,Keyboard,Office Supplies,East,Bhubaneswar,Small Business,2,56.71,20,113.41,22.67,-30.25,UPI,Completed,41,3.6
2024-02-23,ORD00727,CUST2300,Jeans,Fashion,East,Guwahati,Consumer,1,67.64,15,67.64,36.37,-32.3,Debit Card,Returned,51,3.2
2024-02-23,ORD02399,CUST3378,Perfume,Beauty,South,Bengaluru,Consumer,3,125.44,10,376.33,34.24,-19.91,Cash on Delivery,Completed,48,4.1
2024-02-23,ORD00880,CUST1015,Smartphone,Electronics,West,Pune,Corporate,5,134.75,5,673.73,38.35,49.13,Debit Card,Completed,59,3.8
2024-02-23,ORD03547,CUST1517,Shampoo,Beauty,Central,Lucknow,Corporate,4,156.61,0,626.44,44.94,104.56,Credit Card,Completed,36,4.2
2024-02-24,ORD00681,CUST2331,Coffee Maker,Home & Kitchen,South,Hyderabad,Small Business,5,415.1,0,2075.49,41.24,141.33,Debit Card,Completed,56,2.9
2024-02-24,ORD03745,CUST1540,Blender,Home & Kitchen,North,Delhi,Consumer,4,390.95,10,1563.82,35.52,98.61,UPI,Completed,48,4.0
2024-02-24,ORD01923,CUST2935,Dumbbells,Sports,East,Kolkata,Consumer,2,337.18,10,674.36,19.94,91.07,Debit Card,Cancelled,63,3.9
2024-02-24,ORD04708,CUST2786,Dumbbells,Sports,North,Jaipur,Consumer,1,60.94,5,60.94,19.93,-12.55,PayPal,Completed,47,5.0
2024-02-24,ORD00714,CUST2750,Printer,Office Supplies,South,Bengaluru,Consumer,1,137.48,5,137.48,36.52,-23.7,Debit Card,Completed,50,2.9
2024-02-24,ORD03885,CUST2782,Shampoo,Beauty,West,Mumbai,Corporate,4,91.84,5,367.35,34.53,-4.18,Debit Card,Completed,64,5.0
2024-02-25,ORD02188,CUST1150,Sports Bottle,Sports,East,Bhubaneswar,Corporate,5,193.66,0,968.3,39.0,220.72,UPI,Completed,44,4.1
2024-02-25,ORD03472,CUST1486,Vacuum Cleaner,Home & Kitchen,East,Guwahati,Small Business,2,300.98,15,601.96,27.05,3.07,Credit Card,Completed,25,5.0
2024-02-25,ORD03447,CUST1487,Tablet,Electronics,Central,Lucknow,Small Business,1,791.87,10,791.87,31.98,87.35,Debit Card,Completed,44,3.8
2024-02-25,ORD04948,CUST2349,Jacket,Fashion,Central,Lucknow,Consumer,2,100.48,15,200.96,26.67,-25.04,Debit Card,Completed,23,5.0
2024-02-25,ORD03850,CUST1344,Yoga Mat,Sports,East,Bhubaneswar,Corporate,5,228.23,15,1141.13,20.98,-34.2,UPI,Completed,62,2.6
2024-02-25,ORD00476,CUST1790,Keyboard,Office Supplies,West,Mumbai,Consumer,4,419.17,5,1676.7,52.4,209.34,PayPal,Completed,51,4.5
2024-02-25,ORD01462,CUST2126,Backpack,Fashion,West,Mumbai,Consumer,3,131.95,15,395.84,43.71,-5.99,Credit Card,Returned,40,4.0
2024-02-25,ORD02110,CUST3455,Backpack,Fashion,North,Delhi,Corporate,4,162.85,0,651.38,18.0,93.5,Credit Card,Completed,58,3.7
2024-02-25,ORD00262,CUST1472,Blender,Home & Kitchen,East,Kolkata,Small Business,2,274.2,10,548.4,20.44,7.93,PayPal,Completed,34,3.5
2024-02-26,ORD02720,CUST3234,Face Serum,Beauty,Central,Indore,Consumer,1,206.89,10,206.89,31.62,-10.24,Cash on Delivery,Completed,31,3.8
2024-02-26,ORD00917,CUST3327,Face Serum,Beauty,West,Mumbai,Small Business,2,41.46,10,82.92,23.7,-12.06,Credit Card,Completed,31,4.7
2024-02-26,ORD01310,CUST2752,Air Fryer,Home & Kitchen,North,Jaipur,Consumer,2,393.95,10,787.91,9.57,108.1,Cash on Delivery,Completed,31,4.2
2024-02-26,ORD04499,CUST1645,Laptop,Electronics,North,Chandigarh,Consumer,3,828.09,20,2484.26,23.75,-281.93,Cash on Delivery,Completed,39,3.4
2024-02-26,ORD04938,CUST1933,Face Serum,Beauty,East,Guwahati,Consumer,5,137.47,0,687.37,33.08,35.07,Credit Card,Completed,26,3.9
2024-02-26,ORD03826,CUST3372,Smartwatch,Electronics,East,Bhubaneswar,Corporate,3,127.22,5,381.67,31.09,41.18,Debit Card,Completed,34,3.3
2024-02-26,ORD00121,CUST1018,Backpack,Fashion,Central,Lucknow,Corporate,2,186.22,5,372.45,32.97,-6.1,PayPal,Completed,24,3.9
2024-02-26,ORD04018,CUST3312,Air Fryer,Home & Kitchen,East,Kolkata,Small Business,3,488.11,10,1464.34,28.31,228.98,Debit Card,Completed,23,4.6
2024-02-27,ORD03391,CUST2388,Sneakers,Fashion,North,Delhi,Consumer,5,248.14,0,1240.69,31.46,187.64,PayPal,Returned,61,3.9
2024-02-27,ORD03619,CUST1914,Coffee Maker,Home & Kitchen,South,Hyderabad,Consumer,2,295.41,0,590.83,35.43,106.78,UPI,Completed,59,5.0
2024-02-27,ORD02647,CUST2049,Lipstick,Beauty,West,Pune,Consumer,3,179.12,15,537.35,19.94,17.32,PayPal,Completed,46,3.7
2024-02-27,ORD04527,CUST2525,Vacuum Cleaner,Home & Kitchen,South,Bengaluru,Corporate,1,426.68,0,426.68,26.65,48.04,Credit Card,Completed,31,3.9
2024-02-27,ORD01617,CUST2474,Air Fryer,Home & Kitchen,North,Delhi,Corporate,2,351.96,0,703.91,30.45,70.59,Debit Card,Completed,34,3.7
2024-02-27,ORD04363,CUST1294,Office Chair,Office Supplies,North,Jaipur,Small Business,5,122.62,10,613.12,39.0,44.17,PayPal,Completed,44,3.8
2024-02-27,ORD00015,CUST1633,Fitness Band,Sports,Central,Bhopal,Consumer,2,50.5,20,101.0,37.32,-41.18,Credit Card,Completed,42,3.0
2024-02-27,ORD02723,CUST1483,Running Shoes,Sports,North,Delhi,Corporate,2,162.6,15,325.19,29.16,6.46,UPI,Completed,24,3.5
2024-02-28,ORD02002,CUST1616,Running Shoes,Sports,Central,Bhopal,Corporate,4,91.39,20,365.55,32.65,-64.61,Debit Card,Completed,34,4.5
2024-02-28,ORD00504,CUST1445,Laptop,Electronics,Central,Bhopal,Consumer,5,531.96,0,2659.82,36.72,334.61,Credit Card,Completed,64,3.4
2024-02-28,ORD02163,CUST2429,Headphones,Electronics,South,Hyderabad,Consumer,1,1300.46,15,1300.46,32.48,99.68,Credit Card,Completed,60,3.7
2024-02-29,ORD03730,CUST2870,Dumbbells,Sports,South,Hyderabad,Consumer,2,271.25,15,542.51,26.75,9.16,UPI,Completed,24,4.9
2024-02-29,ORD04457,CUST1354,Face Serum,Beauty,East,Guwahati,Corporate,1,172.92,0,172.92,33.96,-9.17,PayPal,Completed,34,4.6
2024-02-29,ORD03258,CUST1595,Backpack,Fashion,East,Guwahati,Small Business,1,61.33,5,61.33,9.55,4.29,UPI,Completed,50,4.7
2024-02-29,ORD01146,CUST2532,Tablet,Electronics,East,Bhubaneswar,Consumer,4,727.1,0,2908.4,41.82,325.98,UPI,Completed,50,4.2
2024-02-29,ORD04197,CUST2581,Jeans,Fashion,South,Bengaluru,Small Business,4,157.45,5,629.8,43.33,66.55,PayPal,Completed,50,4.2
2024-02-29,ORD01535,CUST1498,Dumbbells,Sports,East,Kolkata,Small Business,1,88.09,15,88.09,36.59,-25.65,UPI,Completed,35,2.5
2024-02-29,ORD04210,CUST2634,Coffee Maker,Home & Kitchen,South,Chennai,Consumer,1,282.43,5,282.43,8.02,35.11,UPI,Completed,27,4.1
2024-02-29,ORD00702,CUST1332,Blender,Home & Kitchen,East,Guwahati,Consumer,2,351.51,5,703.01,33.83,112.29,UPI,Completed,57,3.8
2024-02-29,ORD04956,CUST2770,Perfume,Beauty,Central,Indore,Consumer,1,28.96,0,28.96,10.88,-2.9,UPI,Completed,29,4.5
2024-02-29,ORD02791,CUST3296,Laptop,Electronics,Central,Indore,Corporate,2,507.2,15,1014.41,31.01,-15.29,UPI,Completed,19,5.0
2024-02-29,ORD03203,CUST1431,Keyboard,Office Supplies,West,Pune,Consumer,3,398.01,15,1194.03,33.23,97.01,PayPal,Completed,49,3.2
2024-02-29,ORD03954,CUST3042,Printer,Office Supplies,Central,Lucknow,Small Business,1,37.84,15,37.84,19.8,-20.19,Credit Card,Completed,63,4.6
2024-02-29,ORD02231,CUST3152,Headphones,Electronics,West,Pune,Corporate,1,772.48,20,772.48,20.82,-61.02,UPI,Completed,46,3.4
2024-03-01,ORD02180,CUST3247,Moisturizer,Beauty,North,Chandigarh,Consumer,1,199.15,20,199.15,25.36,-13.05,Credit Card,Returned,38,2.7
2024-03-01,ORD00678,CUST1293,Fitness Band,Sports,South,Chennai,Consumer,2,85.75,5,171.49,18.16,-10.85,Credit Card,Completed,64,3.1
2024-03-01,ORD04725,CUST3075,Dumbbells,Sports,East,Bhubaneswar,Consumer,3,191.27,20,573.8,30.48,-0.51,Debit Card,Completed,54,4.7
2024-03-01,ORD02568,CUST3431,Air Fryer,Home & Kitchen,West,Mumbai,Small Business,4,230.74,10,922.98,29.81,32.3,Debit Card,Completed,24,2.8
2024-03-01,ORD01540,CUST2126,Notebook,Office Supplies,West,Mumbai,Consumer,5,362.94,20,1814.71,29.15,-236.73,UPI,Completed,38,3.3
2024-03-01,ORD02822,CUST2502,Air Fryer,Home & Kitchen,West,Pune,Corporate,4,85.3,0,341.21,47.96,12.96,Cash on Delivery,Completed,34,3.3
2024-03-01,ORD04534,CUST3337,Sneakers,Fashion,Central,Lucknow,Small Business,2,203.82,15,407.64,17.68,-16.68,UPI,Completed,31,4.8
2024-03-02,ORD02319,CUST1962,Dumbbells,Sports,West,Pune,Small Business,3,344.97,5,1034.9,28.8,24.82,PayPal,Cancelled,58,2.5
2024-03-02,ORD02318,CUST1083,Headphones,Electronics,West,Mumbai,Corporate,4,622.91,15,2491.65,36.34,219.26,UPI,Completed,45,5.0
2024-03-02,ORD04080,CUST2059,Vacuum Cleaner,Home & Kitchen,West,Mumbai,Corporate,4,84.98,10,339.92,45.44,-49.92,PayPal,Returned,21,4.0
2024-03-02,ORD02006,CUST2120,Perfume,Beauty,West,Pune,Small Business,1,119.18,10,119.18,9.58,11.48,Cash on Delivery,Completed,39,4.3
2024-03-02,ORD02875,CUST3080,Office Chair,Office Supplies,West,Mumbai,Corporate,2,235.42,0,470.84,20.47,53.56,Credit Card,Completed,54,4.6
2024-03-02,ORD00990,CUST1173,Sports Bottle,Sports,Central,Bhopal,Consumer,4,323.95,0,1295.8,30.89,94.72,Cash on Delivery,Completed,55,3.3
2024-03-02,ORD02802,CUST3215,Tablet,Electronics,North,Chandigarh,Consumer,4,180.95,10,723.82,27.47,17.69,Debit Card,Returned,44,4.7
2024-03-02,ORD03467,CUST1976,Headphones,Electronics,Central,Indore,Small Business,1,301.16,5,301.16,10.4,-0.32,UPI,Completed,51,4.4
2024-03-02,ORD01967,CUST1623,Backpack,Fashion,West,Ahmedabad,Corporate,4,76.89,15,307.58,23.57,-21.05,Credit Card,Completed,45,4.8
2024-03-02,ORD01924,CUST1857,Blender,Home & Kitchen,Central,Lucknow,Corporate,2,359.83,0,719.67,16.05,184.44,PayPal,Completed,53,4.8
2024-03-03,ORD04931,CUST3464,Air Fryer,Home & Kitchen,Central,Lucknow,Small Business,1,314.48,5,314.48,13.9,2.47,Credit Card,Completed,53,5.0
2024-03-03,ORD04966,CUST1597,Headphones,Electronics,West,Pune,Consumer,1,420.69,10,420.69,30.59,23.13,UPI,Returned,44,4.9
2024-03-03,ORD03890,CUST2282,Notebook,Office Supplies,South,Hyderabad,Small Business,5,23.39,5,116.95,39.28,-25.45,Debit Card,Completed,55,3.8
2024-03-03,ORD04150,CUST2183,Jacket,Fashion,West,Mumbai,Consumer,1,177.08,10,177.08,21.46,5.18,Cash on Delivery,Returned,52,4.3
2024-03-03,ORD04404,CUST1023,Jacket,Fashion,Central,Lucknow,Corporate,5,82.3,5,411.49,42.36,-18.46,PayPal,Completed,42,4.5
2024-03-03,ORD01888,CUST3179,Laptop,Electronics,East,Guwahati,Consumer,1,1290.17,15,1290.17,28.23,-88.73,UPI,Completed,47,4.3
2024-03-03,ORD04487,CUST2881,Laptop,Electronics,North,Chandigarh,Small Business,5,1192.81,0,5964.03,45.15,665.86,UPI,Completed,33,3.9
2024-03-03,ORD03039,CUST2097,Keyboard,Office Supplies,West,Pune,Consumer,5,112.87,10,564.34,36.13,33.88,Credit Card,Completed,19,4.6
2024-03-03,ORD04980,CUST2392,Notebook,Office Supplies,North,Delhi,Small Business,5,137.45,10,687.26,39.57,15.02,PayPal,Completed,26,4.1
2024-03-03,ORD04067,CUST1900,Tablet,Electronics,West,Mumbai,Consumer,4,1251.02,0,5004.07,14.13,611.64,Debit Card,Returned,39,3.0
2024-03-03,ORD01654,CUST2619,Desk Lamp,Office Supplies,East,Bhubaneswar,Consumer,3,193.71,5,581.13,15.43,117.38,Cash on Delivery,Cancelled,25,3.8
2024-03-03,ORD02112,CUST1954,Laptop,Electronics,North,Delhi,Consumer,4,281.82,20,1127.26,39.57,-19.49,Cash on Delivery,Completed,38,3.1
2024-03-03,ORD03156,CUST3317,Air Fryer,Home & Kitchen,West,Mumbai,Consumer,1,62.88,5,62.88,31.79,-23.83,PayPal,Completed,28,3.7
2024-03-03,ORD02224,CUST1108,Vacuum Cleaner,Home & Kitchen,South,Chennai,Corporate,4,366.51,10,1466.03,44.17,-15.11,Cash on Delivery,Returned,23,4.4
2024-03-03,ORD04740,CUST1112,Blender,Home & Kitchen,East,Guwahati,Corporate,1,213.61,20,213.61,21.91,-6.48,UPI,Returned,19,4.0
2024-03-04,ORD02029,CUST2263,Office Chair,Office Supplies,South,Hyderabad,Corporate,5,317.24,10,1586.18,38.73,217.69,Debit Card,Completed,38,5.0
2024-03-04,ORD04517,CUST2435,Jacket,Fashion,North,Delhi,Consumer,1,120.08,10,120.08,27.87,-11.98,Debit Card,Completed,45,4.3
2024-03-04,ORD03394,CUST2443,Cookware Set,Home & Kitchen,North,Chandigarh,Consumer,2,142.83,5,285.66,7.64,4.94,Debit Card,Completed,50,3.8
2024-03-04,ORD04402,CUST3071,T-Shirt,Fashion,Central,Bhopal,Corporate,3,53.32,15,159.96,34.0,-18.05,UPI,Completed,42,4.1
2024-03-04,ORD03305,CUST2308,Perfume,Beauty,South,Hyderabad,Consumer,2,112.87,5,225.74,12.25,-3.45,UPI,Completed,34,4.1
2024-03-04,ORD00378,CUST1040,Air Fryer,Home & Kitchen,Central,Indore,Corporate,2,46.68,10,93.35,38.88,-29.55,Cash on Delivery,Completed,39,2.7
2024-03-04,ORD03129,CUST1730,Laptop,Electronics,West,Pune,Consumer,5,1127.78,5,5638.92,19.02,453.05,Cash on Delivery,Completed,48,4.1
2024-03-05,ORD00413,CUST1386,Sneakers,Fashion,West,Ahmedabad,Consumer,5,53.36,0,266.79,39.01,1.91,UPI,Returned,27,4.0
2024-03-05,ORD04588,CUST2695,Jeans,Fashion,North,Chandigarh,Corporate,3,177.86,5,533.59,20.82,29.23,UPI,Cancelled,28,5.0
2024-03-05,ORD04300,CUST1455,Lipstick,Beauty,West,Ahmedabad,Consumer,4,104.29,5,417.14,29.73,33.81,PayPal,Completed,53,4.0
2024-03-06,ORD04383,CUST2633,Laptop,Electronics,North,Chandigarh,Consumer,1,364.23,10,364.23,12.5,49.21,UPI,Cancelled,53,4.3
2024-03-06,ORD02167,CUST2418,Fitness Band,Sports,South,Bengaluru,Corporate,1,64.31,15,64.31,6.21,-0.21,UPI,Completed,45,3.8
2024-03-06,ORD00947,CUST1904,Sneakers,Fashion,West,Pune,Consumer,3,163.2,15,489.6,25.08,-4.89,Credit Card,Cancelled,41,4.3
2024-03-06,ORD02481,CUST2720,Sports Bottle,Sports,East,Kolkata,Corporate,1,326.75,0,326.75,30.46,8.5,Debit Card,Completed,18,3.9
2024-03-06,ORD02957,CUST1244,Smartphone,Electronics,West,Pune,Consumer,3,929.66,10,2788.98,28.54,423.95,PayPal,Completed,47,3.7
2024-03-06,ORD01043,CUST2103,Printer,Office Supplies,North,Jaipur,Consumer,2,173.42,10,346.83,28.94,-0.3,PayPal,Completed,27,3.8
2024-03-06,ORD02037,CUST2373,Desk Lamp,Office Supplies,South,Bengaluru,Corporate,2,54.37,10,108.75,31.14,-12.96,Debit Card,Completed,49,3.7
2024-03-06,ORD00694,CUST1132,Coffee Maker,Home & Kitchen,South,Bengaluru,Corporate,5,419.41,10,2097.04,30.68,150.51,Credit Card,Cancelled,25,4.1
2024-03-06,ORD03960,CUST3286,Tablet,Electronics,South,Hyderabad,Corporate,1,248.23,5,248.23,5.53,45.23,PayPal,Completed,41,3.0
2024-03-06,ORD04551,CUST1391,Backpack,Fashion,North,Delhi,Corporate,5,232.68,0,1163.42,35.94,248.39,Credit Card,Completed,32,4.7
2024-03-06,ORD04490,CUST1966,Cookware Set,Home & Kitchen,East,Kolkata,Consumer,1,294.64,5,294.64,30.21,-2.41,UPI,Completed,29,3.2
2024-03-06,ORD01355,CUST1814,Sports Bottle,Sports,East,Bhubaneswar,Consumer,4,76.4,10,305.59,42.68,-34.7,Debit Card,Completed,21,3.2
2024-03-07,ORD03848,CUST2523,Blender,Home & Kitchen,South,Chennai,Consumer,1,432.13,5,432.13,14.78,80.38,UPI,Completed,49,4.7
2024-03-07,ORD00849,CUST1644,Vacuum Cleaner,Home & Kitchen,East,Kolkata,Small Business,3,47.13,15,141.39,26.63,-26.59,Debit Card,Completed,27,3.1
2024-03-07,ORD03179,CUST2643,Sports Bottle,Sports,South,Bengaluru,Consumer,2,233.72,0,467.43,14.66,79.75,PayPal,Completed,39,3.9
2024-03-07,ORD04076,CUST3227,Coffee Maker,Home & Kitchen,West,Mumbai,Consumer,3,193.76,10,581.28,42.17,26.67,Debit Card,Completed,33,2.7
2024-03-07,ORD01981,CUST1625,Smartwatch,Electronics,West,Ahmedabad,Consumer,1,913.23,20,913.23,8.47,-67.87,PayPal,Completed,44,3.6
2024-03-07,ORD02078,CUST1681,Air Fryer,Home & Kitchen,East,Guwahati,Small Business,4,357.58,10,1430.33,34.05,-9.63,Debit Card,Completed,63,3.5
2024-03-07,ORD02927,CUST2677,Keyboard,Office Supplies,North,Delhi,Consumer,3,239.15,15,717.46,14.61,-31.38,Debit Card,Completed,37,4.4
2024-03-07,ORD00356,CUST2648,Backpack,Fashion,West,Pune,Corporate,3,60.41,5,181.24,38.23,-13.09,Debit Card,Completed,45,5.0
2024-03-07,ORD00077,CUST3428,Smartphone,Electronics,West,Pune,Consumer,1,533.92,15,533.92,13.64,42.96,UPI,Cancelled,19,2.4
2024-03-07,ORD04815,CUST3343,Face Serum,Beauty,North,Jaipur,Consumer,1,130.13,20,130.13,25.89,-17.54,Credit Card,Completed,20,4.0
2024-03-08,ORD03004,CUST1804,Desk Lamp,Office Supplies,North,Chandigarh,Consumer,2,44.18,0,88.37,25.22,-13.6,Debit Card,Completed,29,2.4
2024-03-08,ORD00408,CUST3391,Keyboard,Office Supplies,North,Delhi,Consumer,5,69.42,10,347.08,41.75,19.2,Credit Card,Returned,32,3.9
2024-03-08,ORD03366,CUST3352,Cookware Set,Home & Kitchen,North,Jaipur,Small Business,2,228.67,0,457.34,31.69,46.41,PayPal,Completed,27,3.9
2024-03-08,ORD00898,CUST2642,Smartphone,Electronics,West,Pune,Consumer,5,429.59,5,2147.97,47.29,272.68,PayPal,Completed,64,4.1
2024-03-08,ORD03006,CUST1167,Cookware Set,Home & Kitchen,East,Kolkata,Small Business,3,380.25,10,1140.76,19.36,11.34,Debit Card,Completed,36,4.5
2024-03-08,ORD02222,CUST2433,Lipstick,Beauty,Central,Indore,Consumer,1,98.05,5,98.05,8.89,4.1,Credit Card,Completed,61,4.3
2024-03-08,ORD02065,CUST2416,Running Shoes,Sports,East,Kolkata,Consumer,1,203.13,15,203.13,28.07,-21.76,PayPal,Completed,43,3.6
2024-03-08,ORD01453,CUST3038,Running Shoes,Sports,North,Delhi,Corporate,2,225.62,0,451.24,25.33,13.54,UPI,Returned,20,4.7
2024-03-08,ORD03836,CUST1068,Face Serum,Beauty,South,Bengaluru,Consumer,2,72.93,15,145.86,10.71,-4.9,UPI,Completed,59,3.6
2024-03-08,ORD02694,CUST2331,Blender,Home & Kitchen,East,Bhubaneswar,Small Business,2,101.02,5,202.04,34.44,-9.39,UPI,Completed,22,3.2
2024-03-08,ORD01898,CUST1537,Smartphone,Electronics,Central,Bhopal,Consumer,2,1237.87,5,2475.73,18.04,212.63,UPI,Completed,53,3.9
2024-03-08,ORD01269,CUST2613,Coffee Maker,Home & Kitchen,Central,Lucknow,Consumer,1,318.02,5,318.02,33.33,-0.68,Credit Card,Returned,64,3.8
2024-03-08,ORD04550,CUST1040,T-Shirt,Fashion,West,Pune,Consumer,4,211.79,15,847.16,25.1,-20.83,UPI,Cancelled,63,4.8
2024-03-09,ORD00218,CUST3294,Laptop,Electronics,West,Mumbai,Corporate,1,393.91,10,393.91,33.29,-39.58,UPI,Completed,30,3.0
2024-03-09,ORD00250,CUST1865,Face Serum,Beauty,Central,Lucknow,Consumer,2,71.17,0,142.34,15.09,22.6,UPI,Completed,44,3.6
2024-03-09,ORD02069,CUST3245,Coffee Maker,Home & Kitchen,North,Delhi,Consumer,2,447.79,15,895.59,13.35,-65.8,Credit Card,Completed,44,5.0
2024-03-09,ORD02253,CUST1106,Office Chair,Office Supplies,East,Bhubaneswar,Small Business,1,13.32,10,13.32,29.41,-27.5,UPI,Cancelled,20,3.4
2024-03-09,ORD03000,CUST3331,Air Fryer,Home & Kitchen,Central,Lucknow,Small Business,4,224.73,5,898.93,24.36,155.77,Credit Card,Completed,43,4.2
2024-03-09,ORD02905,CUST2541,Office Chair,Office Supplies,South,Chennai,Consumer,5,398.92,10,1994.62,32.78,-14.41,Cash on Delivery,Cancelled,22,3.9
2024-03-09,ORD00772,CUST1591,Smartwatch,Electronics,Central,Indore,Small Business,2,1249.07,5,2498.14,10.15,509.89,UPI,Returned,35,4.8
2024-03-10,ORD04164,CUST1033,Tablet,Electronics,South,Hyderabad,Corporate,4,1136.94,10,4547.76,25.37,296.15,Cash on Delivery,Completed,25,4.7
2024-03-10,ORD01634,CUST2315,Air Fryer,Home & Kitchen,West,Mumbai,Small Business,2,378.43,15,756.86,41.4,15.62,UPI,Completed,34,4.2
2024-03-10,ORD01225,CUST2393,Jeans,Fashion,South,Chennai,Corporate,4,39.5,10,157.98,50.94,-48.93,Cash on Delivery,Completed,62,4.6
2024-03-10,ORD00622,CUST1532,Laptop,Electronics,East,Kolkata,Consumer,4,1022.95,10,4091.82,28.43,383.49,UPI,Cancelled,59,5.0
2024-03-10,ORD02293,CUST3157,Sports Bottle,Sports,North,Chandigarh,Consumer,1,64.08,0,64.08,13.46,-6.05,UPI,Completed,54,4.6
2024-03-10,ORD04576,CUST3431,Tablet,Electronics,West,Mumbai,Small Business,2,630.75,5,1261.5,41.44,227.38,Debit Card,Completed,30,4.9
2024-03-10,ORD03958,CUST2746,Jacket,Fashion,North,Chandigarh,Consumer,5,153.66,15,768.3,25.74,19.63,PayPal,Completed,22,4.6
2024-03-10,ORD04484,CUST2206,Air Fryer,Home & Kitchen,North,Delhi,Consumer,2,468.78,10,937.56,27.28,-13.58,UPI,Completed,20,3.0
2024-03-10,ORD01475,CUST1504,Perfume,Beauty,South,Chennai,Consumer,1,172.11,10,172.11,14.9,0.38,Cash on Delivery,Returned,52,5.0
2024-03-10,ORD02764,CUST2558,Cookware Set,Home & Kitchen,West,Pune,Corporate,4,402.09,15,1608.35,32.37,-44.26,UPI,Completed,42,2.6
2024-03-10,ORD02420,CUST2497,Notebook,Office Supplies,North,Delhi,Corporate,3,38.51,10,115.53,44.46,-40.68,Cash on Delivery,Returned,56,3.6
2024-03-10,ORD03961,CUST1961,Blender,Home & Kitchen,East,Kolkata,Consumer,2,349.73,5,699.45,36.83,83.76,Credit Card,Completed,35,4.1
2024-03-10,ORD02459,CUST1684,Desk Lamp,Office Supplies,West,Mumbai,Consumer,2,185.79,5,371.58,6.68,12.29,UPI,Completed,35,4.4
2024-03-10,ORD01391,CUST2351,Sneakers,Fashion,Central,Bhopal,Consumer,5,99.84,5,499.18,25.64,7.01,Credit Card,Completed,19,3.1
2024-03-11,ORD03110,CUST1914,Moisturizer,Beauty,South,Chennai,Corporate,1,60.33,20,60.33,22.41,-19.58,Cash on Delivery,Returned,25,5.0
2024-03-11,ORD02479,CUST1813,Cookware Set,Home & Kitchen,Central,Lucknow,Corporate,1,463.46,5,463.46,12.04,40.33,Debit Card,Returned,40,3.8
2024-03-11,ORD04690,CUST3206,Coffee Maker,Home & Kitchen,East,Bhubaneswar,Consumer,3,426.83,0,1280.49,17.26,145.5,UPI,Completed,32,3.4
2024-03-11,ORD04750,CUST3386,Dumbbells,Sports,North,Jaipur,Consumer,1,240.82,10,240.82,12.38,-5.5,UPI,Completed,22,2.7
2024-03-11,ORD00451,CUST2359,Running Shoes,Sports,North,Chandigarh,Corporate,5,324.85,0,1624.26,33.43,328.8,Debit Card,Completed,54,3.6
2024-03-11,ORD03461,CUST2541,Air Fryer,Home & Kitchen,West,Ahmedabad,Small Business,1,498.02,10,498.02,9.17,15.52,PayPal,Returned,51,5.0
2024-03-11,ORD04488,CUST1031,T-Shirt,Fashion,South,Hyderabad,Corporate,3,201.97,5,605.92,28.38,-7.51,Credit Card,Completed,39,3.4
2024-03-11,ORD03349,CUST2802,Backpack,Fashion,East,Guwahati,Consumer,3,216.61,10,649.83,16.84,83.99,UPI,Completed,51,3.0
2024-03-12,ORD02920,CUST1675,Smartwatch,Electronics,West,Mumbai,Small Business,3,1275.83,15,3827.5,16.55,146.31,UPI,Completed,60,4.7
2024-03-12,ORD02430,CUST1621,Blender,Home & Kitchen,East,Bhubaneswar,Corporate,2,70.35,5,140.71,30.52,-15.16,Credit Card,Completed,36,4.0
2024-03-12,ORD00944,CUST3145,Yoga Mat,Sports,East,Guwahati,Consumer,5,106.59,5,532.96,21.16,84.32,PayPal,Completed,62,3.9
2024-03-12,ORD01557,CUST3135,Perfume,Beauty,Central,Lucknow,Consumer,3,123.04,10,369.12,41.22,1.21,Credit Card,Completed,37,4.2
2024-03-12,ORD01624,CUST3157,Office Chair,Office Supplies,West,Mumbai,Corporate,5,246.17,15,1230.86,40.89,70.27,Credit Card,Completed,63,1.8
2024-03-12,ORD02256,CUST2798,Office Chair,Office Supplies,North,Jaipur,Corporate,3,295.21,15,885.64,30.16,-20.42,UPI,Completed,64,3.8
2024-03-12,ORD00172,CUST2695,Blender,Home & Kitchen,West,Ahmedabad,Consumer,4,276.37,15,1105.49,37.33,-25.66,UPI,Completed,47,4.0
2024-03-12,ORD00190,CUST2902,Headphones,Electronics,North,Chandigarh,Consumer,2,1331.85,10,2663.7,5.7,226.24,Credit Card,Completed,60,2.9
2024-03-12,ORD02760,CUST2557,Printer,Office Supplies,West,Pune,Consumer,3,175.44,15,526.33,29.71,1.03,Credit Card,Completed,44,5.0
2024-03-12,ORD03723,CUST2760,T-Shirt,Fashion,West,Pune,Consumer,3,100.49,20,301.47,39.7,-58.0,Credit Card,Completed,51,3.7
2024-03-12,ORD00283,CUST1987,Sneakers,Fashion,North,Jaipur,Consumer,2,130.44,15,260.88,25.19,-12.86,Credit Card,Completed,31,4.3
2024-03-12,ORD02385,CUST2100,Lipstick,Beauty,Central,Lucknow,Consumer,3,172.41,10,517.23,19.86,-29.12,UPI,Completed,40,5.0
2024-03-12,ORD00912,CUST1581,Tablet,Electronics,Central,Lucknow,Consumer,2,1375.18,0,2750.36,13.26,484.67,Credit Card,Completed,52,3.3
2024-03-12,ORD00060,CUST1273,Yoga Mat,Sports,North,Jaipur,Consumer,1,77.27,5,77.27,24.62,-7.09,UPI,Completed,49,4.6
2024-03-12,ORD01294,CUST1177,Desk Lamp,Office Supplies,North,Chandigarh,Small Business,3,35.55,15,106.64,44.22,-32.74,UPI,Completed,25,4.5
2024-03-13,ORD01984,CUST2887,Running Shoes,Sports,West,Pune,Consumer,5,123.13,15,615.63,38.58,-74.02,Debit Card,Returned,61,4.2
2024-03-13,ORD03945,CUST3218,Moisturizer,Beauty,East,Bhubaneswar,Consumer,3,128.65,20,385.94,24.42,-32.82,UPI,Completed,61,3.6
2024-03-13,ORD00148,CUST3093,Headphones,Electronics,Central,Lucknow,Corporate,3,1108.55,20,3325.64,34.62,-287.05,Credit Card,Completed,27,3.2
2024-03-13,ORD03015,CUST3265,Fitness Band,Sports,Central,Lucknow,Corporate,4,115.73,15,462.91,34.16,-21.49,Credit Card,Completed,23,3.1
2024-03-13,ORD03271,CUST2259,Laptop,Electronics,West,Pune,Small Business,5,1201.24,10,6006.18,47.52,11.44,PayPal,Completed,43,3.6
2024-03-13,ORD02316,CUST3302,Shampoo,Beauty,North,Delhi,Consumer,5,195.64,15,978.2,34.17,83.49,UPI,Returned,21,4.3
2024-03-13,ORD01233,CUST1993,Sports Bottle,Sports,South,Hyderabad,Small Business,1,348.34,10,348.34,35.1,19.31,Debit Card,Completed,27,4.6
2024-03-13,ORD02624,CUST1877,Lipstick,Beauty,South,Bengaluru,Consumer,5,68.89,0,344.43,49.83,-0.99,UPI,Completed,42,4.6
2024-03-13,ORD03658,CUST1923,Fitness Band,Sports,South,Hyderabad,Consumer,2,162.13,0,324.27,31.13,-4.61,Debit Card,Completed,55,3.8
2024-03-14,ORD00810,CUST1452,Yoga Mat,Sports,East,Guwahati,Consumer,1,217.07,5,217.07,37.37,-19.83,Credit Card,Returned,37,4.1
2024-03-14,ORD03883,CUST2590,Backpack,Fashion,East,Kolkata,Corporate,5,53.03,5,265.15,25.52,7.33,UPI,Completed,41,3.7
2024-03-14,ORD00261,CUST2602,Sports Bottle,Sports,South,Bengaluru,Consumer,2,298.53,15,597.05,21.47,-47.29,Debit Card,Completed,19,3.7
2024-03-14,ORD04698,CUST1940,Tablet,Electronics,South,Chennai,Small Business,3,124.52,0,373.57,28.47,30.47,UPI,Completed,20,3.8
2024-03-14,ORD00219,CUST1072,Tablet,Electronics,West,Ahmedabad,Consumer,1,1246.08,0,1246.08,33.49,234.39,Debit Card,Completed,57,2.8
2024-03-14,ORD01580,CUST1636,Blender,Home & Kitchen,North,Jaipur,Corporate,3,246.94,10,740.83,37.16,-34.52,UPI,Cancelled,37,2.7
2024-03-14,ORD00389,CUST2660,Office Chair,Office Supplies,West,Pune,Consumer,1,111.35,10,111.35,9.58,8.53,Credit Card,Returned,29,3.6
2024-03-14,ORD02351,CUST3324,Air Fryer,Home & Kitchen,North,Delhi,Corporate,3,176.78,10,530.34,27.55,-18.63,Credit Card,Completed,23,4.6
2024-03-14,ORD00595,CUST2215,Lipstick,Beauty,East,Kolkata,Corporate,4,18.23,10,72.93,39.69,-39.39,UPI,Completed,31,4.6
2024-03-14,ORD02555,CUST2134,Coffee Maker,Home & Kitchen,Central,Lucknow,Small Business,2,179.06,0,358.11,12.69,76.59,UPI,Completed,23,3.4
2024-03-15,ORD02746,CUST2120,Jeans,Fashion,Central,Bhopal,Consumer,3,116.39,5,349.18,29.61,4.17,PayPal,Completed,25,2.9
2024-03-15,ORD03144,CUST1983,Smartwatch,Electronics,East,Kolkata,Consumer,4,677.14,15,2708.54,19.38,-87.96,UPI,Completed,19,3.5
2024-03-15,ORD03062,CUST2528,Dumbbells,Sports,Central,Lucknow,Small Business,2,179.77,5,359.55,8.36,53.94,Credit Card,Completed,41,4.3
2024-03-15,ORD00122,CUST1909,Perfume,Beauty,North,Delhi,Small Business,5,158.51,10,792.54,30.72,-42.69,Credit Card,Cancelled,55,3.7
2024-03-15,ORD03439,CUST2033,Printer,Office Supplies,South,Chennai,Small Business,1,18.48,0,18.48,30.4,-28.19,PayPal,Completed,18,3.2
2024-03-15,ORD02522,CUST1462,Blender,Home & Kitchen,East,Guwahati,Corporate,3,466.62,0,1399.85,21.28,204.07,Debit Card,Returned,61,4.7
2024-03-15,ORD00479,CUST1058,Fitness Band,Sports,Central,Lucknow,Small Business,1,203.74,10,203.74,27.33,-0.86,PayPal,Returned,51,5.0
2024-03-15,ORD03254,CUST1242,Perfume,Beauty,West,Ahmedabad,Small Business,3,44.59,10,133.77,32.38,-13.06,Credit Card,Completed,52,5.0
2024-03-15,ORD04705,CUST2308,Smartphone,Electronics,South,Bengaluru,Corporate,5,981.61,5,4908.05,29.0,641.31,UPI,Completed,57,4.2
2024-03-15,ORD00705,CUST3391,Coffee Maker,Home & Kitchen,Central,Lucknow,Corporate,4,404.2,5,1616.79,43.32,12.38,Credit Card,Completed,53,3.9
2024-03-16,ORD00109,CUST1578,Jacket,Fashion,Central,Lucknow,Consumer,1,59.23,10,59.23,26.17,-24.58,Debit Card,Completed,58,5.0
2024-03-16,ORD01084,CUST1246,Backpack,Fashion,Central,Bhopal,Small Business,2,231.97,20,463.94,32.66,-36.63,UPI,Completed,41,4.2
2024-03-16,ORD04540,CUST2781,Running Shoes,Sports,East,Kolkata,Consumer,5,156.19,15,780.94,38.04,-85.09,UPI,Completed,40,3.3
2024-03-16,ORD00142,CUST2903,Headphones,Electronics,Central,Indore,Consumer,2,1053.1,5,2106.19,43.17,315.38,UPI,Completed,43,3.9
2024-03-16,ORD03983,CUST2109,Sports Bottle,Sports,West,Mumbai,Small Business,1,173.74,10,173.74,22.99,-19.05,Credit Card,Completed,39,3.0
2024-03-17,ORD03843,CUST2767,Printer,Office Supplies,South,Hyderabad,Consumer,2,56.68,5,113.37,35.93,-15.21,Credit Card,Completed,53,3.4
2024-03-17,ORD00333,CUST2465,Smartwatch,Electronics,Central,Bhopal,Consumer,3,170.63,0,511.9,21.21,116.76,PayPal,Completed,26,4.3
2024-03-17,ORD04683,CUST3415,Printer,Office Supplies,South,Bengaluru,Consumer,5,208.76,15,1043.81,26.95,-65.7,Debit Card,Completed,23,4.2
2024-03-17,ORD00969,CUST3281,Sneakers,Fashion,Central,Lucknow,Corporate,1,222.07,0,222.07,14.43,32.71,Debit Card,Completed,36,4.9
2024-03-17,ORD01642,CUST3128,Laptop,Electronics,East,Kolkata,Consumer,1,460.85,0,460.85,4.82,60.97,PayPal,Completed,31,3.6
2024-03-17,ORD01594,CUST1598,Headphones,Electronics,East,Bhubaneswar,Small Business,4,1083.82,15,4335.27,15.33,-161.69,PayPal,Completed,49,5.0
2024-03-17,ORD04179,CUST1040,Printer,Office Supplies,West,Pune,Small Business,4,179.11,15,716.44,34.08,-71.41,Credit Card,Completed,18,4.0
2024-03-17,ORD04374,CUST3345,Dumbbells,Sports,North,Delhi,Consumer,2,312.28,15,624.56,31.2,-64.09,Credit Card,Completed,40,3.3
2024-03-17,ORD01150,CUST2573,Smartwatch,Electronics,West,Ahmedabad,Consumer,1,926.67,15,926.67,8.36,-0.01,Debit Card,Completed,31,4.0
2024-03-17,ORD02358,CUST2855,Tablet,Electronics,North,Jaipur,Consumer,3,569.08,5,1707.23,25.82,78.09,Debit Card,Completed,21,3.7
2024-03-17,ORD01407,CUST2072,Backpack,Fashion,West,Pune,Consumer,2,124.6,5,249.19,23.31,23.16,UPI,Completed,18,3.7
2024-03-18,ORD03762,CUST2565,Office Chair,Office Supplies,South,Hyderabad,Corporate,5,406.55,5,2032.76,25.48,370.91,PayPal,Returned,33,3.3
2024-03-18,ORD01334,CUST3355,Tablet,Electronics,West,Mumbai,Corporate,1,1208.54,20,1208.54,15.02,-114.78,PayPal,Returned,34,4.7
2024-03-18,ORD00497,CUST2369,Moisturizer,Beauty,West,Pune,Consumer,2,97.5,10,195.0,39.35,-9.18,UPI,Completed,37,3.4
2024-03-18,ORD01352,CUST1569,Yoga Mat,Sports,West,Mumbai,Small Business,4,229.5,10,918.0,40.08,90.11,Cash on Delivery,Completed,32,3.8
2024-03-18,ORD00879,CUST1838,Smartwatch,Electronics,North,Delhi,Corporate,5,319.36,5,1596.78,32.24,117.86,UPI,Cancelled,58,4.3
2024-03-18,ORD03777,CUST1443,Desk Lamp,Office Supplies,East,Kolkata,Corporate,3,212.19,10,636.56,31.93,-7.11,Debit Card,Completed,32,3.0
2024-03-18,ORD02386,CUST1556,Dumbbells,Sports,North,Delhi,Consumer,2,64.17,0,128.34,22.04,8.65,Credit Card,Completed,36,3.3
2024-03-18,ORD01443,CUST2984,Air Fryer,Home & Kitchen,West,Mumbai,Corporate,4,206.88,15,827.53,35.18,55.23,UPI,Completed,45,4.4
2024-03-18,ORD03589,CUST2806,Face Serum,Beauty,South,Bengaluru,Consumer,5,103.26,15,516.29,50.42,-50.7,Debit Card,Completed,43,2.9
2024-03-18,ORD04650,CUST2648,Smartwatch,Electronics,West,Pune,Corporate,1,1288.26,10,1288.26,6.54,51.5,UPI,Completed,47,5.0
2024-03-18,ORD02035,CUST2175,Air Fryer,Home & Kitchen,Central,Lucknow,Corporate,4,149.49,5,597.97,41.09,-7.59,PayPal,Returned,19,4.1
2024-03-18,ORD00094,CUST3171,Sneakers,Fashion,South,Hyderabad,Corporate,1,249.62,10,249.62,29.61,-14.14,Cash on Delivery,Completed,27,3.3
2024-03-18,ORD03936,CUST2198,Face Serum,Beauty,South,Chennai,Consumer,2,52.49,15,104.98,30.27,-32.91,UPI,Returned,28,3.5
2024-03-18,ORD00601,CUST3383,Cookware Set,Home & Kitchen,North,Jaipur,Small Business,2,491.94,5,983.88,37.93,93.19,UPI,Returned,64,4.8
2024-03-19,ORD04709,CUST3031,Face Serum,Beauty,South,Bengaluru,Consumer,3,212.06,5,636.19,24.68,86.23,UPI,Completed,42,4.5
2024-03-19,ORD01663,CUST3484,Blender,Home & Kitchen,Central,Bhopal,Corporate,2,79.47,10,158.95,25.69,-13.08,Cash on Delivery,Cancelled,47,3.9
2024-03-19,ORD01895,CUST1788,Laptop,Electronics,West,Ahmedabad,Consumer,1,1119.56,0,1119.56,16.55,141.73,PayPal,Completed,55,4.5
2024-03-19,ORD04054,CUST3175,Backpack,Fashion,West,Pune,Consumer,4,25.61,0,102.43,13.36,7.79,UPI,Completed,56,3.3
2024-03-19,ORD01433,CUST3290,Air Fryer,Home & Kitchen,Central,Indore,Corporate,5,498.21,20,2491.03,32.2,-288.27,Cash on Delivery,Cancelled,44,4.4
2024-03-19,ORD00308,CUST1584,Shampoo,Beauty,West,Ahmedabad,Consumer,2,82.46,20,164.92,9.35,-0.88,Debit Card,Returned,35,3.9
2024-03-19,ORD04133,CUST2329,Dumbbells,Sports,Central,Lucknow,Consumer,1,246.18,0,246.18,31.34,-9.19,UPI,Returned,39,3.5
2024-03-19,ORD04786,CUST2978,Jeans,Fashion,East,Kolkata,Consumer,3,148.28,5,444.84,38.79,44.52,UPI,Completed,34,3.5
2024-03-20,ORD04272,CUST1492,Coffee Maker,Home & Kitchen,Central,Bhopal,Corporate,4,347.36,10,1389.43,31.72,-39.48,Credit Card,Returned,61,4.8
2024-03-20,ORD01542,CUST3072,Yoga Mat,Sports,West,Ahmedabad,Consumer,1,116.34,15,116.34,28.71,-23.54,UPI,Completed,59,4.1
2024-03-20,ORD00670,CUST2258,Air Fryer,Home & Kitchen,South,Hyderabad,Corporate,1,109.34,15,109.34,8.21,-4.22,Cash on Delivery,Completed,46,3.7
2024-03-20,ORD04545,CUST3104,Vacuum Cleaner,Home & Kitchen,South,Chennai,Corporate,3,82.31,10,246.94,43.09,-15.03,Debit Card,Completed,49,5.0
2024-03-20,ORD00687,CUST1821,Running Shoes,Sports,North,Jaipur,Small Business,3,38.95,0,116.86,25.01,-4.01,UPI,Returned,26,3.4
2024-03-20,ORD01182,CUST2377,Perfume,Beauty,South,Hyderabad,Corporate,5,94.22,5,471.12,52.49,-6.94,UPI,Completed,36,3.8
2024-03-20,ORD01720,CUST2752,Backpack,Fashion,South,Hyderabad,Corporate,5,146.07,5,730.35,44.55,26.38,PayPal,Completed,38,3.5
2024-03-20,ORD01101,CUST1795,Fitness Band,Sports,East,Bhubaneswar,Consumer,3,121.25,10,363.74,42.98,14.46,UPI,Completed,62,3.4
2024-03-20,ORD01577,CUST3095,Blender,Home & Kitchen,Central,Indore,Corporate,4,328.67,5,1314.69,30.83,108.02,Credit Card,Completed,30,3.4
2024-03-20,ORD03032,CUST3470,Shampoo,Beauty,West,Mumbai,Corporate,5,193.72,20,968.58,38.02,-6.9,Debit Card,Completed,37,4.3
2024-03-21,ORD02302,CUST1302,Cookware Set,Home & Kitchen,South,Chennai,Consumer,1,114.95,5,114.95,30.48,-24.24,Credit Card,Completed,62,4.2
2024-03-21,ORD00946,CUST3483,Backpack,Fashion,North,Chandigarh,Corporate,2,177.71,10,355.41,16.98,-10.8,Credit Card,Completed,42,4.5
2024-03-21,ORD01212,CUST2041,Backpack,Fashion,South,Bengaluru,Small Business,1,246.59,10,246.59,30.92,-6.73,PayPal,Completed,30,3.2
2024-03-21,ORD03763,CUST3343,Headphones,Electronics,South,Hyderabad,Consumer,5,1082.6,15,5412.98,45.71,183.99,PayPal,Completed,38,4.3
2024-03-21,ORD00482,CUST3155,Office Chair,Office Supplies,West,Mumbai,Consumer,1,101.57,5,101.57,32.11,-18.51,UPI,Completed,63,4.4
2024-03-21,ORD01143,CUST1335,Blender,Home & Kitchen,West,Mumbai,Consumer,5,79.86,5,399.31,34.54,-0.01,UPI,Returned,20,4.3
2024-03-21,ORD01539,CUST3491,Air Fryer,Home & Kitchen,South,Hyderabad,Corporate,3,324.67,15,974.01,24.39,-43.41,Credit Card,Completed,36,4.4
2024-03-21,ORD04336,CUST3492,Smartphone,Electronics,East,Bhubaneswar,Consumer,3,640.74,15,1922.22,36.89,209.61,Debit Card,Completed,60,4.9
2024-03-22,ORD04287,CUST3124,Air Fryer,Home & Kitchen,North,Chandigarh,Corporate,4,147.33,5,589.33,20.4,65.19,UPI,Completed,24,4.5
2024-03-22,ORD00596,CUST2008,T-Shirt,Fashion,South,Hyderabad,Consumer,2,30.02,10,60.04,34.88,-24.4,PayPal,Completed,35,3.3
2024-03-22,ORD00158,CUST3380,Jeans,Fashion,North,Delhi,Small Business,1,66.8,10,66.8,35.24,-27.92,Credit Card,Cancelled,59,4.0
2024-03-22,ORD00647,CUST2857,Face Serum,Beauty,South,Hyderabad,Corporate,4,46.87,5,187.47,22.51,-13.44,Credit Card,Cancelled,23,4.1
2024-03-22,ORD03994,CUST1109,Shampoo,Beauty,East,Bhubaneswar,Small Business,5,207.99,10,1039.96,34.06,151.94,Credit Card,Completed,39,4.6
2024-03-22,ORD01284,CUST1093,Perfume,Beauty,East,Guwahati,Consumer,4,64.03,5,256.12,36.37,-6.83,Credit Card,Completed,49,4.9
2024-03-22,ORD04073,CUST2035,Perfume,Beauty,North,Chandigarh,Corporate,4,159.02,10,636.08,17.81,-20.01,UPI,Completed,61,3.4
2024-03-23,ORD00954,CUST2002,Coffee Maker,Home & Kitchen,East,Kolkata,Consumer,3,489.93,0,1469.78,26.99,244.02,UPI,Completed,29,4.5
2024-03-23,ORD03064,CUST1153,Smartphone,Electronics,South,Chennai,Small Business,1,476.8,10,476.8,22.89,38.19,Cash on Delivery,Completed,41,4.1
2024-03-23,ORD01834,CUST1031,Headphones,Electronics,East,Bhubaneswar,Consumer,4,1275.88,10,5103.5,43.37,184.14,Credit Card,Cancelled,62,4.9
2024-03-23,ORD00966,CUST2558,Perfume,Beauty,South,Hyderabad,Consumer,3,216.92,10,650.75,42.47,14.36,Credit Card,Completed,24,3.6
2024-03-23,ORD00627,CUST1363,T-Shirt,Fashion,Central,Indore,Consumer,5,211.92,15,1059.59,32.67,-77.1,Credit Card,Completed,43,3.3
2024-03-23,ORD02130,CUST3221,Cookware Set,Home & Kitchen,North,Jaipur,Small Business,3,279.55,10,838.65,36.73,-36.04,Debit Card,Completed,22,3.5
2024-03-23,ORD00188,CUST1124,Desk Lamp,Office Supplies,Central,Indore,Consumer,4,94.1,10,376.39,25.66,-18.28,UPI,Returned,42,3.5
2024-03-23,ORD00949,CUST2989,Blender,Home & Kitchen,North,Delhi,Consumer,3,327.57,5,982.72,20.02,95.17,Credit Card,Completed,24,3.7
2024-03-24,ORD00518,CUST1058,Jacket,Fashion,Central,Bhopal,Small Business,5,66.57,10,332.84,32.82,-24.83,UPI,Completed,22,3.8
2024-03-24,ORD04769,CUST1151,Moisturizer,Beauty,West,Ahmedabad,Corporate,3,64.71,15,194.12,32.86,-33.07,UPI,Completed,61,3.4
2024-03-24,ORD03562,CUST1947,Running Shoes,Sports,Central,Indore,Corporate,5,100.07,0,500.36,36.98,10.58,UPI,Completed,31,3.9
2024-03-24,ORD02576,CUST2936,Smartphone,Electronics,East,Bhubaneswar,Consumer,1,1196.64,5,1196.64,26.76,120.39,UPI,Completed,59,4.9
2024-03-24,ORD03689,CUST3342,Sports Bottle,Sports,Central,Indore,Corporate,3,313.86,10,941.59,35.33,76.72,Credit Card,Completed,53,4.7
2024-03-24,ORD04065,CUST3450,Running Shoes,Sports,North,Jaipur,Corporate,1,267.13,0,267.13,7.62,18.0,PayPal,Completed,27,3.6
2024-03-24,ORD02819,CUST1336,Headphones,Electronics,North,Chandigarh,Consumer,1,1033.08,5,1033.08,18.95,145.39,PayPal,Completed,45,3.8
2024-03-24,ORD04233,CUST3392,Sports Bottle,Sports,West,Ahmedabad,Consumer,1,279.05,10,279.05,20.0,-10.41,PayPal,Completed,44,4.5
2024-03-24,ORD02794,CUST3391,Smartphone,Electronics,West,Pune,Corporate,5,1316.6,15,6582.98,34.84,108.28,PayPal,Completed,59,3.5
2024-03-24,ORD00263,CUST2036,Smartphone,Electronics,North,Delhi,Consumer,1,1390.97,0,1390.97,34.86,350.14,UPI,Completed,27,4.4
2024-03-24,ORD01105,CUST2235,Blender,Home & Kitchen,South,Hyderabad,Corporate,5,486.65,15,2433.27,24.21,51.2,UPI,Completed,48,5.0
2024-03-24,ORD03712,CUST3361,Air Fryer,Home & Kitchen,Central,Indore,Consumer,3,100.44,10,301.33,33.35,5.84,Debit Card,Completed,57,4.1
2024-03-24,ORD00752,CUST1797,T-Shirt,Fashion,South,Chennai,Corporate,3,110.92,5,332.75,15.39,19.8,UPI,Cancelled,26,4.7
2024-03-25,ORD01322,CUST1561,Yoga Mat,Sports,West,Mumbai,Corporate,2,146.05,5,292.09,13.86,49.12,Debit Card,Completed,44,3.2
2024-03-25,ORD00330,CUST3463,Lipstick,Beauty,South,Chennai,Consumer,1,77.19,10,77.19,36.67,-36.93,Debit Card,Completed,55,3.8
2024-03-25,ORD03838,CUST2360,T-Shirt,Fashion,South,Hyderabad,Corporate,1,88.11,10,88.11,32.31,-30.73,UPI,Completed,35,4.0
2024-03-25,ORD02485,CUST2562,Air Fryer,Home & Kitchen,North,Jaipur,Consumer,1,326.48,10,326.48,9.43,31.04,Cash on Delivery,Completed,42,5.0
2024-03-25,ORD01087,CUST3011,Fitness Band,Sports,Central,Lucknow,Small Business,1,298.64,10,298.64,4.27,22.29,Debit Card,Returned,32,4.3
2024-03-25,ORD03884,CUST2241,Shampoo,Beauty,North,Delhi,Corporate,1,16.72,15,16.72,18.23,-16.84,UPI,Completed,59,3.8
2024-03-25,ORD02882,CUST2229,Coffee Maker,Home & Kitchen,East,Guwahati,Corporate,3,131.28,10,393.83,24.56,35.95,Credit Card,Returned,53,4.6
2024-03-25,ORD04362,CUST1132,Vacuum Cleaner,Home & Kitchen,Central,Bhopal,Small Business,2,249.21,15,498.42,12.12,-32.54,Credit Card,Completed,57,5.0
2024-03-25,ORD01759,CUST3419,Sports Bottle,Sports,East,Guwahati,Small Business,4,154.73,0,618.93,28.5,47.06,Cash on Delivery,Completed,27,3.9
2024-03-25,ORD04373,CUST2674,Laptop,Electronics,North,Jaipur,Corporate,2,1368.25,5,2736.5,23.88,375.23,UPI,Completed,32,5.0
2024-03-25,ORD03618,CUST2315,Running Shoes,Sports,North,Delhi,Corporate,2,128.67,10,257.35,38.04,-7.48,Debit Card,Returned,29,4.5
2024-03-26,ORD02698,CUST1776,Fitness Band,Sports,North,Jaipur,Consumer,2,131.91,15,263.82,16.68,5.79,PayPal,Returned,44,4.5
2024-03-26,ORD02510,CUST3227,Running Shoes,Sports,Central,Bhopal,Small Business,2,300.79,5,601.59,18.62,90.13,Debit Card,Completed,60,3.9
2024-03-26,ORD03545,CUST2837,Sneakers,Fashion,Central,Bhopal,Small Business,3,129.54,10,388.61,41.6,-27.85,PayPal,Completed,21,2.7
2024-03-26,ORD01740,CUST1098,Jeans,Fashion,South,Chennai,Consumer,1,44.47,15,44.47,32.1,-28.86,UPI,Cancelled,40,3.4
2024-03-26,ORD04195,CUST2256,Coffee Maker,Home & Kitchen,South,Hyderabad,Consumer,1,209.86,15,209.86,25.21,-34.87,PayPal,Completed,46,3.9
2024-03-26,ORD00537,CUST2736,Sneakers,Fashion,East,Bhubaneswar,Corporate,3,27.08,10,81.24,39.36,-39.52,Credit Card,Completed,54,3.1
2024-03-26,ORD04034,CUST2598,Smartwatch,Electronics,South,Chennai,Consumer,5,434.18,5,2170.92,28.58,273.1,UPI,Returned,52,3.9
2024-03-27,ORD04513,CUST1817,Air Fryer,Home & Kitchen,Central,Lucknow,Small Business,1,48.21,15,48.21,36.22,-30.54,Cash on Delivery,Completed,52,4.8
2024-03-27,ORD04231,CUST2499,Smartwatch,Electronics,North,Jaipur,Consumer,5,229.48,5,1147.42,21.21,65.73,Debit Card,Completed,21,4.1
2024-03-27,ORD00963,CUST1358,Vacuum Cleaner,Home & Kitchen,East,Guwahati,Small Business,1,347.45,0,347.45,7.4,32.77,Cash on Delivery,Returned,29,3.0
2024-03-27,ORD01707,CUST3167,Yoga Mat,Sports,South,Bengaluru,Consumer,2,202.98,20,405.96,22.94,-0.97,PayPal,Completed,64,4.9
2024-03-27,ORD04340,CUST1310,Backpack,Fashion,South,Hyderabad,Consumer,3,161.74,10,485.22,36.38,-21.73,Debit Card,Completed,24,3.8
2024-03-27,ORD01023,CUST2787,Vacuum Cleaner,Home & Kitchen,North,Chandigarh,Consumer,5,79.57,15,397.83,21.47,-24.89,UPI,Completed,37,4.2
2024-03-27,ORD03424,CUST1418,Sports Bottle,Sports,West,Ahmedabad,Small Business,3,340.94,20,1022.83,44.21,-53.43,Credit Card,Completed,24,4.1
2024-03-27,ORD03295,CUST2071,T-Shirt,Fashion,East,Guwahati,Consumer,4,152.61,5,610.46,21.56,56.18,UPI,Completed,44,4.8
2024-03-27,ORD01313,CUST1405,Vacuum Cleaner,Home & Kitchen,West,Ahmedabad,Consumer,3,321.13,0,963.39,37.16,106.94,Debit Card,Completed,52,5.0
2024-03-27,ORD04882,CUST1611,Blender,Home & Kitchen,South,Bengaluru,Small Business,2,423.78,15,847.57,22.76,35.57,Cash on Delivery,Completed,43,2.7
2024-03-28,ORD00921,CUST2276,Jacket,Fashion,North,Jaipur,Consumer,3,169.17,10,507.51,31.11,-8.14,Cash on Delivery,Completed,50,3.8
2024-03-28,ORD03659,CUST2025,T-Shirt,Fashion,West,Pune,Small Business,5,125.89,0,629.43,55.52,119.47,Cash on Delivery,Completed,32,4.8
2024-03-28,ORD03926,CUST2032,Perfume,Beauty,West,Mumbai,Corporate,5,40.5,10,202.52,27.34,-4.74,UPI,Completed,24,4.2
2024-03-28,ORD02807,CUST2584,Laptop,Electronics,East,Bhubaneswar,Consumer,2,702.47,15,1404.95,34.8,-81.94,Debit Card,Completed,25,5.0
2024-03-28,ORD04971,CUST2791,Office Chair,Office Supplies,North,Jaipur,Corporate,4,324.77,5,1299.06,41.26,229.74,PayPal,Completed,46,3.4
2024-03-28,ORD01379,CUST2713,Perfume,Beauty,North,Jaipur,Small Business,1,89.84,5,89.84,16.47,0.13,Cash on Delivery,Returned,51,3.2
2024-03-28,ORD04165,CUST3072,Vacuum Cleaner,Home & Kitchen,East,Guwahati,Corporate,1,122.3,0,122.3,8.08,3.0,PayPal,Completed,27,5.0
2024-03-28,ORD03413,CUST1269,Running Shoes,Sports,West,Mumbai,Small Business,4,320.99,10,1283.95,45.05,8.43,PayPal,Completed,34,4.2
2024-03-28,ORD00335,CUST2336,Moisturizer,Beauty,North,Chandigarh,Consumer,1,30.5,15,30.5,14.03,-13.85,UPI,Cancelled,63,3.7
2024-03-28,ORD00987,CUST2641,Office Chair,Office Supplies,Central,Indore,Small Business,5,126.24,5,631.21,43.3,80.53,Credit Card,Completed,49,4.7
2024-03-28,ORD03821,CUST1908,Smartphone,Electronics,West,Ahmedabad,Small Business,4,389.27,15,1557.09,20.65,163.25,Cash on Delivery,Completed,32,3.7
2024-03-29,ORD00662,CUST2434,Blender,Home & Kitchen,Central,Bhopal,Corporate,1,360.72,5,360.72,30.3,39.63,Credit Card,Returned,42,4.4
2024-03-29,ORD00818,CUST3215,Headphones,Electronics,North,Chandigarh,Consumer,1,1290.16,0,1290.16,20.76,203.57,Credit Card,Completed,61,3.4
2024-03-29,ORD00770,CUST1870,Coffee Maker,Home & Kitchen,South,Hyderabad,Small Business,4,292.1,0,1168.38,36.22,258.96,Credit Card,Completed,53,3.4
2024-03-29,ORD04008,CUST1421,T-Shirt,Fashion,West,Ahmedabad,Small Business,5,81.25,10,406.27,36.83,-11.98,PayPal,Completed,48,4.0
2024-03-29,ORD01910,CUST2250,Lipstick,Beauty,South,Bengaluru,Consumer,5,154.93,10,774.67,32.07,104.31,Debit Card,Completed,59,2.6
2024-03-29,ORD01348,CUST2889,Blender,Home & Kitchen,North,Delhi,Small Business,1,335.65,5,335.65,7.5,44.02,Debit Card,Returned,18,4.1
2024-03-29,ORD02309,CUST1970,Office Chair,Office Supplies,East,Bhubaneswar,Small Business,1,345.6,5,345.6,22.67,47.93,Credit Card,Completed,31,3.8
2024-03-29,ORD01677,CUST3091,Blender,Home & Kitchen,Central,Bhopal,Consumer,1,251.8,15,251.8,26.83,-28.88,Cash on Delivery,Completed,38,4.7
2024-03-29,ORD04051,CUST1983,Air Fryer,Home & Kitchen,Central,Lucknow,Small Business,1,246.6,10,246.6,21.21,10.44,Debit Card,Completed,33,4.4
2024-03-29,ORD03449,CUST3215,Jeans,Fashion,West,Pune,Consumer,5,83.23,20,416.15,38.2,-55.84,Cash on Delivery,Completed,41,4.0
2024-03-29,ORD04458,CUST1063,Running Shoes,Sports,Central,Indore,Consumer,5,195.0,5,974.98,47.92,47.22,Credit Card,Completed,44,3.2
2024-03-30,ORD01667,CUST1050,T-Shirt,Fashion,East,Bhubaneswar,Consumer,5,20.33,10,101.64,41.87,-26.18,Debit Card,Completed,23,2.8
2024-03-30,ORD04324,CUST2722,Dumbbells,Sports,West,Mumbai,Consumer,3,299.58,5,898.74,28.78,123.41,UPI,Completed,19,4.6
2024-03-30,ORD03093,CUST3040,Running Shoes,Sports,South,Hyderabad,Corporate,3,109.34,15,328.02,26.61,-36.04,UPI,Completed,31,3.8
2024-03-30,ORD02898,CUST1364,Keyboard,Office Supplies,Central,Indore,Corporate,4,374.16,5,1496.65,16.37,233.17,Credit Card,Completed,62,4.3
2024-03-30,ORD02736,CUST1549,Jeans,Fashion,North,Delhi,Consumer,1,236.51,10,236.51,21.11,-18.95,PayPal,Completed,20,4.1
2024-03-30,ORD04800,CUST2636,Tablet,Electronics,South,Hyderabad,Consumer,2,1245.81,15,2491.61,24.73,-31.55,UPI,Completed,28,3.8
2024-03-30,ORD00415,CUST1762,Yoga Mat,Sports,Central,Bhopal,Consumer,3,342.99,10,1028.98,42.36,119.62,UPI,Completed,51,4.4
2024-03-30,ORD02093,CUST3302,Headphones,Electronics,Central,Indore,Consumer,1,352.76,20,352.76,21.02,-13.9,UPI,Cancelled,44,4.7
2024-03-30,ORD00573,CUST2065,Tablet,Electronics,Central,Bhopal,Consumer,1,534.12,10,534.12,19.6,52.15,UPI,Completed,49,3.5
2024-03-30,ORD01935,CUST1368,Notebook,Office Supplies,Central,Indore,Consumer,4,234.03,10,936.12,16.47,53.4,Debit Card,Cancelled,22,4.1
2024-03-30,ORD03088,CUST1269,Shampoo,Beauty,South,Hyderabad,Small Business,2,162.29,10,324.57,34.43,-13.81,Credit Card,Cancelled,52,4.8
2024-03-31,ORD00671,CUST2732,Smartphone,Electronics,West,Mumbai,Consumer,1,947.64,15,947.64,30.98,79.08,Cash on Delivery,Completed,21,4.6
2024-03-31,ORD01151,CUST2189,Jacket,Fashion,West,Pune,Small Business,5,138.63,10,693.14,28.81,41.58,UPI,Completed,55,4.2
2024-03-31,ORD02422,CUST2773,Lipstick,Beauty,South,Chennai,Small Business,5,157.26,5,786.29,28.07,26.3,Debit Card,Completed,41,4.0
2024-03-31,ORD01067,CUST1475,Vacuum Cleaner,Home & Kitchen,Central,Bhopal,Corporate,3,235.16,10,705.48,27.93,12.91,Credit Card,Returned,20,4.8
2024-03-31,ORD01291,CUST1412,Printer,Office Supplies,Central,Indore,Consumer,2,92.83,15,185.65,16.4,-26.22,Credit Card,Completed,47,2.4
2024-03-31,ORD04370,CUST1945,Headphones,Electronics,North,Delhi,Consumer,4,1206.76,15,4827.05,25.74,-27.17,Credit Card,Completed,59,4.1
2024-03-31,ORD03148,CUST3108,Backpack,Fashion,Central,Indore,Consumer,1,218.28,5,218.28,12.41,25.86,Debit Card,Completed,24,3.0
2024-04-01,ORD00403,CUST3219,T-Shirt,Fashion,West,Mumbai,Corporate,3,83.79,5,251.37,25.59,23.66,Credit Card,Completed,23,2.5
2024-04-01,ORD04396,CUST1825,T-Shirt,Fashion,East,Kolkata,Consumer,4,120.79,0,483.17,36.2,33.68,UPI,Completed,36,3.6
2024-04-01,ORD02590,CUST2673,Cookware Set,Home & Kitchen,North,Chandigarh,Consumer,3,88.95,15,266.84,26.74,-43.72,UPI,Completed,22,3.2
2024-04-01,ORD03505,CUST1250,Laptop,Electronics,South,Bengaluru,Corporate,3,734.12,10,2202.35,41.82,-23.67,PayPal,Completed,43,4.3
2024-04-01,ORD00236,CUST3385,Sports Bottle,Sports,Central,Bhopal,Consumer,4,187.24,15,748.96,17.59,33.56,Cash on Delivery,Completed,61,2.8
2024-04-01,ORD00498,CUST1005,Running Shoes,Sports,West,Mumbai,Consumer,4,149.5,10,598.0,23.49,61.2,Credit Card,Completed,52,3.9
2024-04-01,ORD04872,CUST1985,Printer,Office Supplies,Central,Lucknow,Small Business,2,165.04,10,330.09,22.62,-10.69,UPI,Completed,62,3.0
2024-04-01,ORD01991,CUST3153,Sneakers,Fashion,North,Delhi,Small Business,3,114.12,5,342.36,41.45,-17.95,Cash on Delivery,Completed,20,4.7
2024-04-01,ORD00299,CUST2958,Sneakers,Fashion,Central,Lucknow,Consumer,5,197.75,5,988.77,28.81,140.71,Credit Card,Completed,55,5.0
2024-04-02,ORD00166,CUST3477,Headphones,Electronics,North,Jaipur,Consumer,5,189.62,15,948.1,25.33,-83.66,UPI,Completed,60,3.7
2024-04-02,ORD03071,CUST1378,Keyboard,Office Supplies,South,Hyderabad,Consumer,1,337.03,0,337.03,18.98,75.31,UPI,Completed,32,3.5
2024-04-02,ORD03210,CUST3111,Desk Lamp,Office Supplies,North,Jaipur,Corporate,3,76.69,10,230.07,25.89,-13.23,UPI,Completed,18,4.0
2024-04-02,ORD02021,CUST3158,Lipstick,Beauty,Central,Indore,Small Business,5,171.3,20,856.52,25.97,-13.93,UPI,Completed,57,5.0
2024-04-02,ORD04093,CUST3388,Smartwatch,Electronics,South,Chennai,Consumer,5,139.72,5,698.59,35.04,99.97,Cash on Delivery,Completed,28,4.5
2024-04-02,ORD02007,CUST1803,Blender,Home & Kitchen,South,Bengaluru,Consumer,3,66.53,10,199.58,28.89,-21.95,Credit Card,Completed,40,3.7
2024-04-02,ORD01371,CUST2398,Smartwatch,Electronics,East,Bhubaneswar,Small Business,4,998.39,15,3993.56,35.43,235.65,UPI,Completed,63,4.6
2024-04-02,ORD02092,CUST2849,Notebook,Office Supplies,South,Bengaluru,Small Business,5,419.44,10,2097.22,19.66,272.58,PayPal,Completed,57,4.6
2024-04-02,ORD03639,CUST2224,Dumbbells,Sports,North,Jaipur,Corporate,5,316.71,5,1583.57,31.97,111.86,UPI,Completed,18,3.6
2024-04-03,ORD02847,CUST1987,Dumbbells,Sports,East,Guwahati,Consumer,4,290.01,10,1160.04,16.89,62.55,Debit Card,Completed,52,4.0
2024-04-03,ORD04030,CUST3253,Keyboard,Office Supplies,West,Pune,Consumer,3,54.06,10,162.19,21.93,-0.79,UPI,Completed,63,4.0
2024-04-03,ORD04117,CUST3042,Dumbbells,Sports,Central,Lucknow,Consumer,5,310.79,5,1553.97,26.95,42.53,Debit Card,Completed,45,3.7
2024-04-03,ORD00827,CUST3043,Shampoo,Beauty,West,Ahmedabad,Small Business,1,97.87,0,97.87,22.39,-10.15,Credit Card,Completed,55,2.5
2024-04-03,ORD00225,CUST1339,Smartwatch,Electronics,East,Kolkata,Consumer,5,786.3,20,3931.48,17.47,32.19,PayPal,Returned,60,2.7
2024-04-03,ORD02899,CUST2076,Backpack,Fashion,West,Mumbai,Small Business,5,169.58,0,847.89,41.91,31.35,Cash on Delivery,Completed,46,4.6
2024-04-03,ORD02562,CUST1922,Laptop,Electronics,East,Bhubaneswar,Corporate,5,177.78,0,888.9,48.39,154.62,UPI,Completed,32,3.8
2024-04-03,ORD00400,CUST2396,Notebook,Office Supplies,North,Chandigarh,Corporate,2,36.06,0,72.12,13.64,-0.03,UPI,Completed,57,5.0
2024-04-03,ORD00960,CUST3375,Smartwatch,Electronics,Central,Bhopal,Corporate,5,1032.92,0,5164.58,31.31,417.32,Debit Card,Completed,54,3.3
2024-04-03,ORD02961,CUST3397,Headphones,Electronics,North,Chandigarh,Consumer,5,893.34,0,4466.7,24.72,426.68,UPI,Completed,32,5.0
2024-04-03,ORD04255,CUST1537,Smartwatch,Electronics,South,Hyderabad,Consumer,1,336.49,0,336.49,10.9,43.22,Credit Card,Cancelled,41,1.9
2024-04-03,ORD03706,CUST2019,Moisturizer,Beauty,Central,Lucknow,Small Business,4,95.34,5,381.35,19.09,26.21,UPI,Completed,35,3.4
2024-04-03,ORD03428,CUST1669,Headphones,Electronics,East,Kolkata,Consumer,5,248.25,10,1241.23,37.58,-21.62,Debit Card,Cancelled,51,4.8
2024-04-03,ORD02235,CUST1188,Coffee Maker,Home & Kitchen,Central,Indore,Consumer,1,86.25,0,86.25,28.5,-13.93,Credit Card,Completed,45,5.0
2024-04-04,ORD00989,CUST1394,Headphones,Electronics,West,Mumbai,Consumer,4,487.54,0,1950.18,22.13,320.38,UPI,Completed,18,3.6
2024-04-04,ORD02012,CUST1129,Smartphone,Electronics,East,Kolkata,Consumer,2,1037.01,0,2074.02,37.58,436.02,UPI,Completed,20,5.0
2024-04-04,ORD00392,CUST2616,Blender,Home & Kitchen,West,Ahmedabad,Consumer,4,473.79,5,1895.16,47.47,57.39,Credit Card,Returned,52,4.4
2024-04-04,ORD02872,CUST1694,Yoga Mat,Sports,East,Bhubaneswar,Consumer,3,34.79,20,104.38,15.08,-20.82,UPI,Completed,27,4.0
2024-04-04,ORD02099,CUST1458,Smartphone,Electronics,South,Bengaluru,Small Business,3,691.21,10,2073.62,19.0,216.45,Debit Card,Completed,38,3.1
2024-04-05,ORD00690,CUST3154,Jeans,Fashion,Central,Bhopal,Consumer,1,217.01,15,217.01,37.9,-15.12,Cash on Delivery,Returned,19,2.8
2024-04-05,ORD04447,CUST3231,T-Shirt,Fashion,East,Bhubaneswar,Corporate,4,48.72,5,194.86,41.15,3.37,Debit Card,Completed,63,3.2
2024-04-05,ORD04313,CUST3079,Moisturizer,Beauty,Central,Indore,Consumer,2,161.89,10,323.77,14.02,28.45,Debit Card,Completed,25,3.9
2024-04-05,ORD03224,CUST2051,Headphones,Electronics,West,Ahmedabad,Corporate,1,670.67,5,670.67,19.94,84.98,Debit Card,Completed,62,4.7
2024-04-05,ORD01995,CUST3472,Blender,Home & Kitchen,North,Delhi,Small Business,5,188.76,5,943.8,34.67,16.68,Credit Card,Completed,27,3.7
2024-04-05,ORD04530,CUST3112,Vacuum Cleaner,Home & Kitchen,North,Delhi,Consumer,4,73.64,0,294.55,48.0,24.9,Credit Card,Returned,51,3.2
2024-04-05,ORD00343,CUST1773,Running Shoes,Sports,East,Bhubaneswar,Consumer,2,276.63,10,553.26,23.66,34.31,UPI,Completed,50,3.4
2024-04-05,ORD04060,CUST3475,Headphones,Electronics,South,Chennai,Consumer,2,199.66,10,399.33,36.31,7.37,UPI,Returned,19,3.6
2024-04-05,ORD01558,CUST2912,Vacuum Cleaner,Home & Kitchen,North,Chandigarh,Consumer,1,460.65,10,460.65,23.75,20.05,UPI,Completed,43,3.9
2024-04-05,ORD00590,CUST1745,Desk Lamp,Office Supplies,South,Chennai,Consumer,3,138.68,0,416.03,11.5,55.93,Cash on Delivery,Completed,35,4.9
2024-04-06,ORD02852,CUST2037,Laptop,Electronics,East,Guwahati,Small Business,3,447.69,5,1343.07,29.19,188.28,Credit Card,Completed,41,4.3
2024-04-06,ORD00360,CUST2136,Fitness Band,Sports,West,Mumbai,Corporate,1,304.09,0,304.09,13.55,47.49,UPI,Returned,50,4.2
2024-04-06,ORD00233,CUST3121,Running Shoes,Sports,West,Ahmedabad,Consumer,2,326.05,15,652.1,31.46,-45.56,Debit Card,Completed,33,3.2
2024-04-06,ORD04435,CUST2207,Yoga Mat,Sports,North,Chandigarh,Small Business,4,281.88,0,1127.51,38.36,123.14,Credit Card,Completed,40,3.7
2024-04-07,ORD02493,CUST2069,Headphones,Electronics,Central,Lucknow,Consumer,5,834.22,20,4171.09,44.72,257.77,Cash on Delivery,Returned,20,4.3
2024-04-07,ORD02284,CUST2466,Lipstick,Beauty,West,Mumbai,Consumer,5,18.75,5,93.75,47.54,-26.54,Debit Card,Completed,45,4.1
2024-04-07,ORD04677,CUST1975,Fitness Band,Sports,Central,Indore,Consumer,5,88.9,0,444.48,24.65,50.46,Cash on Delivery,Returned,59,4.2
2024-04-07,ORD02732,CUST1815,T-Shirt,Fashion,South,Chennai,Corporate,2,71.06,10,142.13,9.63,-5.99,Credit Card,Completed,63,4.1
2024-04-07,ORD04751,CUST1577,Vacuum Cleaner,Home & Kitchen,East,Guwahati,Consumer,3,334.87,0,1004.6,41.56,175.35,UPI,Completed,34,3.0
2024-04-07,ORD04724,CUST2318,Dumbbells,Sports,East,Guwahati,Consumer,4,180.07,5,720.28,15.52,150.09,Cash on Delivery,Completed,20,5.0
2024-04-07,ORD03114,CUST3357,Keyboard,Office Supplies,East,Kolkata,Consumer,1,447.58,10,447.58,5.18,10.6,UPI,Returned,43,3.7
2024-04-07,ORD01420,CUST1630,Yoga Mat,Sports,West,Pune,Consumer,5,301.56,10,1507.81,13.34,198.81,Cash on Delivery,Completed,52,4.0
2024-04-07,ORD00278,CUST3283,Sneakers,Fashion,North,Delhi,Consumer,5,60.79,5,303.95,34.46,-20.24,Cash on Delivery,Cancelled,49,3.0
2024-04-07,ORD02604,CUST1987,Headphones,Electronics,East,Guwahati,Consumer,3,1254.0,15,3762.01,29.22,343.46,PayPal,Returned,43,4.5
2024-04-07,ORD03483,CUST1748,Coffee Maker,Home & Kitchen,Central,Bhopal,Small Business,1,477.69,0,477.69,13.25,40.34,UPI,Returned,23,4.0
2024-04-08,ORD00624,CUST1032,Smartwatch,Electronics,North,Delhi,Small Business,3,1298.73,0,3896.2,41.3,328.8,UPI,Returned,30,3.4
2024-04-08,ORD00637,CUST2362,Sneakers,Fashion,South,Hyderabad,Corporate,4,237.98,5,951.93,17.5,58.35,Cash on Delivery,Returned,35,3.2
2024-04-08,ORD04744,CUST2205,Laptop,Electronics,West,Ahmedabad,Small Business,5,1224.6,10,6122.99,13.57,528.1,Credit Card,Completed,64,2.5
2024-04-08,ORD03612,CUST3464,T-Shirt,Fashion,South,Bengaluru,Small Business,5,243.61,5,1218.04,41.95,228.02,Debit Card,Completed,30,4.4
2024-04-08,ORD01837,CUST1321,Jeans,Fashion,North,Delhi,Consumer,4,211.59,5,846.36,25.62,37.85,Credit Card,Cancelled,63,4.6
2024-04-08,ORD02697,CUST1682,Keyboard,Office Supplies,Central,Bhopal,Corporate,4,153.81,20,615.24,28.98,-40.01,UPI,Completed,23,4.7
2024-04-08,ORD03403,CUST3228,Office Chair,Office Supplies,Central,Indore,Consumer,4,29.33,15,117.31,46.51,-47.3,UPI,Returned,53,2.4
2024-04-08,ORD02051,CUST1009,Dumbbells,Sports,North,Delhi,Consumer,4,290.74,15,1162.94,54.04,0.8,PayPal,Completed,52,2.8
2024-04-08,ORD01894,CUST1272,Perfume,Beauty,South,Chennai,Corporate,3,205.55,5,616.64,10.45,37.91,Debit Card,Completed,51,3.6
2024-04-09,ORD04857,CUST1224,Smartphone,Electronics,East,Bhubaneswar,Corporate,3,1112.5,10,3337.5,11.37,161.52,PayPal,Completed,20,3.9
2024-04-09,ORD04156,CUST1862,Lipstick,Beauty,East,Guwahati,Small Business,4,15.9,10,63.59,50.43,-50.04,UPI,Completed,28,4.1
2024-04-09,ORD04388,CUST2379,Notebook,Office Supplies,Central,Bhopal,Consumer,1,49.91,5,49.91,36.64,-31.17,Debit Card,Completed,54,4.2
2024-04-09,ORD01208,CUST1456,Jeans,Fashion,Central,Indore,Corporate,5,69.6,5,348.0,13.94,50.74,PayPal,Completed,45,2.6
2024-04-09,ORD02144,CUST1685,Vacuum Cleaner,Home & Kitchen,South,Hyderabad,Consumer,1,168.26,5,168.26,30.33,-19.98,Credit Card,Cancelled,29,4.0
2024-04-09,ORD03581,CUST3081,Jacket,Fashion,West,Ahmedabad,Consumer,2,34.47,10,68.94,33.01,-21.17,Debit Card,Completed,56,3.9
2024-04-09,ORD01770,CUST3196,Blender,Home & Kitchen,Central,Bhopal,Small Business,5,407.94,5,2039.71,15.09,292.87,Credit Card,Completed,31,4.5
2024-04-09,ORD04360,CUST1686,Office Chair,Office Supplies,West,Mumbai,Consumer,1,144.95,15,144.95,25.89,-11.11,UPI,Completed,33,4.3
2024-04-09,ORD04147,CUST1268,Smartphone,Electronics,North,Delhi,Small Business,2,800.85,10,1601.69,27.34,227.5,Credit Card,Returned,33,4.2
2024-04-09,ORD01760,CUST2620,Fitness Band,Sports,North,Delhi,Small Business,3,326.96,15,980.87,20.96,-51.02,UPI,Completed,47,3.4
2024-04-10,ORD00293,CUST2221,Vacuum Cleaner,Home & Kitchen,Central,Bhopal,Corporate,4,124.84,10,499.36,22.43,-3.85,Credit Card,Returned,31,3.2
2024-04-10,ORD02891,CUST1958,Laptop,Electronics,Central,Lucknow,Corporate,1,973.89,15,973.89,10.52,17.11,UPI,Completed,55,4.1
2024-04-10,ORD00126,CUST1928,Keyboard,Office Supplies,East,Guwahati,Small Business,4,381.47,10,1525.88,15.52,221.15,UPI,Completed,38,3.5
2024-04-10,ORD02735,CUST2248,Laptop,Electronics,Central,Lucknow,Consumer,1,387.83,5,387.83,20.72,31.61,Credit Card,Completed,46,3.2
2024-04-10,ORD04188,CUST2870,Shampoo,Beauty,East,Kolkata,Consumer,5,91.97,0,459.83,42.85,16.67,PayPal,Completed,31,4.4
2024-04-10,ORD00234,CUST3223,Yoga Mat,Sports,North,Chandigarh,Consumer,3,136.45,0,409.36,31.87,5.44,Credit Card,Completed,63,5.0
2024-04-10,ORD01994,CUST2778,Sports Bottle,Sports,East,Kolkata,Consumer,2,95.24,5,190.49,13.26,28.42,Cash on Delivery,Completed,40,3.6
2024-04-10,ORD03213,CUST1234,Sneakers,Fashion,North,Chandigarh,Consumer,5,149.62,0,748.1,40.59,151.55,Cash on Delivery,Completed,24,4.3
2024-04-10,ORD01734,CUST1469,Headphones,Electronics,East,Guwahati,Corporate,3,731.52,5,2194.56,37.98,332.9,UPI,Completed,63,3.6
2024-04-11,ORD03291,CUST2557,Perfume,Beauty,West,Pune,Consumer,1,116.86,5,116.86,18.12,-2.94,UPI,Returned,44,3.3
2024-04-11,ORD00918,CUST1656,Fitness Band,Sports,East,Guwahati,Corporate,4,149.99,10,599.96,42.85,-52.47,Cash on Delivery,Completed,30,3.3
2024-04-11,ORD03867,CUST2931,T-Shirt,Fashion,South,Bengaluru,Small Business,3,43.36,10,130.07,30.99,-18.77,PayPal,Returned,39,4.2
2024-04-11,ORD00418,CUST1952,Coffee Maker,Home & Kitchen,East,Kolkata,Consumer,2,161.35,10,322.7,24.66,28.77,UPI,Completed,32,3.2
2024-04-11,ORD02610,CUST3068,T-Shirt,Fashion,North,Chandigarh,Consumer,4,27.69,10,110.78,40.95,-36.17,Cash on Delivery,Completed,25,4.2
2024-04-11,ORD00132,CUST1215,Cookware Set,Home & Kitchen,West,Pune,Consumer,1,399.41,5,399.41,26.61,12.94,Cash on Delivery,Completed,43,3.5
2024-04-11,ORD00706,CUST2629,Dumbbells,Sports,South,Bengaluru,Corporate,4,149.46,10,597.86,39.02,13.71,Debit Card,Completed,28,4.4
2024-04-11,ORD01005,CUST2180,Vacuum Cleaner,Home & Kitchen,North,Chandigarh,Consumer,3,391.24,5,1173.73,42.07,161.36,PayPal,Completed,22,4.7
2024-04-12,ORD03264,CUST2678,Vacuum Cleaner,Home & Kitchen,North,Delhi,Consumer,2,46.54,10,93.09,17.44,-10.02,UPI,Returned,23,3.6
2024-04-12,ORD01645,CUST2491,Smartwatch,Electronics,East,Guwahati,Consumer,2,1159.9,10,2319.81,29.54,238.09,PayPal,Completed,34,4.2
2024-04-12,ORD00014,CUST2219,Jeans,Fashion,East,Bhubaneswar,Consumer,5,77.56,5,387.79,39.92,46.57,UPI,Completed,57,3.7
2024-04-12,ORD00737,CUST2734,Printer,Office Supplies,Central,Lucknow,Consumer,2,320.6,5,641.2,13.75,97.79,UPI,Completed,55,3.3
2024-04-12,ORD04511,CUST2199,Blender,Home & Kitchen,North,Jaipur,Consumer,2,88.23,5,176.47,14.93,25.08,PayPal,Returned,60,3.4
2024-04-12,ORD00559,CUST1585,Headphones,Electronics,West,Mumbai,Consumer,5,1216.25,10,6081.24,54.07,-146.29,PayPal,Completed,63,4.5
2024-04-12,ORD01870,CUST3007,Smartphone,Electronics,South,Chennai,Small Business,1,326.71,0,326.71,10.48,54.44,Debit Card,Completed,27,5.0
2024-04-13,ORD02376,CUST2238,Desk Lamp,Office Supplies,West,Pune,Small Business,5,365.84,0,1829.2,38.22,356.52,UPI,Completed,54,3.0
2024-04-13,ORD04590,CUST1511,Fitness Band,Sports,Central,Indore,Consumer,1,274.21,5,274.21,17.83,42.21,Credit Card,Completed,59,2.4
2024-04-13,ORD02283,CUST1469,Lipstick,Beauty,Central,Lucknow,Consumer,1,146.04,10,146.04,8.8,4.16,PayPal,Completed,62,5.0
2024-04-13,ORD00428,CUST1765,Desk Lamp,Office Supplies,North,Chandigarh,Consumer,2,444.02,15,888.04,36.84,-60.71,Cash on Delivery,Completed,30,4.4
2024-04-13,ORD00341,CUST1203,Shampoo,Beauty,South,Bengaluru,Small Business,2,156.3,10,312.6,32.09,-23.55,Cash on Delivery,Completed,32,4.4
2024-04-13,ORD00370,CUST3035,Fitness Band,Sports,North,Chandigarh,Corporate,1,175.13,15,175.13,15.31,-24.07,PayPal,Completed,48,3.1
2024-04-13,ORD04665,CUST1029,Tablet,Electronics,South,Chennai,Small Business,5,1077.54,15,5387.7,34.42,527.61,UPI,Completed,57,4.1
2024-04-13,ORD01254,CUST2046,Headphones,Electronics,North,Chandigarh,Corporate,3,369.32,0,1107.97,45.08,148.71,Debit Card,Completed,21,2.8
2024-04-13,ORD03189,CUST2746,Laptop,Electronics,South,Chennai,Consumer,2,962.38,5,1924.76,29.61,233.23,Cash on Delivery,Completed,23,5.0
2024-04-13,ORD03828,CUST1447,Sports Bottle,Sports,North,Chandigarh,Corporate,3,288.21,0,864.64,29.81,65.94,Cash on Delivery,Completed,23,3.3
2024-04-13,ORD01361,CUST2305,Keyboard,Office Supplies,West,Mumbai,Consumer,4,347.76,5,1391.04,20.28,179.73,Debit Card,Returned,22,4.4
2024-04-13,ORD01469,CUST2269,Tablet,Electronics,East,Kolkata,Consumer,2,1398.2,5,2796.39,25.36,348.47,Credit Card,Completed,44,3.9
2024-04-13,ORD01864,CUST2698,Fitness Band,Sports,Central,Bhopal,Corporate,4,144.67,0,578.67,26.07,31.19,PayPal,Completed,21,3.4
2024-04-14,ORD03965,CUST3298,Lipstick,Beauty,Central,Lucknow,Consumer,1,159.22,15,159.22,28.36,-19.98,UPI,Completed,35,2.9
2024-04-14,ORD04942,CUST1532,Notebook,Office Supplies,Central,Bhopal,Consumer,1,234.71,0,234.71,12.51,42.13,Debit Card,Completed,22,5.0
2024-04-14,ORD04541,CUST1976,Vacuum Cleaner,Home & Kitchen,East,Guwahati,Consumer,3,389.16,10,1167.49,35.76,-42.55,UPI,Completed,20,4.7
2024-04-14,ORD03014,CUST3464,Smartphone,Electronics,West,Mumbai,Small Business,3,198.96,5,596.89,48.11,-7.47,UPI,Completed,25,3.3
2024-04-14,ORD00025,CUST1510,Notebook,Office Supplies,East,Kolkata,Consumer,5,271.42,5,1357.09,55.88,212.37,Credit Card,Completed,22,5.0
2024-04-14,ORD03519,CUST2860,Fitness Band,Sports,South,Hyderabad,Consumer,3,160.67,10,482.0,30.38,21.15,Credit Card,Completed,41,4.8
2024-04-14,ORD03301,CUST1224,T-Shirt,Fashion,West,Mumbai,Small Business,4,236.84,10,947.37,41.32,42.6,Credit Card,Completed,24,4.3
2024-04-14,ORD02034,CUST2619,Desk Lamp,Office Supplies,Central,Bhopal,Corporate,2,408.33,0,816.65,30.63,149.32,Debit Card,Completed,30,3.6
2024-04-14,ORD02844,CUST2987,Laptop,Electronics,Central,Lucknow,Small Business,3,511.72,5,1535.15,37.05,255.89,UPI,Completed,22,3.4
2024-04-14,ORD01649,CUST1009,Running Shoes,Sports,North,Delhi,Consumer,2,66.93,15,133.86,25.43,-25.39,PayPal,Returned,25,3.9
2024-04-14,ORD02633,CUST2248,Smartwatch,Electronics,Central,Bhopal,Corporate,1,808.58,15,808.58,26.14,47.55,Debit Card,Completed,18,4.0
2024-04-15,ORD01425,CUST2255,Smartwatch,Electronics,Central,Lucknow,Consumer,1,609.34,5,609.34,5.96,76.52,Debit Card,Cancelled,37,4.4
2024-04-15,ORD00591,CUST1518,Jacket,Fashion,South,Chennai,Small Business,3,163.9,20,491.71,20.15,-18.73,Debit Card,Completed,22,3.0
2024-04-15,ORD04866,CUST1715,Coffee Maker,Home & Kitchen,East,Kolkata,Consumer,2,475.97,0,951.93,38.69,55.77,PayPal,Completed,57,2.7
2024-04-15,ORD00318,CUST2339,Blender,Home & Kitchen,West,Pune,Consumer,5,349.5,5,1747.5,28.27,251.98,PayPal,Completed,59,4.0
2024-04-15,ORD02829,CUST1684,Smartwatch,Electronics,West,Mumbai,Corporate,2,940.83,15,1881.66,42.33,-146.34,UPI,Completed,59,4.0
2024-04-15,ORD02289,CUST1121,Yoga Mat,Sports,West,Ahmedabad,Small Business,1,210.98,0,210.98,35.96,-17.55,UPI,Completed,41,4.4
2024-04-15,ORD04623,CUST1511,Headphones,Electronics,Central,Lucknow,Consumer,5,535.45,5,2677.26,36.06,558.74,Credit Card,Returned,36,4.3
2024-04-15,ORD04098,CUST2409,Smartphone,Electronics,West,Ahmedabad,Consumer,3,1073.54,5,3220.63,32.58,516.52,UPI,Completed,64,4.8
2024-04-16,ORD01123,CUST1124,Laptop,Electronics,West,Ahmedabad,Corporate,2,748.88,15,1497.77,20.48,166.79,UPI,Completed,48,4.0
2024-04-16,ORD01809,CUST1051,Smartphone,Electronics,South,Hyderabad,Consumer,3,197.77,15,593.3,21.94,28.77,UPI,Cancelled,62,3.8
2024-04-16,ORD01270,CUST1982,Fitness Band,Sports,East,Guwahati,Corporate,4,121.3,15,485.18,37.55,15.15,Debit Card,Completed,61,4.5
2024-04-16,ORD04062,CUST3163,Perfume,Beauty,South,Chennai,Small Business,5,210.29,5,1051.47,54.51,111.78,Credit Card,Returned,24,2.8
2024-04-16,ORD01231,CUST1218,Coffee Maker,Home & Kitchen,West,Ahmedabad,Consumer,4,420.21,5,1680.84,27.9,95.64,PayPal,Completed,38,2.5
2024-04-17,ORD03177,CUST3470,Perfume,Beauty,Central,Indore,Small Business,1,203.44,10,203.44,5.52,-2.67,Credit Card,Completed,38,4.9
2024-04-17,ORD03170,CUST1832,Smartphone,Electronics,Central,Bhopal,Consumer,5,1264.53,15,6322.67,43.44,3.51,UPI,Completed,56,4.3
2024-04-17,ORD03198,CUST2016,Desk Lamp,Office Supplies,North,Delhi,Consumer,5,237.78,0,1188.92,19.74,296.67,UPI,Completed,35,3.7
2024-04-17,ORD03538,CUST2266,Smartphone,Electronics,South,Hyderabad,Corporate,4,557.18,0,2228.73,38.49,280.85,UPI,Completed,40,3.2
2024-04-17,ORD02599,CUST2604,Backpack,Fashion,East,Guwahati,Consumer,1,148.75,10,148.75,18.26,-6.58,PayPal,Completed,31,3.3
2024-04-17,ORD04087,CUST2135,Shampoo,Beauty,South,Hyderabad,Consumer,2,199.49,0,398.98,14.95,36.79,Debit Card,Completed,53,4.2
2024-04-17,ORD02457,CUST3303,Running Shoes,Sports,South,Bengaluru,Consumer,2,120.99,5,241.98,23.96,15.69,Credit Card,Completed,55,3.9
2024-04-17,ORD01396,CUST2984,Laptop,Electronics,North,Jaipur,Consumer,2,700.44,5,1400.89,16.4,153.05,Credit Card,Completed,36,3.8
2024-04-17,ORD01831,CUST2527,Fitness Band,Sports,East,Bhubaneswar,Corporate,2,43.26,0,86.51,22.82,-15.56,PayPal,Completed,49,4.0
2024-04-17,ORD03933,CUST2900,Cookware Set,Home & Kitchen,East,Bhubaneswar,Consumer,1,492.35,0,492.35,22.18,66.24,Cash on Delivery,Completed,44,4.0
2024-04-18,ORD03371,CUST2910,Dumbbells,Sports,East,Guwahati,Consumer,2,286.63,0,573.26,26.38,112.3,UPI,Completed,63,3.9
2024-04-18,ORD03982,CUST3350,Moisturizer,Beauty,East,Kolkata,Consumer,1,146.77,0,146.77,6.43,28.99,Credit Card,Completed,39,3.0
2024-04-18,ORD02907,CUST2055,Perfume,Beauty,Central,Lucknow,Small Business,1,167.94,5,167.94,9.87,5.63,UPI,Completed,42,4.7
2024-04-18,ORD00470,CUST2912,T-Shirt,Fashion,South,Chennai,Corporate,1,142.68,5,142.68,11.03,-5.58,Credit Card,Completed,49,4.7
2024-04-18,ORD03289,CUST1586,Fitness Band,Sports,South,Bengaluru,Corporate,5,199.82,0,999.08,24.8,153.86,UPI,Completed,43,5.0
2024-04-18,ORD03673,CUST2312,T-Shirt,Fashion,Central,Bhopal,Consumer,1,185.86,0,185.86,7.45,26.9,Credit Card,Cancelled,19,4.3
2024-04-18,ORD02679,CUST2896,Perfume,Beauty,East,Kolkata,Corporate,4,67.23,5,268.93,26.48,14.12,Credit Card,Completed,25,2.9
2024-04-18,ORD03499,CUST1162,Laptop,Electronics,North,Delhi,Corporate,1,1062.41,10,1062.41,13.5,122.04,Cash on Delivery,Returned,47,3.9
2024-04-18,ORD02480,CUST2999,Sneakers,Fashion,East,Guwahati,Corporate,2,124.67,0,249.33,5.41,35.56,PayPal,Completed,37,3.7
2024-04-18,ORD03539,CUST1106,Tablet,Electronics,West,Ahmedabad,Consumer,5,1095.95,15,5479.73,31.34,-256.17,Credit Card,Returned,30,4.7
2024-04-18,ORD02688,CUST2600,Lipstick,Beauty,South,Bengaluru,Consumer,5,74.32,0,371.59,49.17,-2.2,Credit Card,Completed,59,3.4
2024-04-18,ORD04914,CUST1449,Air Fryer,Home & Kitchen,South,Hyderabad,Consumer,1,211.23,20,211.23,23.4,-24.31,UPI,Completed,36,4.2
2024-04-19,ORD02120,CUST2498,Vacuum Cleaner,Home & Kitchen,East,Bhubaneswar,Consumer,3,438.03,15,1314.09,49.07,116.62,PayPal,Completed,58,3.8
2024-04-19,ORD04434,CUST1816,Blender,Home & Kitchen,West,Ahmedabad,Consumer,1,356.59,15,356.59,33.3,-27.45,Debit Card,Completed,22,3.6
2024-04-19,ORD00332,CUST1714,Smartwatch,Electronics,West,Ahmedabad,Consumer,3,456.01,5,1368.04,39.7,60.27,Credit Card,Returned,44,3.7
2024-04-19,ORD02287,CUST1293,Sports Bottle,Sports,South,Hyderabad,Consumer,5,301.58,0,1507.92,28.28,161.44,UPI,Completed,58,3.0
2024-04-19,ORD02887,CUST3244,Coffee Maker,Home & Kitchen,North,Jaipur,Corporate,4,284.41,5,1137.64,31.95,83.78,Credit Card,Completed,22,4.4
2024-04-19,ORD03647,CUST1913,Keyboard,Office Supplies,West,Mumbai,Consumer,3,326.12,5,978.35,41.46,100.88,UPI,Completed,36,4.4
2024-04-19,ORD02734,CUST2599,Perfume,Beauty,North,Jaipur,Corporate,5,52.78,10,263.9,25.33,-26.9,Credit Card,Completed,34,4.7
2024-04-20,ORD04995,CUST2082,Coffee Maker,Home & Kitchen,West,Ahmedabad,Corporate,2,119.35,10,238.7,18.41,11.28,PayPal,Completed,20,3.7
2024-04-20,ORD01166,CUST3281,Headphones,Electronics,East,Kolkata,Corporate,1,1375.53,10,1375.53,6.24,-4.08,PayPal,Completed,47,4.4
2024-04-20,ORD02824,CUST3434,Blender,Home & Kitchen,Central,Bhopal,Consumer,4,85.88,0,343.51,25.5,34.83,UPI,Completed,26,4.9
2024-04-20,ORD00673,CUST3025,Smartwatch,Electronics,Central,Bhopal,Corporate,2,234.53,10,469.06,28.88,39.71,Debit Card,Completed,40,3.5
2024-04-20,ORD00090,CUST3183,Dumbbells,Sports,North,Jaipur,Corporate,4,121.7,10,486.81,45.13,19.24,PayPal,Completed,20,3.5
2024-04-20,ORD00141,CUST1152,Vacuum Cleaner,Home & Kitchen,North,Chandigarh,Corporate,3,386.76,10,1160.28,25.76,171.3,Credit Card,Completed,42,3.0
2024-04-20,ORD03750,CUST1725,Printer,Office Supplies,East,Bhubaneswar,Corporate,1,242.77,10,242.77,33.79,-6.57,Cash on Delivery,Completed,19,3.8
2024-04-21,ORD03984,CUST3315,Printer,Office Supplies,West,Pune,Consumer,1,150.0,5,150.0,31.03,-6.58,UPI,Completed,22,4.7
2024-04-21,ORD02549,CUST2892,Sports Bottle,Sports,South,Hyderabad,Consumer,1,213.44,10,213.44,31.17,-31.07,Credit Card,Completed,19,4.7
2024-04-21,ORD03406,CUST3077,Printer,Office Supplies,South,Bengaluru,Small Business,1,210.2,10,210.2,23.65,-12.31,Debit Card,Completed,62,4.2
2024-04-21,ORD02728,CUST2792,Headphones,Electronics,South,Hyderabad,Corporate,3,555.39,10,1666.17,27.84,182.23,PayPal,Completed,55,4.4
2024-04-21,ORD04818,CUST2881,Sneakers,Fashion,East,Bhubaneswar,Consumer,3,231.03,20,693.08,33.77,-1.57,Debit Card,Completed,43,4.0
2024-04-21,ORD00636,CUST1592,Laptop,Electronics,East,Bhubaneswar,Consumer,1,468.07,5,468.07,18.11,36.77,UPI,Completed,49,3.8
2024-04-21,ORD00544,CUST2923,Backpack,Fashion,West,Mumbai,Consumer,2,177.43,0,354.86,30.06,56.98,UPI,Completed,51,5.0
2024-04-21,ORD00692,CUST3348,Smartwatch,Electronics,East,Bhubaneswar,Small Business,5,673.58,0,3367.88,36.38,272.11,UPI,Completed,42,3.6
2024-04-21,ORD03824,CUST2229,Vacuum Cleaner,Home & Kitchen,East,Kolkata,Consumer,4,219.84,20,879.34,30.84,-88.64,Credit Card,Returned,35,4.4
2024-04-22,ORD03623,CUST2834,Moisturizer,Beauty,South,Bengaluru,Consumer,1,74.64,0,74.64,30.1,-20.42,Debit Card,Completed,54,5.0
2024-04-22,ORD04409,CUST3440,Coffee Maker,Home & Kitchen,West,Ahmedabad,Corporate,3,162.68,10,488.04,22.68,18.02,UPI,Completed,31,3.6
2024-04-22,ORD01000,CUST1972,Smartphone,Electronics,Central,Lucknow,Corporate,1,911.21,0,911.21,8.08,162.26,Credit Card,Cancelled,49,4.1
2024-04-22,ORD03063,CUST1571,Moisturizer,Beauty,East,Bhubaneswar,Small Business,4,197.09,10,788.38,33.11,2.16,Cash on Delivery,Completed,24,2.9
2024-04-22,ORD02586,CUST1532,Blender,Home & Kitchen,Central,Bhopal,Corporate,3,40.39,5,121.17,32.93,-22.48,PayPal,Completed,47,4.0
2024-04-22,ORD00165,CUST3217,Cookware Set,Home & Kitchen,Central,Lucknow,Corporate,3,365.4,15,1096.21,23.27,-53.61,Credit Card,Completed,35,4.8
2024-04-22,ORD00041,CUST3161,Blender,Home & Kitchen,South,Chennai,Corporate,3,255.39,5,766.16,35.18,69.7,Credit Card,Completed,46,4.1
2024-04-22,ORD03422,CUST1753,T-Shirt,Fashion,South,Bengaluru,Small Business,1,65.82,0,65.82,16.84,-5.03,UPI,Completed,18,4.8
2024-04-22,ORD00179,CUST1270,Fitness Band,Sports,East,Guwahati,Consumer,2,235.44,0,470.89,15.33,111.01,UPI,Completed,51,3.7
2024-04-23,ORD03907,CUST2517,Dumbbells,Sports,Central,Indore,Consumer,1,184.01,0,184.01,25.39,24.85,UPI,Completed,24,3.1
2024-04-23,ORD03818,CUST1322,Office Chair,Office Supplies,South,Bengaluru,Consumer,2,371.27,10,742.55,11.97,89.13,UPI,Completed,25,4.8
2024-04-23,ORD03576,CUST2170,Smartwatch,Electronics,Central,Lucknow,Consumer,5,356.81,10,1784.03,31.19,278.27,UPI,Completed,18,2.9
2024-04-23,ORD02281,CUST1678,Fitness Band,Sports,South,Chennai,Corporate,3,220.02,15,660.06,35.11,-12.93,Debit Card,Completed,29,3.7
2024-04-23,ORD02874,CUST3055,Smartphone,Electronics,North,Chandigarh,Corporate,5,1003.71,0,5018.53,44.43,736.91,Cash on Delivery,Completed,51,3.5
2024-04-23,ORD03748,CUST2787,Vacuum Cleaner,Home & Kitchen,Central,Lucknow,Consumer,1,219.69,10,219.69,13.14,5.93,UPI,Returned,45,3.8
2024-04-23,ORD00815,CUST2264,Jeans,Fashion,South,Chennai,Corporate,2,69.03,0,138.06,16.65,1.19,UPI,Completed,60,4.6
2024-04-23,ORD03211,CUST2760,Laptop,Electronics,West,Pune,Consumer,3,394.96,5,1184.89,33.58,163.35,UPI,Completed,40,3.8
2024-04-23,ORD02015,CUST1545,Office Chair,Office Supplies,North,Jaipur,Consumer,5,420.53,15,2102.65,21.76,182.38,Credit Card,Completed,25,4.2
2024-04-23,ORD04727,CUST1982,Office Chair,Office Supplies,North,Chandigarh,Consumer,4,89.59,0,358.35,33.7,35.73,Cash on Delivery,Completed,37,5.0
2024-04-23,ORD02578,CUST1832,Keyboard,Office Supplies,Central,Lucknow,Corporate,1,364.96,10,364.96,35.37,-32.94,Credit Card,Completed,36,3.8
2024-04-23,ORD02778,CUST2904,Laptop,Electronics,Central,Bhopal,Consumer,2,407.15,5,814.3,38.59,78.22,PayPal,Completed,49,3.1
2024-04-23,ORD02835,CUST1059,Tablet,Electronics,North,Chandigarh,Small Business,4,732.21,5,2928.85,23.99,251.61,Cash on Delivery,Completed,57,4.8
2024-04-23,ORD04825,CUST1706,Shampoo,Beauty,West,Ahmedabad,Corporate,4,49.33,20,197.32,35.81,-48.2,UPI,Completed,25,3.7
2024-04-24,ORD01732,CUST1449,Air Fryer,Home & Kitchen,North,Delhi,Small Business,2,420.24,5,840.49,32.83,115.74,PayPal,Completed,20,5.0
2024-04-24,ORD03262,CUST2664,Smartwatch,Electronics,South,Hyderabad,Consumer,1,333.22,10,333.22,35.58,21.85,PayPal,Cancelled,54,3.7
2024-04-24,ORD00721,CUST1709,Laptop,Electronics,West,Ahmedabad,Small Business,4,1224.03,5,4896.1,43.8,856.73,PayPal,Completed,28,4.6
2024-04-24,ORD00273,CUST2603,Smartwatch,Electronics,North,Chandigarh,Small Business,5,390.99,10,1954.97,18.59,209.53,Credit Card,Completed,51,3.2
2024-04-24,ORD03941,CUST2884,Backpack,Fashion,East,Kolkata,Small Business,1,211.65,10,211.65,21.71,5.16,UPI,Completed,51,5.0
2024-04-24,ORD00281,CUST1280,Lipstick,Beauty,East,Guwahati,Consumer,5,71.81,0,359.07,45.54,52.06,PayPal,Completed,40,4.1
2024-04-24,ORD00300,CUST1209,Desk Lamp,Office Supplies,East,Kolkata,Consumer,2,302.97,5,605.93,17.91,60.9,PayPal,Completed,61,2.5
2024-04-25,ORD02303,CUST1346,T-Shirt,Fashion,East,Kolkata,Consumer,1,156.89,0,156.89,18.74,20.92,PayPal,Completed,62,3.3
2024-04-25,ORD00485,CUST2351,Running Shoes,Sports,North,Delhi,Consumer,1,343.04,5,343.04,13.71,15.03,Credit Card,Completed,64,4.1
2024-04-25,ORD01871,CUST3207,Laptop,Electronics,Central,Bhopal,Consumer,2,1013.47,10,2026.93,14.59,38.75,UPI,Completed,32,4.9
2024-04-25,ORD00472,CUST2465,Dumbbells,Sports,South,Bengaluru,Corporate,5,139.73,15,698.63,33.68,-13.56,UPI,Completed,56,4.1
2024-04-25,ORD02911,CUST2206,Blender,Home & Kitchen,South,Chennai,Corporate,1,105.08,10,105.08,28.18,-24.7,Debit Card,Completed,63,4.4
2024-04-25,ORD04111,CUST2357,Blender,Home & Kitchen,North,Delhi,Small Business,3,223.3,0,669.89,13.66,171.33,PayPal,Completed,52,4.0
2024-04-26,ORD03835,CUST2736,Vacuum Cleaner,Home & Kitchen,Central,Bhopal,Corporate,2,169.04,10,338.08,33.23,-18.36,Credit Card,Completed,39,3.0
2024-04-26,ORD00272,CUST1627,Tablet,Electronics,Central,Bhopal,Corporate,5,532.58,10,2662.88,44.41,-87.46,Credit Card,Completed,28,4.3
2024-04-26,ORD01569,CUST2033,Fitness Band,Sports,Central,Lucknow,Consumer,3,45.77,5,137.3,31.41,-7.0,UPI,Returned,21,3.6
2024-04-27,ORD00256,CUST1702,Smartwatch,Electronics,South,Chennai,Small Business,5,1233.19,15,6165.96,46.76,359.83,UPI,Completed,64,5.0
2024-04-27,ORD01992,CUST3284,Laptop,Electronics,West,Pune,Consumer,1,292.4,15,292.4,19.02,6.75,Debit Card,Returned,25,4.1
2024-04-27,ORD02896,CUST1085,Vacuum Cleaner,Home & Kitchen,South,Hyderabad,Consumer,3,158.68,10,476.03,41.04,-23.96,UPI,Returned,46,4.9
2024-04-27,ORD01605,CUST2231,Jacket,Fashion,Central,Indore,Consumer,5,224.35,10,1121.77,44.84,-15.24,UPI,Completed,25,5.0
2024-04-27,ORD00310,CUST2666,Headphones,Electronics,West,Ahmedabad,Consumer,5,810.17,20,4050.84,28.18,220.26,Debit Card,Completed,61,4.2
2024-04-27,ORD03252,CUST3066,Fitness Band,Sports,South,Hyderabad,Corporate,5,171.71,15,858.55,52.05,-103.89,Credit Card,Cancelled,36,3.7
2024-04-27,ORD01098,CUST1587,Smartphone,Electronics,North,Jaipur,Small Business,5,159.21,15,796.07,15.87,27.33,Debit Card,Returned,29,3.1
2024-04-27,ORD02413,CUST3265,Backpack,Fashion,West,Pune,Consumer,1,57.01,15,57.01,4.36,-7.47,UPI,Completed,59,3.9
2024-04-27,ORD04304,CUST1466,Moisturizer,Beauty,West,Ahmedabad,Corporate,1,186.77,0,186.77,34.63,-8.66,Credit Card,Completed,31,4.6
2024-04-27,ORD03122,CUST3384,Backpack,Fashion,West,Mumbai,Corporate,1,126.43,10,126.43,16.29,-10.45,UPI,Completed,54,2.9
2024-04-27,ORD03277,CUST1242,Tablet,Electronics,West,Ahmedabad,Consumer,3,311.31,15,933.92,7.34,25.14,UPI,Completed,37,5.0
2024-04-27,ORD01180,CUST1030,Running Shoes,Sports,North,Delhi,Consumer,3,215.76,10,647.27,39.11,14.37,Debit Card,Completed,55,2.5
2024-04-27,ORD01124,CUST3481,Moisturizer,Beauty,Central,Lucknow,Small Business,2,62.58,5,125.15,20.49,-16.62,Debit Card,Cancelled,37,3.3
2024-04-27,ORD03162,CUST1627,Moisturizer,Beauty,Central,Indore,Small Business,5,19.09,0,95.47,33.5,-9.77,PayPal,Completed,24,3.3
2024-04-27,ORD01939,CUST2326,Yoga Mat,Sports,Central,Bhopal,Consumer,4,172.0,10,687.98,18.05,71.83,Debit Card,Completed,24,5.0
2024-04-27,ORD03376,CUST1369,Coffee Maker,Home & Kitchen,North,Delhi,Consumer,5,97.18,0,485.91,33.55,65.85,Cash on Delivery,Completed,32,3.2
2024-04-28,ORD04649,CUST2795,Sneakers,Fashion,West,Ahmedabad,Small Business,4,167.69,20,670.75,22.15,5.69,Debit Card,Completed,18,3.5
2024-04-28,ORD03758,CUST1436,Running Shoes,Sports,North,Jaipur,Consumer,2,47.27,10,94.55,22.99,-8.78,Cash on Delivery,Cancelled,22,5.0
2024-04-28,ORD01314,CUST1285,Air Fryer,Home & Kitchen,Central,Lucknow,Consumer,5,373.06,10,1865.28,26.72,65.0,UPI,Completed,31,5.0
2024-04-28,ORD02169,CUST1903,Desk Lamp,Office Supplies,North,Jaipur,Consumer,5,400.92,10,2004.62,26.0,163.49,UPI,Completed,63,4.2
2024-04-28,ORD01709,CUST2213,Headphones,Electronics,Central,Lucknow,Consumer,3,197.64,0,592.93,16.18,135.52,UPI,Completed,33,3.1
2024-04-29,ORD01194,CUST2783,Vacuum Cleaner,Home & Kitchen,West,Ahmedabad,Small Business,5,199.07,0,995.37,27.44,69.32,Credit Card,Completed,48,5.0
2024-04-29,ORD04871,CUST1874,Printer,Office Supplies,West,Pune,Consumer,2,302.98,15,605.96,37.31,-26.82,Credit Card,Completed,23,4.3
2024-04-29,ORD04293,CUST1225,Keyboard,Office Supplies,North,Chandigarh,Consumer,3,130.65,20,391.94,36.71,-82.44,Credit Card,Completed,25,3.3
2024-04-29,ORD01572,CUST3346,Office Chair,Office Supplies,South,Hyderabad,Consumer,5,212.82,0,1064.12,18.75,79.84,Credit Card,Completed,57,3.7
2024-04-29,ORD03113,CUST1307,Jeans,Fashion,South,Bengaluru,Consumer,2,38.89,20,77.77,26.78,-27.13,Credit Card,Completed,48,5.0
2024-04-29,ORD03757,CUST1787,Backpack,Fashion,South,Chennai,Small Business,3,168.18,0,504.55,22.0,96.03,UPI,Completed,36,4.0
2024-04-29,ORD04930,CUST3066,Office Chair,Office Supplies,South,Chennai,Corporate,5,413.69,10,2068.45,55.82,-57.21,Credit Card,Completed,27,4.5
2024-04-30,ORD03514,CUST3059,Laptop,Electronics,Central,Bhopal,Consumer,2,217.26,5,434.52,12.2,43.78,Credit Card,Returned,62,5.0
2024-04-30,ORD04211,CUST2666,Running Shoes,Sports,Central,Lucknow,Corporate,1,215.93,0,215.93,15.32,4.7,Debit Card,Completed,40,4.5
2024-04-30,ORD02285,CUST3295,Office Chair,Office Supplies,North,Chandigarh,Corporate,5,295.18,10,1475.88,49.62,-67.79,Credit Card,Returned,25,4.0
2024-04-30,ORD03880,CUST1716,Tablet,Electronics,East,Guwahati,Consumer,2,813.43,10,1626.86,36.08,188.79,Debit Card,Completed,51,4.3
2024-04-30,ORD04118,CUST2528,Smartphone,Electronics,North,Delhi,Small Business,1,1345.34,10,1345.34,20.41,12.02,Credit Card,Completed,44,5.0
2024-04-30,ORD03167,CUST1100,Smartwatch,Electronics,South,Bengaluru,Corporate,2,988.41,10,1976.82,25.79,296.15,Debit Card,Cancelled,35,5.0
2024-04-30,ORD01411,CUST3186,Desk Lamp,Office Supplies,South,Hyderabad,Corporate,4,77.9,15,311.59,28.67,9.8,UPI,Completed,63,3.7
2024-05-01,ORD04791,CUST3462,Headphones,Electronics,Central,Lucknow,Corporate,3,1138.17,5,3414.5,27.44,343.56,Cash on Delivery,Completed,35,4.8
2024-05-01,ORD01597,CUST3249,Yoga Mat,Sports,Central,Indore,Corporate,4,246.16,10,984.65,25.48,111.56,Debit Card,Completed,27,4.5
2024-05-01,ORD03206,CUST1338,Sneakers,Fashion,West,Pune,Consumer,2,179.69,10,359.37,32.43,-6.87,Debit Card,Returned,54,3.8
2024-05-01,ORD01538,CUST3104,Yoga Mat,Sports,East,Kolkata,Consumer,2,326.21,15,652.41,27.45,-42.9,Debit Card,Completed,58,3.7
2024-05-02,ORD04375,CUST1038,Moisturizer,Beauty,North,Jaipur,Consumer,2,161.82,10,323.63,41.43,-25.83,Debit Card,Completed,43,3.7
2024-05-02,ORD03303,CUST1739,Dumbbells,Sports,Central,Indore,Corporate,1,55.05,15,55.05,35.97,-32.63,UPI,Completed,45,4.2
2024-05-02,ORD04443,CUST2103,T-Shirt,Fashion,North,Jaipur,Corporate,3,140.46,10,421.38,39.92,-38.63,Credit Card,Cancelled,44,3.1
2024-05-02,ORD03508,CUST2688,Perfume,Beauty,East,Bhubaneswar,Small Business,1,103.84,5,103.84,8.46,0.81,Credit Card,Cancelled,31,4.4
2024-05-02,ORD02526,CUST3282,Lipstick,Beauty,Central,Indore,Consumer,2,91.63,5,183.26,13.15,-0.6,UPI,Completed,56,5.0
2024-05-02,ORD00758,CUST1604,Vacuum Cleaner,Home & Kitchen,North,Chandigarh,Corporate,2,220.31,5,440.62,42.09,11.54,Cash on Delivery,Completed,54,3.8
2024-05-02,ORD04976,CUST2098,Sports Bottle,Sports,Central,Indore,Small Business,4,288.0,0,1152.0,31.3,111.77,Credit Card,Completed,50,3.1
2024-05-02,ORD03756,CUST1447,Air Fryer,Home & Kitchen,East,Guwahati,Corporate,1,64.86,20,64.86,31.54,-33.83,UPI,Completed,19,4.1
2024-05-02,ORD02892,CUST2734,Cookware Set,Home & Kitchen,West,Pune,Consumer,4,487.39,10,1949.56,37.49,62.45,Debit Card,Returned,58,4.0
2024-05-02,ORD04620,CUST1378,Dumbbells,Sports,North,Delhi,Corporate,4,265.52,10,1062.08,22.04,128.55,PayPal,Completed,24,4.2
2024-05-02,ORD03530,CUST3195,Sneakers,Fashion,South,Bengaluru,Consumer,1,46.22,0,46.22,22.45,-14.15,Debit Card,Completed,42,4.4
2024-05-02,ORD00644,CUST1324,Air Fryer,Home & Kitchen,West,Pune,Consumer,1,124.7,0,124.7,35.19,-23.28,Debit Card,Completed,22,2.2
2024-05-02,ORD04799,CUST2675,Tablet,Electronics,West,Pune,Small Business,3,1253.05,10,3759.15,21.43,-3.89,UPI,Completed,54,3.8
2024-05-02,ORD03595,CUST1234,Office Chair,Office Supplies,North,Chandigarh,Consumer,1,359.55,10,359.55,33.87,-16.21,PayPal,Returned,61,4.8
2024-05-03,ORD04951,CUST2448,Sneakers,Fashion,West,Mumbai,Consumer,2,153.69,15,307.39,37.17,-1.25,UPI,Completed,26,2.7
2024-05-03,ORD02612,CUST2347,Desk Lamp,Office Supplies,West,Mumbai,Consumer,1,213.08,15,213.08,27.3,-3.06,Cash on Delivery,Completed,26,4.4
2024-05-03,ORD00191,CUST2404,Fitness Band,Sports,South,Bengaluru,Corporate,4,134.67,0,538.69,25.8,22.83,UPI,Completed,36,3.5
2024-05-03,ORD00613,CUST2971,Smartwatch,Electronics,Central,Indore,Corporate,5,960.52,0,4802.6,36.26,937.02,Cash on Delivery,Completed,51,4.3
2024-05-03,ORD01484,CUST2781,Smartwatch,Electronics,Central,Bhopal,Corporate,4,250.12,0,1000.49,34.08,83.85,UPI,Completed,33,4.6
2024-05-03,ORD02343,CUST2590,Smartwatch,Electronics,South,Chennai,Corporate,1,1265.31,15,1265.31,23.29,-107.82,UPI,Completed,46,4.6
2024-05-03,ORD04702,CUST2170,Yoga Mat,Sports,North,Chandigarh,Corporate,4,66.8,10,267.19,12.43,26.49,UPI,Completed,37,4.8
2024-05-03,ORD00797,CUST3127,Jeans,Fashion,East,Kolkata,Corporate,2,249.69,10,499.38,12.81,34.39,UPI,Completed,42,5.0
2024-05-03,ORD00159,CUST2505,Blender,Home & Kitchen,North,Delhi,Consumer,3,212.26,5,636.78,42.71,23.93,Credit Card,Completed,26,5.0
2024-05-03,ORD04808,CUST3207,Sports Bottle,Sports,North,Delhi,Consumer,3,192.65,10,577.94,28.71,-23.19,Debit Card,Completed,60,5.0
2024-05-03,ORD02466,CUST3225,Backpack,Fashion,Central,Lucknow,Consumer,2,235.36,15,470.71,21.16,21.47,Credit Card,Returned,62,4.0
2024-05-03,ORD04989,CUST1561,Keyboard,Office Supplies,East,Kolkata,Consumer,2,167.34,0,334.67,26.1,21.58,Credit Card,Completed,48,5.0
2024-05-03,ORD03688,CUST2233,Vacuum Cleaner,Home & Kitchen,North,Delhi,Consumer,1,217.67,0,217.67,13.89,40.12,Debit Card,Completed,52,5.0
2024-05-04,ORD03317,CUST1893,Smartphone,Electronics,East,Guwahati,Small Business,4,121.75,0,487.01,44.28,26.76,Credit Card,Completed,19,4.8
2024-05-04,ORD03134,CUST2492,Coffee Maker,Home & Kitchen,North,Jaipur,Consumer,2,408.77,0,817.55,11.71,169.76,UPI,Returned,21,5.0
2024-05-04,ORD00777,CUST3020,Office Chair,Office Supplies,Central,Indore,Corporate,1,71.97,10,71.97,17.63,-9.41,Cash on Delivery,Completed,38,3.1
2024-05-04,ORD03672,CUST3080,Smartphone,Electronics,Central,Lucknow,Corporate,4,1050.59,15,4202.35,38.84,483.36,Credit Card,Completed,34,4.2
2024-05-04,ORD02473,CUST1056,Headphones,Electronics,North,Jaipur,Consumer,1,741.95,0,741.95,34.83,166.67,Debit Card,Completed,21,4.9
2024-05-04,ORD00186,CUST2481,Tablet,Electronics,South,Chennai,Consumer,5,1028.95,15,5144.73,18.9,11.57,UPI,Completed,51,3.7
2024-05-04,ORD00231,CUST2104,Dumbbells,Sports,North,Delhi,Small Business,3,147.54,10,442.63,19.41,-13.43,UPI,Completed,18,4.1
2024-05-04,ORD03977,CUST3065,Backpack,Fashion,Central,Bhopal,Consumer,1,132.62,5,132.62,18.15,2.49,UPI,Completed,62,2.9
2024-05-04,ORD04044,CUST2800,T-Shirt,Fashion,West,Ahmedabad,Consumer,4,102.53,10,410.13,33.83,-17.95,PayPal,Completed,59,5.0
2024-05-04,ORD01476,CUST2844,Notebook,Office Supplies,West,Pune,Corporate,2,411.09,15,822.17,17.55,-58.48,PayPal,Completed,48,3.8
2024-05-04,ORD04105,CUST1374,Headphones,Electronics,North,Chandigarh,Consumer,3,656.91,10,1970.74,20.93,74.94,PayPal,Cancelled,63,3.4
2024-05-05,ORD02502,CUST1507,Desk Lamp,Office Supplies,East,Guwahati,Consumer,2,207.56,0,415.12,12.88,96.13,Debit Card,Completed,61,2.5
2024-05-05,ORD02904,CUST2307,Fitness Band,Sports,North,Delhi,Corporate,5,199.76,5,998.81,30.87,132.03,Credit Card,Completed,45,3.8
2024-05-05,ORD00913,CUST2625,Coffee Maker,Home & Kitchen,West,Mumbai,Corporate,3,264.01,10,792.02,23.18,34.42,Credit Card,Returned,21,3.5
2024-05-05,ORD01960,CUST1471,Fitness Band,Sports,Central,Indore,Consumer,3,321.22,0,963.65,35.88,199.72,Credit Card,Completed,24,4.1
2024-05-05,ORD01196,CUST2526,Blender,Home & Kitchen,East,Kolkata,Corporate,5,399.56,15,1997.81,17.53,-110.49,UPI,Completed,56,5.0
2024-05-05,ORD04691,CUST3448,Laptop,Electronics,Central,Lucknow,Small Business,2,780.21,10,1560.42,13.68,100.48,Credit Card,Completed,53,3.8
2024-05-05,ORD01490,CUST1266,Smartwatch,Electronics,North,Jaipur,Consumer,4,926.32,10,3705.29,32.07,597.97,Debit Card,Completed,51,3.2
2024-05-05,ORD02693,CUST2905,Yoga Mat,Sports,West,Ahmedabad,Consumer,1,304.64,15,304.64,23.81,-28.39,Credit Card,Completed,40,5.0
2024-05-05,ORD00900,CUST1554,Blender,Home & Kitchen,Central,Lucknow,Consumer,2,156.54,15,313.08,32.52,-38.65,Debit Card,Completed,26,3.4
2024-05-05,ORD00864,CUST1102,Desk Lamp,Office Supplies,West,Mumbai,Corporate,4,285.38,10,1141.52,28.05,166.08,Credit Card,Completed,47,3.2
2024-05-06,ORD03761,CUST2989,Backpack,Fashion,West,Pune,Consumer,5,143.55,10,717.73,42.43,51.21,Credit Card,Completed,20,3.7
2024-05-06,ORD02959,CUST2827,Vacuum Cleaner,Home & Kitchen,South,Bengaluru,Corporate,2,447.67,5,895.35,38.86,84.56,Credit Card,Completed,22,4.4
2024-05-06,ORD02102,CUST2209,Notebook,Office Supplies,East,Kolkata,Consumer,5,219.54,10,1097.69,29.04,55.07,Cash on Delivery,Completed,20,4.1
2024-05-06,ORD02333,CUST1152,Notebook,Office Supplies,Central,Bhopal,Corporate,3,196.94,10,590.81,11.94,-0.73,UPI,Completed,20,3.8
2024-05-06,ORD02314,CUST1367,Jacket,Fashion,West,Ahmedabad,Consumer,3,141.17,20,423.51,8.75,18.04,Cash on Delivery,Completed,57,3.8
2024-05-06,ORD01781,CUST2479,Office Chair,Office Supplies,West,Mumbai,Consumer,5,364.59,20,1822.96,19.5,109.41,Credit Card,Returned,27,5.0
2024-05-06,ORD00155,CUST1146,Air Fryer,Home & Kitchen,South,Chennai,Consumer,3,445.56,5,1336.69,17.96,87.3,Cash on Delivery,Completed,26,2.7
2024-05-07,ORD03640,CUST3143,Yoga Mat,Sports,South,Bengaluru,Consumer,1,328.48,0,328.48,20.18,24.08,Credit Card,Completed,51,4.6
2024-05-07,ORD03947,CUST2747,Face Serum,Beauty,South,Bengaluru,Corporate,3,85.86,0,257.57,34.48,29.82,UPI,Completed,64,3.1
2024-05-07,ORD04583,CUST3456,Sneakers,Fashion,West,Ahmedabad,Small Business,2,85.0,15,170.0,12.18,4.07,PayPal,Completed,31,3.4
2024-05-07,ORD00313,CUST2921,Desk Lamp,Office Supplies,North,Chandigarh,Small Business,3,33.03,15,99.08,42.65,-39.5,Credit Card,Completed,28,4.5
2024-05-07,ORD02339,CUST1932,Sneakers,Fashion,East,Bhubaneswar,Consumer,1,166.85,5,166.85,20.23,0.36,PayPal,Completed,21,2.4
2024-05-07,ORD01940,CUST1969,Sports Bottle,Sports,North,Delhi,Corporate,1,90.39,10,90.39,30.16,-27.45,Cash on Delivery,Completed,62,5.0
2024-05-07,ORD00385,CUST2223,Air Fryer,Home & Kitchen,Central,Lucknow,Small Business,1,68.73,10,68.73,32.57,-26.77,Debit Card,Completed,59,5.0
2024-05-07,ORD01817,CUST2987,Cookware Set,Home & Kitchen,East,Kolkata,Consumer,4,212.36,5,849.43,13.05,120.69,Cash on Delivery,Completed,29,2.9
2024-05-07,ORD02107,CUST2802,Moisturizer,Beauty,East,Kolkata,Consumer,4,113.2,5,452.8,48.04,-32.38,UPI,Returned,53,3.5
2024-05-07,ORD03446,CUST3127,Notebook,Office Supplies,East,Bhubaneswar,Corporate,1,317.99,10,317.99,18.47,3.34,Credit Card,Completed,48,3.5
2024-05-08,ORD02993,CUST1965,Moisturizer,Beauty,Central,Bhopal,Consumer,3,210.37,5,631.1,36.43,-3.06,Debit Card,Completed,50,3.8
2024-05-08,ORD01272,CUST1800,Coffee Maker,Home & Kitchen,East,Guwahati,Consumer,4,81.54,15,326.17,14.06,-26.88,UPI,Completed,40,4.0
2024-05-08,ORD01382,CUST1186,Smartphone,Electronics,South,Hyderabad,Consumer,5,895.63,5,4478.15,38.96,232.08,UPI,Completed,18,3.2
2024-05-08,ORD01398,CUST2077,Smartphone,Electronics,West,Pune,Consumer,1,1281.75,10,1281.75,13.89,183.17,Credit Card,Returned,50,4.8
2024-05-08,ORD01064,CUST2736,Laptop,Electronics,Central,Bhopal,Corporate,1,953.02,10,953.02,37.6,52.39,Debit Card,Returned,52,4.2
2024-05-08,ORD03773,CUST1817,Laptop,Electronics,South,Hyderabad,Corporate,3,1050.11,0,3150.33,34.46,575.57,Debit Card,Returned,25,4.0
2024-05-08,ORD00825,CUST1164,Smartphone,Electronics,South,Bengaluru,Small Business,5,310.24,10,1551.19,39.54,47.79,Debit Card,Completed,63,4.3
2024-05-08,ORD04597,CUST3297,Face Serum,Beauty,West,Ahmedabad,Consumer,3,20.6,5,61.79,29.38,-26.71,UPI,Completed,38,5.0
2024-05-08,ORD04852,CUST3210,Desk Lamp,Office Supplies,West,Mumbai,Small Business,3,421.64,5,1264.92,30.84,61.09,Credit Card,Completed,38,3.2
2024-05-09,ORD03512,CUST1862,Running Shoes,Sports,Central,Lucknow,Consumer,1,169.29,5,169.29,13.77,20.18,Debit Card,Completed,39,5.0
2024-05-09,ORD04965,CUST2120,Printer,Office Supplies,Central,Bhopal,Consumer,3,210.41,15,631.24,26.87,9.64,Cash on Delivery,Completed,48,3.9
2024-05-09,ORD01922,CUST1097,Notebook,Office Supplies,North,Delhi,Corporate,5,331.0,10,1655.0,44.99,91.51,UPI,Returned,31,3.5
2024-05-09,ORD02681,CUST2095,Notebook,Office Supplies,North,Chandigarh,Corporate,4,109.48,15,437.91,32.56,15.06,Cash on Delivery,Completed,19,4.1
2024-05-09,ORD04820,CUST3453,Dumbbells,Sports,Central,Bhopal,Corporate,3,294.52,0,883.56,29.64,125.33,UPI,Completed,34,3.5
2024-05-09,ORD01753,CUST1186,Blender,Home & Kitchen,West,Mumbai,Consumer,1,69.89,5,69.89,24.02,-13.58,Credit Card,Completed,55,3.4
2024-05-09,ORD00746,CUST3005,Smartwatch,Electronics,West,Mumbai,Corporate,5,1205.56,10,6027.81,23.92,954.09,UPI,Completed,63,3.4
2024-05-09,ORD02072,CUST3205,Headphones,Electronics,East,Bhubaneswar,Small Business,1,262.86,10,262.86,13.26,-1.7,Cash on Delivery,Completed,41,4.1
2024-05-09,ORD00285,CUST2316,Air Fryer,Home & Kitchen,West,Mumbai,Consumer,2,120.4,10,240.8,31.8,-32.83,Credit Card,Completed,28,3.2
2024-05-10,ORD02155,CUST1532,Keyboard,Office Supplies,West,Mumbai,Consumer,3,70.31,15,210.94,28.24,-7.12,UPI,Completed,53,4.8
2024-05-10,ORD02988,CUST3228,Desk Lamp,Office Supplies,South,Bengaluru,Consumer,3,169.17,15,507.51,36.46,-69.51,Cash on Delivery,Returned,35,3.4
2024-05-10,ORD03178,CUST1766,Blender,Home & Kitchen,North,Delhi,Corporate,2,45.51,0,91.03,35.59,-13.37,Debit Card,Returned,33,5.0
2024-05-10,ORD02049,CUST2923,Jacket,Fashion,South,Bengaluru,Consumer,2,148.84,5,297.67,19.66,29.08,Credit Card,Completed,38,4.1
2024-05-10,ORD02455,CUST2327,Yoga Mat,Sports,North,Delhi,Consumer,2,333.0,10,666.0,18.3,20.83,Credit Card,Completed,40,4.2
2024-05-10,ORD01238,CUST2671,Dumbbells,Sports,Central,Lucknow,Corporate,4,217.76,20,871.04,31.24,22.69,Credit Card,Returned,49,3.8
2024-05-10,ORD04608,CUST1773,Keyboard,Office Supplies,South,Chennai,Small Business,2,88.85,10,177.71,24.3,-1.38,UPI,Completed,51,3.3
2024-05-10,ORD02635,CUST2238,Perfume,Beauty,West,Mumbai,Corporate,5,57.64,15,288.19,15.99,-34.34,Credit Card,Completed,23,4.6
2024-05-10,ORD02933,CUST2975,Cookware Set,Home & Kitchen,North,Jaipur,Consumer,2,168.26,15,336.51,24.44,-4.19,Credit Card,Cancelled,25,5.0
2024-05-10,ORD00449,CUST1217,Printer,Office Supplies,East,Guwahati,Corporate,5,315.92,5,1579.6,47.89,148.65,Cash on Delivery,Completed,33,5.0
2024-05-10,ORD02022,CUST2796,Jacket,Fashion,North,Delhi,Consumer,2,182.71,5,365.41,32.59,-18.2,PayPal,Returned,60,3.0
2024-05-10,ORD04167,CUST2592,Running Shoes,Sports,Central,Lucknow,Small Business,1,111.23,0,111.23,30.65,-1.22,UPI,Completed,64,4.0
2024-05-11,ORD02902,CUST1158,Printer,Office Supplies,South,Chennai,Corporate,3,350.0,15,1049.99,21.83,27.47,UPI,Completed,31,5.0
2024-05-11,ORD02871,CUST1641,Backpack,Fashion,West,Ahmedabad,Consumer,2,119.93,5,239.86,18.93,30.98,Cash on Delivery,Completed,61,5.0
2024-05-11,ORD04046,CUST1489,Office Chair,Office Supplies,South,Hyderabad,Consumer,1,110.09,5,110.09,16.24,1.33,Credit Card,Completed,53,5.0
2024-05-11,ORD00708,CUST2390,Tablet,Electronics,North,Delhi,Small Business,2,313.32,10,626.65,21.04,82.38,Cash on Delivery,Returned,57,5.0
2024-05-11,ORD01726,CUST1262,Headphones,Electronics,East,Bhubaneswar,Consumer,2,1338.24,0,2676.48,31.39,669.47,Credit Card,Completed,34,3.7
2024-05-11,ORD01155,CUST1356,Jeans,Fashion,Central,Lucknow,Corporate,3,139.33,0,417.99,30.02,7.48,UPI,Completed,32,3.6
2024-05-11,ORD01089,CUST2178,Jeans,Fashion,South,Hyderabad,Small Business,3,217.33,0,652.0,24.07,74.89,UPI,Returned,57,3.1
2024-05-11,ORD03370,CUST2545,Yoga Mat,Sports,West,Ahmedabad,Corporate,1,228.11,5,228.11,32.84,0.91,PayPal,Completed,21,4.1
2024-05-11,ORD00241,CUST3244,Moisturizer,Beauty,North,Chandigarh,Small Business,2,77.07,10,154.14,13.36,2.59,PayPal,Completed,25,3.9
2024-05-11,ORD01631,CUST1393,Smartphone,Electronics,South,Hyderabad,Consumer,2,621.72,5,1243.44,22.56,167.55,UPI,Completed,63,4.2
2024-05-12,ORD04290,CUST1111,Notebook,Office Supplies,North,Jaipur,Consumer,4,264.32,10,1057.28,43.22,-52.25,Cash on Delivery,Completed,52,3.6
2024-05-12,ORD00265,CUST2189,Desk Lamp,Office Supplies,North,Jaipur,Consumer,3,27.05,10,81.16,33.66,-22.19,Debit Card,Completed,27,3.6
2024-05-12,ORD03661,CUST2245,Lipstick,Beauty,West,Ahmedabad,Corporate,4,150.13,0,600.51,30.3,52.38,UPI,Returned,24,4.3
2024-05-12,ORD00336,CUST3130,Keyboard,Office Supplies,East,Kolkata,Consumer,5,265.08,10,1325.42,44.08,94.16,Debit Card,Returned,29,2.4
2024-05-12,ORD04476,CUST1391,Blender,Home & Kitchen,North,Delhi,Consumer,2,78.42,5,156.84,11.38,7.0,UPI,Returned,20,4.2
2024-05-12,ORD00794,CUST3098,Vacuum Cleaner,Home & Kitchen,East,Bhubaneswar,Corporate,1,493.26,5,493.26,21.22,6.41,UPI,Returned,39,3.5
2024-05-12,ORD00584,CUST2267,Jeans,Fashion,South,Bengaluru,Consumer,4,110.09,10,440.36,19.9,25.37,Credit Card,Completed,58,2.7
2024-05-12,ORD03764,CUST3309,Smartwatch,Electronics,North,Jaipur,Consumer,5,251.0,0,1254.98,34.94,283.96,UPI,Completed,36,3.9
2024-05-12,ORD00757,CUST1822,Desk Lamp,Office Supplies,Central,Lucknow,Consumer,4,252.79,0,1011.15,14.26,194.44,Credit Card,Returned,41,3.4
2024-05-12,ORD02575,CUST1699,Backpack,Fashion,West,Ahmedabad,Consumer,4,38.69,5,154.76,37.45,-23.87,Credit Card,Completed,54,4.3
2024-05-12,ORD00459,CUST1313,Smartwatch,Electronics,North,Chandigarh,Small Business,2,721.92,10,1443.84,32.31,84.57,UPI,Completed,47,2.8
2024-05-12,ORD02227,CUST2721,Desk Lamp,Office Supplies,North,Chandigarh,Consumer,4,297.93,5,1191.72,35.78,71.39,Debit Card,Completed,54,3.5
2024-05-12,ORD03687,CUST2950,T-Shirt,Fashion,Central,Indore,Small Business,5,124.91,10,624.57,29.25,-34.75,UPI,Completed,33,3.6
2024-05-12,ORD00819,CUST1988,Headphones,Electronics,North,Chandigarh,Corporate,4,819.0,10,3275.99,26.41,63.12,Cash on Delivery,Completed,26,4.1
2024-05-13,ORD04135,CUST2526,Smartphone,Electronics,South,Bengaluru,Consumer,5,1313.88,5,6569.38,14.63,1439.07,UPI,Completed,39,4.6
2024-05-13,ORD03611,CUST2921,Fitness Band,Sports,East,Kolkata,Consumer,1,167.11,5,167.11,8.16,3.47,UPI,Completed,37,4.7
2024-05-13,ORD00631,CUST3246,Fitness Band,Sports,West,Pune,Corporate,2,245.32,15,490.64,16.24,-4.21,UPI,Completed,40,4.4
2024-05-13,ORD01042,CUST1916,Cookware Set,Home & Kitchen,West,Mumbai,Consumer,4,173.74,10,694.97,12.64,66.06,Credit Card,Returned,45,3.2
2024-05-13,ORD01421,CUST2543,Sneakers,Fashion,East,Guwahati,Consumer,4,173.62,5,694.46,51.37,30.89,PayPal,Completed,36,3.6
2024-05-13,ORD04828,CUST1222,Desk Lamp,Office Supplies,South,Bengaluru,Small Business,1,164.94,0,164.94,9.21,34.44,Debit Card,Returned,36,3.9
2024-05-13,ORD02598,CUST1700,Keyboard,Office Supplies,South,Bengaluru,Small Business,2,119.43,10,238.87,20.73,8.52,Credit Card,Returned,47,5.0
2024-05-13,ORD03854,CUST3451,Face Serum,Beauty,Central,Indore,Consumer,1,159.56,0,159.56,8.42,14.59,Debit Card,Cancelled,19,5.0
2024-05-14,ORD02947,CUST1034,Printer,Office Supplies,South,Hyderabad,Consumer,2,49.28,15,98.56,35.73,-38.3,Debit Card,Returned,44,4.5
2024-05-14,ORD04137,CUST1580,Keyboard,Office Supplies,West,Mumbai,Consumer,3,418.13,0,1254.4,37.82,261.92,Credit Card,Completed,60,4.7
2024-05-14,ORD00965,CUST1531,Backpack,Fashion,Central,Bhopal,Consumer,5,108.41,5,542.03,32.54,56.29,Credit Card,Completed,30,4.1
2024-05-14,ORD02053,CUST2061,Smartwatch,Electronics,West,Mumbai,Corporate,5,408.54,10,2042.69,16.66,180.49,Credit Card,Returned,34,3.4
2024-05-14,ORD04529,CUST2368,T-Shirt,Fashion,North,Jaipur,Consumer,1,40.51,15,40.51,20.03,-16.92,UPI,Completed,28,4.6
2024-05-14,ORD02263,CUST1773,Smartwatch,Electronics,South,Hyderabad,Corporate,4,542.04,10,2168.14,37.62,196.76,UPI,Completed,64,3.1
2024-05-14,ORD01606,CUST1996,Headphones,Electronics,South,Bengaluru,Consumer,1,123.53,15,123.53,8.06,-12.29,UPI,Completed,22,5.0
2024-05-14,ORD03653,CUST1788,Sneakers,Fashion,North,Jaipur,Small Business,2,139.51,0,279.01,32.95,1.39,Debit Card,Completed,30,4.0
2024-05-14,ORD00489,CUST1373,Jeans,Fashion,South,Hyderabad,Consumer,5,34.91,10,174.56,39.15,-29.1,PayPal,Returned,48,3.0
2024-05-14,ORD00193,CUST1579,Moisturizer,Beauty,West,Ahmedabad,Consumer,1,24.29,0,24.29,9.08,-6.99,Debit Card,Completed,38,3.7
2024-05-14,ORD02312,CUST2174,Office Chair,Office Supplies,West,Ahmedabad,Corporate,2,446.86,0,893.73,23.83,131.13,Debit Card,Returned,46,3.3
2024-05-14,ORD04433,CUST1950,Yoga Mat,Sports,South,Hyderabad,Consumer,1,298.54,10,298.54,17.75,-5.1,Debit Card,Completed,45,3.3
2024-05-14,ORD01741,CUST2491,Printer,Office Supplies,Central,Bhopal,Corporate,2,427.85,0,855.7,20.91,67.66,UPI,Completed,35,4.3
2024-05-14,ORD01253,CUST1237,Coffee Maker,Home & Kitchen,East,Kolkata,Corporate,2,394.13,0,788.27,18.62,134.7,Credit Card,Returned,64,4.6
2024-05-15,ORD04985,CUST2345,T-Shirt,Fashion,West,Mumbai,Corporate,5,196.02,10,980.1,38.22,-45.41,Credit Card,Completed,46,3.1
2024-05-15,ORD03720,CUST1461,Jacket,Fashion,South,Bengaluru,Consumer,4,68.91,0,275.65,20.39,12.77,Credit Card,Completed,42,3.6
2024-05-15,ORD00728,CUST2100,Laptop,Electronics,South,Chennai,Consumer,5,1022.12,5,5110.62,32.37,461.79,UPI,Completed,21,4.6
2024-05-15,ORD00610,CUST3121,Moisturizer,Beauty,West,Pune,Consumer,4,39.27,5,157.09,27.82,-19.69,Cash on Delivery,Completed,57,4.4
2024-05-15,ORD01075,CUST3205,Vacuum Cleaner,Home & Kitchen,West,Pune,Corporate,5,346.34,5,1731.72,56.15,161.94,Credit Card,Completed,19,4.7
2024-05-15,ORD01449,CUST3456,Smartphone,Electronics,South,Bengaluru,Small Business,1,175.92,15,175.92,22.59,-7.11,Debit Card,Completed,41,4.2
2024-05-15,ORD03431,CUST2660,Cookware Set,Home & Kitchen,North,Delhi,Consumer,1,239.32,0,239.32,27.72,1.31,UPI,Returned,47,4.3
2024-05-15,ORD04962,CUST1968,Blender,Home & Kitchen,East,Guwahati,Consumer,5,68.26,10,341.32,24.41,13.65,Debit Card,Cancelled,36,4.3
2024-05-15,ORD01154,CUST1706,Headphones,Electronics,East,Kolkata,Corporate,2,1145.23,20,2290.47,6.72,-239.91,Debit Card,Returned,42,4.6
2024-05-15,ORD01162,CUST2913,Face Serum,Beauty,West,Mumbai,Corporate,2,78.48,10,156.95,21.36,-23.36,PayPal,Completed,25,5.0
2024-05-15,ORD03798,CUST2477,T-Shirt,Fashion,South,Chennai,Consumer,2,106.77,10,213.53,20.24,-2.55,Debit Card,Completed,39,2.6
2024-05-15,ORD01249,CUST2976,Jacket,Fashion,West,Pune,Consumer,1,179.1,5,179.1,13.02,13.58,Credit Card,Completed,32,3.8
2024-05-15,ORD01332,CUST3377,Blender,Home & Kitchen,Central,Bhopal,Consumer,4,332.7,0,1330.82,17.63,221.77,Debit Card,Completed,25,3.2
2024-05-15,ORD03806,CUST3372,Blender,Home & Kitchen,Central,Lucknow,Corporate,3,365.41,0,1096.24,13.75,178.57,Debit Card,Completed,21,4.2
2024-05-16,ORD00302,CUST3423,Cookware Set,Home & Kitchen,West,Ahmedabad,Consumer,4,409.78,0,1639.1,18.85,140.19,Cash on Delivery,Completed,37,4.8
2024-05-16,ORD01451,CUST2993,Running Shoes,Sports,North,Delhi,Small Business,3,273.5,15,820.51,37.96,46.97,UPI,Completed,50,2.7
2024-05-16,ORD03007,CUST2258,Shampoo,Beauty,South,Hyderabad,Small Business,2,53.87,10,107.74,35.65,-28.47,Debit Card,Completed,51,5.0
2024-05-16,ORD01412,CUST1915,Sports Bottle,Sports,South,Bengaluru,Corporate,5,111.77,5,558.85,30.19,29.42,Debit Card,Completed,27,4.9
2024-05-16,ORD04864,CUST2857,Yoga Mat,Sports,East,Bhubaneswar,Corporate,5,97.09,5,485.44,15.12,43.68,UPI,Completed,42,3.4
2024-05-16,ORD03541,CUST1342,Perfume,Beauty,West,Mumbai,Small Business,2,97.79,5,195.57,32.78,-10.93,UPI,Completed,64,3.3
2024-05-16,ORD02818,CUST2890,Keyboard,Office Supplies,East,Bhubaneswar,Consumer,2,193.78,20,387.56,28.15,-43.83,PayPal,Completed,48,5.0
2024-05-16,ORD02878,CUST3308,Smartphone,Electronics,South,Hyderabad,Consumer,2,290.78,5,581.56,25.19,89.15,Credit Card,Completed,41,4.6
2024-05-16,ORD04241,CUST1633,Sports Bottle,Sports,West,Mumbai,Consumer,4,219.86,0,879.42,40.6,174.24,Cash on Delivery,Completed,25,2.9
2024-05-16,ORD03670,CUST1586,Laptop,Electronics,West,Pune,Small Business,3,1186.92,5,3560.77,38.32,734.12,UPI,Returned,28,5.0
2024-05-17,ORD00950,CUST3094,Vacuum Cleaner,Home & Kitchen,Central,Bhopal,Consumer,4,377.48,10,1509.91,27.29,139.99,Debit Card,Completed,33,3.7
2024-05-17,ORD02683,CUST1693,Smartphone,Electronics,West,Ahmedabad,Corporate,2,231.08,5,462.17,11.99,37.55,UPI,Completed,45,3.8
2024-05-17,ORD04266,CUST1984,Running Shoes,Sports,West,Ahmedabad,Consumer,1,105.23,20,105.23,21.31,-29.27,Credit Card,Cancelled,33,3.7
2024-05-17,ORD03463,CUST2485,Smartphone,Electronics,Central,Bhopal,Consumer,3,306.31,10,918.92,26.84,-3.2,PayPal,Completed,42,3.8
2024-05-17,ORD04448,CUST3170,Backpack,Fashion,West,Pune,Consumer,5,41.69,5,208.43,27.52,-4.79,Credit Card,Completed,53,4.0
2024-05-18,ORD01566,CUST2397,Running Shoes,Sports,South,Hyderabad,Consumer,2,68.53,15,137.05,33.82,-27.44,UPI,Completed,50,2.9
2024-05-18,ORD01052,CUST1110,Perfume,Beauty,West,Mumbai,Corporate,3,177.75,10,533.25,41.82,32.81,Credit Card,Returned,18,4.3
2024-05-18,ORD04342,CUST1148,Smartphone,Electronics,Central,Indore,Corporate,2,445.96,10,891.92,17.41,92.82,UPI,Completed,33,3.2
2024-05-18,ORD03260,CUST3282,Headphones,Electronics,South,Chennai,Consumer,1,435.64,5,435.64,15.25,37.76,UPI,Completed,35,3.4
2024-05-18,ORD04144,CUST3331,Jeans,Fashion,West,Pune,Consumer,3,246.47,5,739.4,13.28,46.75,UPI,Completed,36,5.0
2024-05-18,ORD00685,CUST1419,Notebook,Office Supplies,Central,Bhopal,Corporate,2,427.91,0,855.82,11.08,199.17,Credit Card,Cancelled,44,3.5
2024-05-18,ORD02070,CUST2810,Printer,Office Supplies,West,Ahmedabad,Consumer,1,237.91,0,237.91,23.73,39.24,Credit Card,Returned,35,4.1
2024-05-18,ORD00176,CUST3320,Yoga Mat,Sports,West,Mumbai,Consumer,3,61.27,5,183.8,16.11,18.87,UPI,Completed,40,5.0
2024-05-19,ORD02116,CUST1384,Blender,Home & Kitchen,North,Delhi,Consumer,5,108.37,0,541.86,16.65,58.29,PayPal,Returned,20,5.0
2024-05-19,ORD01787,CUST1892,Air Fryer,Home & Kitchen,East,Bhubaneswar,Consumer,4,425.73,0,1702.93,44.17,211.11,UPI,Completed,56,3.6
2024-05-19,ORD03117,CUST1551,Keyboard,Office Supplies,East,Bhubaneswar,Consumer,2,388.36,10,776.71,14.57,1.83,UPI,Completed,21,3.5
2024-05-20,ORD00185,CUST2151,Sports Bottle,Sports,West,Pune,Consumer,3,289.77,5,869.3,15.44,72.34,Credit Card,Completed,57,4.3
2024-05-20,ORD00074,CUST2300,Smartwatch,Electronics,North,Jaipur,Corporate,5,356.27,0,1781.34,41.57,288.51,PayPal,Completed,41,5.0
2024-05-20,ORD03881,CUST2638,Yoga Mat,Sports,South,Chennai,Small Business,2,296.05,0,592.1,29.3,54.91,Debit Card,Returned,62,2.2
2024-05-20,ORD03633,CUST3137,Smartphone,Electronics,South,Hyderabad,Small Business,5,1110.1,5,5550.52,34.45,647.78,UPI,Completed,31,4.8
2024-05-20,ORD04162,CUST2675,Jacket,Fashion,West,Mumbai,Corporate,5,199.22,5,996.08,43.5,75.67,Debit Card,Completed,51,4.9
2024-05-20,ORD04172,CUST3233,Air Fryer,Home & Kitchen,South,Chennai,Consumer,3,270.4,15,811.21,22.37,-18.89,UPI,Completed,33,2.5
2024-05-20,ORD02577,CUST1453,Smartphone,Electronics,South,Hyderabad,Small Business,3,250.07,10,750.21,7.31,115.39,Debit Card,Completed,27,5.0
2024-05-20,ORD01999,CUST1112,Vacuum Cleaner,Home & Kitchen,East,Guwahati,Consumer,2,491.92,0,983.84,26.63,195.49,Credit Card,Returned,64,1.8
2024-05-21,ORD00887,CUST3449,Keyboard,Office Supplies,North,Chandigarh,Small Business,3,323.55,10,970.66,21.87,15.58,UPI,Completed,51,4.2
2024-05-21,ORD02389,CUST1803,Blender,Home & Kitchen,Central,Indore,Consumer,2,206.22,0,412.43,28.02,22.73,Debit Card,Completed,50,3.4
2024-05-21,ORD03355,CUST2212,Printer,Office Supplies,Central,Indore,Consumer,4,288.51,10,1154.03,34.61,-21.96,Cash on Delivery,Completed,47,4.9
2024-05-21,ORD04888,CUST1275,Laptop,Electronics,East,Bhubaneswar,Consumer,5,148.27,20,741.33,15.37,15.12,Debit Card,Completed,62,4.3
2024-05-21,ORD04175,CUST2539,Fitness Band,Sports,North,Chandigarh,Corporate,3,40.95,0,122.85,19.05,-0.57,Debit Card,Completed,21,4.7
2024-05-21,ORD03934,CUST2110,Sneakers,Fashion,Central,Indore,Corporate,5,82.51,10,412.55,25.68,16.98,Credit Card,Cancelled,53,4.4
2024-05-21,ORD04472,CUST3318,Office Chair,Office Supplies,North,Jaipur,Corporate,1,51.57,10,51.57,25.91,-25.16,Credit Card,Completed,61,4.3
2024-05-22,ORD04321,CUST1582,Office Chair,Office Supplies,West,Ahmedabad,Consumer,5,71.83,15,359.14,49.63,-49.79,UPI,Completed,32,3.4
2024-05-22,ORD04673,CUST2251,Desk Lamp,Office Supplies,West,Pune,Consumer,1,313.57,5,313.57,26.73,43.73,Credit Card,Cancelled,47,3.8
2024-05-22,ORD02057,CUST1412,Vacuum Cleaner,Home & Kitchen,North,Chandigarh,Small Business,5,195.82,20,979.11,36.75,-79.42,Credit Card,Completed,57,4.1
2024-05-22,ORD04064,CUST1124,Air Fryer,Home & Kitchen,North,Jaipur,Consumer,5,284.61,0,1423.06,11.94,148.3,Credit Card,Returned,32,4.0
2024-05-22,ORD02774,CUST2683,Vacuum Cleaner,Home & Kitchen,West,Ahmedabad,Consumer,2,240.63,10,481.25,17.85,48.7,Credit Card,Completed,23,4.8
2024-05-22,ORD02508,CUST2956,Office Chair,Office Supplies,West,Mumbai,Consumer,3,74.99,10,224.96,27.06,-6.96,Credit Card,Cancelled,30,3.8
2024-05-22,ORD00175,CUST2224,Running Shoes,Sports,West,Pune,Corporate,1,179.6,15,179.6,8.04,-12.47,Credit Card,Completed,47,2.3
2024-05-22,ORD04785,CUST3260,Shampoo,Beauty,North,Chandigarh,Consumer,2,43.02,15,86.03,24.35,-22.14,Credit Card,Returned,26,4.0
2024-05-23,ORD01306,CUST2199,Yoga Mat,Sports,South,Chennai,Consumer,5,86.26,10,431.29,27.81,24.62,UPI,Completed,34,3.5
2024-05-23,ORD01147,CUST2925,Jacket,Fashion,East,Guwahati,Consumer,4,93.38,5,373.54,20.24,15.05,Cash on Delivery,Completed,53,3.2
2024-05-23,ORD04108,CUST1247,Office Chair,Office Supplies,North,Delhi,Corporate,3,221.96,10,665.87,31.14,-3.25,Credit Card,Returned,53,3.7
2024-05-24,ORD03533,CUST2705,Smartphone,Electronics,East,Bhubaneswar,Corporate,4,760.15,0,3040.61,34.65,789.01,Debit Card,Returned,61,4.9
2024-05-24,ORD00565,CUST3321,Smartwatch,Electronics,West,Ahmedabad,Consumer,1,631.1,10,631.1,9.84,8.93,Credit Card,Completed,32,3.7
2024-05-24,ORD00329,CUST3322,Keyboard,Office Supplies,West,Mumbai,Corporate,2,207.49,10,414.99,9.11,59.9,Credit Card,Completed,33,4.4
2024-05-24,ORD04104,CUST3176,Cookware Set,Home & Kitchen,West,Mumbai,Small Business,5,443.03,10,2215.13,9.84,147.99,UPI,Completed,59,2.9
2024-05-24,ORD02028,CUST2109,T-Shirt,Fashion,South,Bengaluru,Consumer,1,161.66,0,161.66,28.77,12.65,PayPal,Completed,36,2.8
2024-05-24,ORD00923,CUST1800,Smartwatch,Electronics,South,Chennai,Corporate,4,1152.38,0,4609.52,34.59,410.94,UPI,Cancelled,24,2.8
2024-05-24,ORD03437,CUST1778,Blender,Home & Kitchen,West,Mumbai,Consumer,4,353.18,10,1412.71,29.89,-40.74,Cash on Delivery,Completed,64,3.3
2024-05-25,ORD03685,CUST1442,Printer,Office Supplies,West,Ahmedabad,Small Business,1,153.74,10,153.74,19.79,-14.04,Debit Card,Cancelled,41,4.3
2024-05-25,ORD03204,CUST1569,Lipstick,Beauty,North,Delhi,Consumer,5,128.92,10,644.58,33.45,81.91,Credit Card,Completed,26,4.0
2024-05-25,ORD04563,CUST2494,Printer,Office Supplies,Central,Lucknow,Consumer,1,246.55,0,246.55,13.68,48.47,Cash on Delivery,Completed,60,2.5
2024-05-25,ORD01206,CUST1200,Tablet,Electronics,West,Ahmedabad,Consumer,3,977.6,5,2932.8,13.09,409.52,Cash on Delivery,Completed,61,5.0
2024-05-25,ORD04896,CUST2894,T-Shirt,Fashion,West,Pune,Small Business,2,61.05,15,122.1,24.28,-19.55,Credit Card,Completed,61,4.4
2024-05-25,ORD03814,CUST1183,Sneakers,Fashion,West,Ahmedabad,Small Business,5,181.97,5,909.86,28.57,152.56,Cash on Delivery,Completed,59,4.0
2024-05-25,ORD03523,CUST3443,Face Serum,Beauty,North,Chandigarh,Corporate,5,131.13,5,655.65,22.17,56.74,Credit Card,Completed,39,3.9
2024-05-25,ORD03542,CUST1065,Shampoo,Beauty,North,Jaipur,Corporate,4,200.21,10,800.83,21.1,-19.73,PayPal,Completed,46,4.3
2024-05-25,ORD01725,CUST2908,Office Chair,Office Supplies,East,Kolkata,Corporate,1,313.55,20,313.55,30.96,-17.15,Debit Card,Cancelled,24,3.2
2024-05-25,ORD02758,CUST2262,Yoga Mat,Sports,North,Delhi,Small Business,1,90.65,15,90.65,14.06,-5.48,Cash on Delivery,Returned,33,3.2
2024-05-25,ORD03102,CUST2519,Smartwatch,Electronics,East,Bhubaneswar,Corporate,3,1135.65,15,3406.96,11.4,152.37,Debit Card,Completed,59,4.0
2024-05-25,ORD02900,CUST2116,Laptop,Electronics,Central,Lucknow,Consumer,2,1383.12,15,2766.24,15.04,108.12,PayPal,Completed,18,2.3
2024-05-25,ORD03473,CUST3221,Desk Lamp,Office Supplies,West,Mumbai,Small Business,5,371.24,10,1856.22,40.12,220.56,Debit Card,Completed,58,4.0
2024-05-25,ORD03479,CUST1091,Vacuum Cleaner,Home & Kitchen,Central,Indore,Consumer,5,134.49,5,672.43,29.23,96.71,UPI,Completed,32,4.8
2024-05-26,ORD04365,CUST2041,Keyboard,Office Supplies,East,Bhubaneswar,Consumer,4,212.67,10,850.7,31.63,111.97,UPI,Returned,19,4.8
2024-05-26,ORD03997,CUST1954,T-Shirt,Fashion,South,Chennai,Corporate,4,122.85,10,491.42,22.56,-15.57,Credit Card,Completed,54,2.9
2024-05-26,ORD00835,CUST1438,Sneakers,Fashion,West,Mumbai,Consumer,2,132.63,5,265.26,12.04,-0.02,UPI,Completed,49,3.8
2024-05-26,ORD02277,CUST2800,Jeans,Fashion,West,Mumbai,Consumer,5,87.65,15,438.27,16.89,-42.47,UPI,Completed,24,4.2
2024-05-26,ORD00593,CUST2080,Fitness Band,Sports,West,Pune,Small Business,5,236.35,0,1181.75,27.98,281.28,UPI,Completed,55,3.6
2024-05-26,ORD02329,CUST2980,Sneakers,Fashion,East,Kolkata,Corporate,3,200.69,5,602.08,11.34,16.42,Debit Card,Completed,21,4.7
2024-05-26,ORD04555,CUST1362,Face Serum,Beauty,Central,Bhopal,Small Business,5,179.87,5,899.37,15.02,105.8,Debit Card,Completed,26,3.8
2024-05-26,ORD00599,CUST2667,Tablet,Electronics,West,Mumbai,Consumer,3,498.8,10,1496.4,31.27,37.65,Debit Card,Completed,32,3.6
2024-05-26,ORD00353,CUST1121,Office Chair,Office Supplies,Central,Bhopal,Small Business,1,423.88,5,423.88,7.34,51.54,Credit Card,Returned,45,5.0
2024-05-26,ORD02030,CUST1585,Face Serum,Beauty,East,Guwahati,Corporate,3,218.25,10,654.74,25.77,-17.35,Debit Card,Completed,54,3.1
2024-05-26,ORD00119,CUST1665,Headphones,Electronics,Central,Lucknow,Corporate,3,572.43,10,1717.29,21.35,277.32,Debit Card,Completed,50,2.5
2024-05-26,ORD02729,CUST3321,Jacket,Fashion,East,Kolkata,Consumer,1,141.18,10,141.18,13.22,-5.13,Credit Card,Cancelled,19,4.1
2024-05-26,ORD01481,CUST1745,Smartwatch,Electronics,West,Mumbai,Consumer,3,216.71,0,650.12,9.62,85.69,Credit Card,Completed,27,3.9
2024-05-26,ORD03191,CUST2730,Jeans,Fashion,North,Delhi,Small Business,3,173.39,5,520.17,14.22,85.51,Credit Card,Completed,49,2.7
2024-05-27,ORD04480,CUST2633,Jeans,Fashion,West,Ahmedabad,Small Business,2,162.88,5,325.77,37.2,-16.11,PayPal,Completed,34,4.9
2024-05-27,ORD02198,CUST1046,Yoga Mat,Sports,North,Delhi,Consumer,4,155.97,10,623.89,36.3,-25.87,Credit Card,Completed,27,3.8
2024-05-27,ORD03091,CUST2150,Smartphone,Electronics,North,Delhi,Corporate,1,764.44,10,764.44,36.53,83.42,Credit Card,Completed,34,3.8
2024-05-27,ORD02104,CUST1731,Smartphone,Electronics,West,Pune,Consumer,4,1043.03,5,4172.13,25.48,645.8,Credit Card,Completed,31,4.2
2024-05-27,ORD03072,CUST2331,Keyboard,Office Supplies,West,Pune,Consumer,5,19.12,20,95.6,16.98,-12.82,Credit Card,Completed,20,4.4
2024-05-27,ORD00040,CUST1341,Headphones,Electronics,North,Chandigarh,Small Business,1,757.91,0,757.91,25.95,180.37,UPI,Completed,30,4.6
2024-05-27,ORD01091,CUST2889,Laptop,Electronics,North,Jaipur,Consumer,1,1363.96,15,1363.96,11.89,44.92,UPI,Completed,36,4.0
2024-05-27,ORD00597,CUST3478,Air Fryer,Home & Kitchen,West,Ahmedabad,Consumer,5,254.34,5,1271.72,48.39,2.24,Debit Card,Completed,23,3.5
2024-05-27,ORD04291,CUST1026,Headphones,Electronics,North,Jaipur,Consumer,2,599.06,5,1198.11,26.77,22.43,Cash on Delivery,Completed,41,2.7
2024-05-27,ORD03768,CUST2932,Face Serum,Beauty,Central,Lucknow,Consumer,1,30.38,5,30.38,9.43,-3.49,Debit Card,Completed,35,3.9
2024-05-27,ORD00320,CUST1470,Laptop,Electronics,East,Kolkata,Corporate,1,348.26,5,348.26,24.08,10.52,Debit Card,Completed,35,4.3
2024-05-27,ORD02080,CUST1435,Yoga Mat,Sports,South,Chennai,Consumer,5,169.14,5,845.7,25.57,13.17,Debit Card,Completed,24,2.7
2024-05-28,ORD01018,CUST3257,Sports Bottle,Sports,Central,Lucknow,Consumer,1,215.41,5,215.41,30.84,-12.28,PayPal,Completed,62,3.8
2024-05-28,ORD02797,CUST2818,Running Shoes,Sports,West,Ahmedabad,Consumer,3,319.51,15,958.52,42.1,72.95,Debit Card,Completed,45,3.9
2024-05-28,ORD04913,CUST2502,Dumbbells,Sports,South,Bengaluru,Small Business,1,68.02,5,68.02,17.97,-10.67,UPI,Completed,53,3.2
2024-05-28,ORD00555,CUST2720,Smartwatch,Electronics,East,Kolkata,Consumer,1,844.88,5,844.88,16.77,62.13,PayPal,Completed,21,3.7
2024-05-28,ORD04515,CUST2304,Fitness Band,Sports,South,Hyderabad,Consumer,2,179.27,15,358.55,10.62,34.98,PayPal,Completed,50,4.5
2024-05-28,ORD04516,CUST1448,Sports Bottle,Sports,North,Chandigarh,Small Business,5,129.17,0,645.84,30.69,32.48,UPI,Completed,25,3.7
2024-05-28,ORD02935,CUST2226,Printer,Office Supplies,South,Chennai,Consumer,2,326.85,0,653.7,12.61,156.01,PayPal,Completed,26,3.8
2024-05-28,ORD01040,CUST2716,Laptop,Electronics,East,Guwahati,Small Business,3,496.63,5,1489.9,23.48,92.5,Debit Card,Completed,54,4.9
2024-05-28,ORD03356,CUST2721,Smartphone,Electronics,North,Delhi,Consumer,3,197.02,5,591.07,26.12,42.84,PayPal,Completed,33,4.3
2024-05-28,ORD01275,CUST1159,Laptop,Electronics,West,Pune,Consumer,1,964.25,15,964.25,22.66,72.43,UPI,Completed,31,2.7
2024-05-28,ORD00719,CUST1110,Keyboard,Office Supplies,North,Delhi,Consumer,4,179.34,15,717.35,26.13,-17.33,Credit Card,Completed,51,4.8
2024-05-28,ORD00847,CUST1541,Printer,Office Supplies,Central,Indore,Consumer,1,18.24,10,18.24,27.26,-25.54,UPI,Completed,50,4.6
2024-05-28,ORD02208,CUST3014,Cookware Set,Home & Kitchen,Central,Indore,Consumer,2,408.88,10,817.76,39.01,-40.52,UPI,Completed,63,3.6
2024-05-28,ORD01002,CUST2107,Perfume,Beauty,East,Bhubaneswar,Consumer,3,143.96,10,431.87,40.03,-19.84,Cash on Delivery,Cancelled,63,4.3
2024-05-28,ORD04327,CUST1274,Smartwatch,Electronics,South,Hyderabad,Consumer,2,526.19,15,1052.39,14.7,26.07,UPI,Completed,48,5.0
2024-05-28,ORD04794,CUST2541,T-Shirt,Fashion,East,Bhubaneswar,Small Business,2,40.39,5,80.78,30.15,-15.6,UPI,Cancelled,33,3.6
2024-05-28,ORD04685,CUST2783,Air Fryer,Home & Kitchen,West,Pune,Consumer,1,244.75,10,244.75,26.7,7.25,PayPal,Completed,63,5.0
2024-05-28,ORD00571,CUST1130,Tablet,Electronics,East,Guwahati,Corporate,3,1207.57,5,3622.71,20.98,664.22,Credit Card,Completed,27,3.3
2024-05-29,ORD04384,CUST1837,Yoga Mat,Sports,Central,Bhopal,Consumer,3,258.33,10,775.0,21.04,-28.57,Debit Card,Completed,32,4.7
2024-05-29,ORD02919,CUST1947,Jeans,Fashion,Central,Lucknow,Small Business,2,178.2,10,356.39,31.73,11.52,UPI,Completed,29,4.2
2024-05-29,ORD02055,CUST1437,Shampoo,Beauty,Central,Indore,Consumer,2,37.04,15,74.07,23.0,-20.23,Cash on Delivery,Completed,22,3.0
2024-05-29,ORD03803,CUST2054,Laptop,Electronics,South,Bengaluru,Consumer,4,360.39,0,1441.57,27.5,210.8,Credit Card,Completed,34,3.4
2024-05-29,ORD02544,CUST1929,Keyboard,Office Supplies,South,Chennai,Consumer,1,348.57,10,348.57,13.85,27.97,UPI,Completed,32,3.4
2024-05-29,ORD01121,CUST2931,Tablet,Electronics,North,Chandigarh,Corporate,1,606.37,10,606.37,19.42,6.08,Credit Card,Completed,34,3.2
2024-05-29,ORD04929,CUST1533,Vacuum Cleaner,Home & Kitchen,Central,Indore,Consumer,1,146.48,10,146.48,25.29,-15.97,Cash on Delivery,Cancelled,45,3.0
2024-05-29,ORD04198,CUST2904,Headphones,Electronics,North,Jaipur,Consumer,2,1368.37,10,2736.74,13.84,60.46,Credit Card,Completed,25,3.1
2024-05-29,ORD04381,CUST2658,Moisturizer,Beauty,North,Jaipur,Corporate,3,202.5,5,607.49,37.66,28.04,UPI,Completed,57,3.5
2024-05-29,ORD04002,CUST1868,Moisturizer,Beauty,South,Hyderabad,Small Business,5,95.0,10,475.02,36.35,-16.63,Debit Card,Completed,27,4.5
2024-05-29,ORD01193,CUST3296,Keyboard,Office Supplies,West,Ahmedabad,Small Business,4,31.85,15,127.42,23.26,-28.98,UPI,Completed,34,4.0
2024-05-29,ORD01920,CUST1403,T-Shirt,Fashion,Central,Lucknow,Consumer,3,33.27,10,99.82,38.54,-37.12,Debit Card,Completed,49,3.0
2024-05-30,ORD01001,CUST1054,Backpack,Fashion,South,Bengaluru,Small Business,3,126.65,15,379.96,33.34,2.82,UPI,Cancelled,20,2.1
2024-05-30,ORD03790,CUST1953,Printer,Office Supplies,North,Delhi,Corporate,1,112.52,5,112.52,21.55,-2.96,Debit Card,Cancelled,28,3.5
2024-05-30,ORD02332,CUST2021,Printer,Office Supplies,East,Guwahati,Consumer,2,177.85,15,355.7,13.07,25.98,UPI,Completed,19,3.8
2024-05-30,ORD04910,CUST1293,Blender,Home & Kitchen,East,Bhubaneswar,Consumer,1,248.33,10,248.33,22.88,-2.65,UPI,Completed,35,5.0
2024-05-30,ORD03420,CUST3228,Laptop,Electronics,North,Chandigarh,Consumer,4,679.9,10,2719.6,42.79,191.09,UPI,Completed,40,3.4
2024-05-30,ORD01961,CUST2060,Printer,Office Supplies,East,Kolkata,Consumer,2,169.25,0,338.5,39.64,38.45,PayPal,Completed,51,3.9
2024-05-30,ORD01915,CUST2841,Coffee Maker,Home & Kitchen,North,Delhi,Small Business,1,70.31,10,70.31,30.76,-29.7,Credit Card,Cancelled,30,4.4
2024-05-31,ORD01952,CUST1707,Desk Lamp,Office Supplies,North,Jaipur,Corporate,3,269.84,0,809.53,34.54,77.55,PayPal,Completed,56,3.1
2024-05-31,ORD04314,CUST2303,Moisturizer,Beauty,West,Pune,Consumer,2,202.94,10,405.87,22.6,-11.13,Credit Card,Returned,23,4.4
2024-05-31,ORD02504,CUST3417,Cookware Set,Home & Kitchen,Central,Indore,Corporate,1,114.33,15,114.33,28.36,-33.67,Cash on Delivery,Completed,23,2.8
2024-05-31,ORD01675,CUST2947,Headphones,Electronics,East,Kolkata,Consumer,2,476.92,0,953.83,36.79,125.68,Debit Card,Completed,30,3.6
2024-05-31,ORD01419,CUST3141,Yoga Mat,Sports,West,Ahmedabad,Corporate,1,316.58,5,316.58,25.55,37.01,Cash on Delivery,Completed,47,4.7
2024-05-31,ORD00471,CUST1643,Smartphone,Electronics,South,Chennai,Corporate,5,868.26,5,4341.29,17.09,787.07,UPI,Completed,24,3.2
2024-05-31,ORD02594,CUST2934,Printer,Office Supplies,West,Pune,Corporate,2,174.35,15,348.7,33.5,-22.03,Credit Card,Completed,36,5.0
2024-05-31,ORD00235,CUST1585,Air Fryer,Home & Kitchen,South,Bengaluru,Small Business,1,262.58,20,262.58,13.55,-16.35,UPI,Completed,62,3.1
2024-06-01,ORD01278,CUST2874,Air Fryer,Home & Kitchen,South,Chennai,Consumer,2,483.48,0,966.96,27.46,185.27,UPI,Completed,35,5.0
2024-06-01,ORD01034,CUST3338,Laptop,Electronics,West,Pune,Small Business,4,931.05,15,3724.2,42.15,-224.34,Credit Card,Cancelled,43,3.4
2024-06-02,ORD01977,CUST2041,Vacuum Cleaner,Home & Kitchen,North,Chandigarh,Consumer,1,176.71,0,176.71,11.7,20.57,Credit Card,Completed,47,3.4
2024-06-02,ORD04730,CUST2144,Headphones,Electronics,East,Guwahati,Consumer,3,1086.06,0,3258.17,28.61,531.2,UPI,Completed,47,4.1
2024-06-02,ORD01282,CUST3237,Blender,Home & Kitchen,South,Hyderabad,Corporate,3,377.98,0,1133.94,24.96,160.35,UPI,Completed,22,4.5
2024-06-02,ORD02651,CUST2319,Fitness Band,Sports,South,Hyderabad,Small Business,5,223.71,10,1118.53,18.82,178.35,Cash on Delivery,Completed,53,3.4
2024-06-02,ORD01563,CUST3328,Printer,Office Supplies,North,Jaipur,Small Business,2,362.67,20,725.34,14.97,1.57,Debit Card,Completed,62,3.8
2024-06-03,ORD01381,CUST2686,Jeans,Fashion,East,Kolkata,Consumer,4,179.62,5,718.47,33.83,126.44,UPI,Completed,45,3.3
2024-06-03,ORD04675,CUST3049,Jeans,Fashion,Central,Lucknow,Consumer,5,60.7,10,303.52,47.04,-4.32,Credit Card,Cancelled,18,4.6
2024-06-03,ORD03554,CUST2765,Yoga Mat,Sports,South,Chennai,Small Business,5,220.97,20,1104.87,49.51,-27.15,UPI,Completed,64,3.8
2024-06-04,ORD03026,CUST2049,Smartwatch,Electronics,West,Pune,Small Business,1,1195.28,5,1195.28,18.11,149.92,UPI,Returned,32,4.0
2024-06-04,ORD03079,CUST1011,T-Shirt,Fashion,East,Guwahati,Consumer,2,246.39,10,492.79,13.02,8.92,UPI,Completed,38,3.8
2024-06-04,ORD04469,CUST1065,Fitness Band,Sports,West,Pune,Consumer,4,83.75,20,334.98,33.65,-27.69,Debit Card,Completed,30,5.0
2024-06-04,ORD00635,CUST3455,Smartphone,Electronics,North,Chandigarh,Consumer,4,220.75,10,882.99,16.54,119.58,UPI,Completed,35,5.0
2024-06-04,ORD02519,CUST2044,Sports Bottle,Sports,West,Mumbai,Consumer,2,147.92,10,295.84,36.54,-8.57,Debit Card,Completed,27,4.7
2024-06-04,ORD00067,CUST2390,Air Fryer,Home & Kitchen,East,Guwahati,Corporate,4,476.35,5,1905.39,36.58,289.39,UPI,Completed,31,4.0
2024-06-04,ORD00651,CUST2737,Office Chair,Office Supplies,West,Mumbai,Consumer,1,105.23,15,105.23,17.54,-8.94,UPI,Completed,28,3.4
2024-06-04,ORD00551,CUST1464,Cookware Set,Home & Kitchen,West,Ahmedabad,Consumer,1,160.73,0,160.73,32.49,-12.46,Debit Card,Completed,48,4.3
2024-06-04,ORD03744,CUST3427,Office Chair,Office Supplies,North,Jaipur,Consumer,4,194.76,5,779.05,32.83,20.42,UPI,Completed,43,3.6
2024-06-04,ORD04679,CUST2772,Tablet,Electronics,South,Bengaluru,Small Business,5,976.66,15,4883.28,18.84,164.6,UPI,Completed,24,3.4
2024-06-04,ORD00073,CUST3338,Backpack,Fashion,Central,Lucknow,Corporate,1,65.35,10,65.35,23.42,-12.58,UPI,Completed,21,4.1
2024-06-04,ORD01565,CUST3157,Jeans,Fashion,West,Mumbai,Consumer,1,201.43,15,201.43,35.19,-11.93,Credit Card,Completed,23,5.0
2024-06-05,ORD02192,CUST3023,Blender,Home & Kitchen,Central,Bhopal,Consumer,4,133.37,5,533.47,45.94,21.03,Credit Card,Completed,35,3.5
2024-06-05,ORD04737,CUST3211,Jacket,Fashion,Central,Indore,Consumer,1,158.41,0,158.41,20.88,-6.54,UPI,Completed,63,4.8
2024-06-05,ORD01456,CUST3472,Perfume,Beauty,South,Chennai,Consumer,1,117.83,15,117.83,9.69,1.6,PayPal,Completed,57,2.9
2024-06-05,ORD04987,CUST2791,T-Shirt,Fashion,North,Jaipur,Consumer,5,235.96,5,1179.81,23.39,227.46,Credit Card,Cancelled,18,5.0
2024-06-05,ORD03485,CUST1164,Jacket,Fashion,Central,Bhopal,Consumer,3,109.76,10,329.27,25.06,-18.09,PayPal,Completed,18,4.3
2024-06-05,ORD02903,CUST3421,T-Shirt,Fashion,North,Jaipur,Consumer,2,201.51,5,403.03,13.59,44.48,Debit Card,Completed,30,3.0
2024-06-05,ORD01315,CUST3078,Office Chair,Office Supplies,West,Ahmedabad,Consumer,4,191.82,0,767.29,39.41,132.46,PayPal,Completed,40,4.6
2024-06-05,ORD01857,CUST1610,Running Shoes,Sports,South,Bengaluru,Consumer,3,45.36,10,136.08,25.91,-9.67,Credit Card,Completed,34,1.8
2024-06-05,ORD04081,CUST1814,Dumbbells,Sports,Central,Lucknow,Small Business,4,344.16,0,1376.64,27.65,211.75,Debit Card,Completed,19,3.6
2024-06-05,ORD00125,CUST1667,Yoga Mat,Sports,West,Ahmedabad,Small Business,1,254.77,15,254.77,5.11,14.81,Credit Card,Completed,51,4.8
2024-06-05,ORD00277,CUST3382,Laptop,Electronics,Central,Bhopal,Consumer,5,1239.67,10,6198.36,36.22,731.62,UPI,Completed,56,4.6
2024-06-05,ORD02948,CUST1256,Printer,Office Supplies,West,Ahmedabad,Consumer,4,235.89,10,943.57,34.57,-22.5,PayPal,Completed,31,4.4
2024-06-05,ORD03921,CUST1039,Sports Bottle,Sports,Central,Bhopal,Small Business,4,128.96,10,515.84,22.54,49.68,Cash on Delivery,Completed,64,4.9
2024-06-05,ORD00348,CUST2792,Laptop,Electronics,West,Ahmedabad,Consumer,2,1168.87,10,2337.74,33.91,299.18,Cash on Delivery,Completed,34,4.7
2024-06-05,ORD01881,CUST2323,Smartwatch,Electronics,Central,Bhopal,Small Business,5,594.63,15,2973.13,37.59,12.34,Debit Card,Completed,26,4.9
2024-06-05,ORD03332,CUST2039,Headphones,Electronics,West,Pune,Consumer,5,1298.6,15,6492.98,41.12,-204.8,PayPal,Completed,64,5.0
2024-06-05,ORD03733,CUST3420,Printer,Office Supplies,South,Bengaluru,Small Business,2,304.53,0,609.06,29.53,103.22,Credit Card,Completed,51,4.8
2024-06-06,ORD01479,CUST3367,Perfume,Beauty,West,Pune,Corporate,1,181.58,0,181.58,13.35,10.69,UPI,Completed,61,4.2
2024-06-06,ORD04853,CUST3477,Headphones,Electronics,West,Mumbai,Consumer,3,827.87,10,2483.6,39.22,382.41,Debit Card,Completed,55,5.0
2024-06-06,ORD04844,CUST3323,Cookware Set,Home & Kitchen,West,Ahmedabad,Consumer,1,136.75,10,136.75,26.39,-28.76,UPI,Returned,57,4.4
2024-06-06,ORD04566,CUST1195,Yoga Mat,Sports,South,Hyderabad,Consumer,5,105.5,15,527.48,46.77,-4.41,Cash on Delivery,Completed,39,3.8
2024-06-06,ORD04522,CUST2550,Headphones,Electronics,Central,Lucknow,Consumer,4,231.75,10,927.01,17.87,27.41,UPI,Completed,46,5.0
2024-06-06,ORD03788,CUST3398,Jacket,Fashion,North,Jaipur,Consumer,5,144.42,0,722.1,46.0,13.66,Debit Card,Completed,63,4.0
2024-06-06,ORD00291,CUST2810,Moisturizer,Beauty,South,Bengaluru,Consumer,3,36.69,20,110.06,33.84,-35.25,UPI,Completed,63,4.1
2024-06-06,ORD00808,CUST2984,Perfume,Beauty,South,Bengaluru,Consumer,1,184.05,10,184.05,32.45,-24.07,UPI,Returned,42,4.3
2024-06-06,ORD02257,CUST2813,Backpack,Fashion,East,Bhubaneswar,Consumer,4,22.7,5,90.79,49.83,-31.69,Credit Card,Completed,53,4.1
2024-06-06,ORD03195,CUST2517,Laptop,Electronics,West,Mumbai,Consumer,1,1213.66,5,1213.66,26.02,101.1,Credit Card,Completed,19,4.2
2024-06-06,ORD04202,CUST1501,Tablet,Electronics,South,Hyderabad,Corporate,4,811.29,10,3245.16,45.48,408.75,UPI,Completed,59,4.4
2024-06-06,ORD04908,CUST2934,Sneakers,Fashion,South,Bengaluru,Consumer,3,162.47,15,487.41,20.53,-21.66,Debit Card,Completed,19,3.6
2024-06-07,ORD01628,CUST2749,Shampoo,Beauty,East,Bhubaneswar,Small Business,4,126.49,15,505.98,20.66,-1.56,UPI,Returned,27,4.1
2024-06-07,ORD04146,CUST3163,Dumbbells,Sports,West,Ahmedabad,Corporate,2,185.04,15,370.08,18.27,11.76,Debit Card,Completed,63,4.9
2024-06-07,ORD02044,CUST1851,T-Shirt,Fashion,Central,Bhopal,Consumer,3,96.61,15,289.83,43.42,-52.04,Debit Card,Completed,21,3.8
2024-06-07,ORD00968,CUST1883,Office Chair,Office Supplies,South,Bengaluru,Consumer,2,243.47,0,486.93,12.45,56.2,UPI,Completed,29,4.7
2024-06-07,ORD00617,CUST1785,Jacket,Fashion,East,Bhubaneswar,Consumer,4,64.24,10,256.96,18.98,-9.81,Debit Card,Returned,20,3.0
2024-06-07,ORD00070,CUST1488,Office Chair,Office Supplies,West,Ahmedabad,Small Business,3,80.09,10,240.26,26.58,16.35,Debit Card,Completed,55,4.1
2024-06-07,ORD04243,CUST1511,Dumbbells,Sports,West,Pune,Corporate,5,247.92,15,1239.6,30.17,92.95,PayPal,Completed,21,3.1
2024-06-07,ORD04604,CUST1865,Smartwatch,Electronics,Central,Lucknow,Consumer,2,1036.53,10,2073.06,36.61,10.51,PayPal,Cancelled,18,4.7
2024-06-07,ORD04783,CUST2089,Keyboard,Office Supplies,Central,Lucknow,Consumer,2,412.91,0,825.82,26.57,172.54,Credit Card,Completed,19,3.6
2024-06-07,ORD02840,CUST3446,Vacuum Cleaner,Home & Kitchen,Central,Lucknow,Corporate,5,180.31,10,901.54,45.02,4.8,PayPal,Completed,46,3.2
2024-06-07,ORD03451,CUST1080,Sports Bottle,Sports,North,Chandigarh,Consumer,5,224.97,0,1124.83,45.04,148.62,Debit Card,Completed,45,4.8
2024-06-07,ORD03209,CUST1116,Desk Lamp,Office Supplies,West,Ahmedabad,Small Business,4,378.31,0,1513.25,22.59,166.34,Credit Card,Completed,56,3.6
2024-06-07,ORD03074,CUST2072,Office Chair,Office Supplies,South,Bengaluru,Consumer,4,350.1,10,1400.4,43.04,115.94,Credit Card,Completed,58,4.4
2024-06-07,ORD03557,CUST3098,T-Shirt,Fashion,North,Delhi,Consumer,5,225.21,5,1126.04,29.46,216.3,Credit Card,Completed,25,4.0
2024-06-07,ORD04570,CUST2958,Office Chair,Office Supplies,South,Chennai,Corporate,1,186.45,15,186.45,9.64,6.75,PayPal,Completed,38,4.9
2024-06-08,ORD03959,CUST1701,Notebook,Office Supplies,Central,Indore,Consumer,2,448.38,5,896.75,35.11,128.66,Cash on Delivery,Completed,56,3.3
2024-06-08,ORD01466,CUST2275,Tablet,Electronics,East,Bhubaneswar,Consumer,3,1006.01,15,3018.04,29.87,193.21,Debit Card,Returned,51,3.5
2024-06-08,ORD00936,CUST1713,Yoga Mat,Sports,South,Bengaluru,Consumer,4,91.38,5,365.51,39.52,-8.64,Credit Card,Returned,31,4.2
2024-06-08,ORD01111,CUST1463,Laptop,Electronics,Central,Lucknow,Corporate,2,290.14,15,580.27,31.7,-2.42,Credit Card,Completed,32,4.4
2024-06-08,ORD01259,CUST3469,Yoga Mat,Sports,East,Guwahati,Consumer,3,204.82,0,614.46,39.01,96.5,Cash on Delivery,Completed,60,3.8
2024-06-08,ORD01215,CUST1745,Face Serum,Beauty,North,Jaipur,Consumer,5,20.24,15,101.19,21.3,-23.2,Credit Card,Returned,28,4.5
2024-06-09,ORD02042,CUST1254,Smartwatch,Electronics,West,Pune,Consumer,4,220.43,15,881.71,28.28,81.87,Credit Card,Cancelled,47,3.3
2024-06-09,ORD02052,CUST1247,Desk Lamp,Office Supplies,West,Ahmedabad,Consumer,5,94.84,20,474.21,46.43,-53.5,PayPal,Completed,48,3.3
2024-06-09,ORD04410,CUST2336,Blender,Home & Kitchen,South,Bengaluru,Corporate,1,279.06,5,279.06,22.06,7.26,Debit Card,Completed,52,4.0
2024-06-09,ORD00162,CUST1391,Fitness Band,Sports,West,Mumbai,Consumer,5,292.04,20,1460.18,48.65,-5.47,Debit Card,Completed,49,2.8
2024-06-09,ORD00643,CUST1392,Printer,Office Supplies,North,Jaipur,Corporate,2,395.74,10,791.48,31.85,10.25,Debit Card,Completed,29,3.6
2024-06-09,ORD02826,CUST3165,Cookware Set,Home & Kitchen,South,Chennai,Consumer,4,333.98,15,1335.92,31.05,-70.56,Debit Card,Completed,37,4.7
2024-06-09,ORD04779,CUST2453,Perfume,Beauty,East,Bhubaneswar,Consumer,1,119.77,0,119.77,17.43,7.2,PayPal,Completed,41,3.9
2024-06-09,ORD01911,CUST1283,Smartwatch,Electronics,South,Bengaluru,Consumer,2,1359.09,0,2718.18,30.46,352.91,Cash on Delivery,Completed,21,4.8
2024-06-09,ORD00857,CUST1609,Backpack,Fashion,West,Ahmedabad,Consumer,1,96.72,0,96.72,24.75,-6.74,Cash on Delivery,Completed,27,5.0
2024-06-09,ORD02556,CUST1313,Coffee Maker,Home & Kitchen,South,Hyderabad,Corporate,2,189.44,15,378.87,18.6,-12.55,Debit Card,Cancelled,50,4.0
2024-06-10,ORD03819,CUST3436,Notebook,Office Supplies,North,Jaipur,Small Business,4,97.21,5,388.85,21.55,2.63,Debit Card,Completed,60,3.0
2024-06-10,ORD04865,CUST1500,Laptop,Electronics,West,Pune,Small Business,2,412.75,0,825.5,12.47,166.08,UPI,Completed,61,4.8
2024-06-10,ORD03075,CUST2625,Vacuum Cleaner,Home & Kitchen,East,Bhubaneswar,Consumer,1,240.0,10,240.0,13.25,24.87,Debit Card,Completed,47,4.9
2024-06-10,ORD02615,CUST2964,Smartphone,Electronics,East,Bhubaneswar,Consumer,2,1335.36,0,2670.72,27.86,422.74,UPI,Completed,42,3.3
2024-06-10,ORD02995,CUST3074,Blender,Home & Kitchen,South,Hyderabad,Consumer,1,414.39,15,414.39,7.86,-24.95,Credit Card,Returned,29,4.4
2024-06-10,ORD04132,CUST1293,T-Shirt,Fashion,South,Hyderabad,Consumer,3,94.76,5,284.28,39.32,1.31,Cash on Delivery,Completed,24,3.4
2024-06-10,ORD00501,CUST2933,Jeans,Fashion,West,Ahmedabad,Consumer,5,94.43,0,472.15,23.49,58.85,UPI,Completed,33,4.1
2024-06-10,ORD03657,CUST1331,Tablet,Electronics,West,Mumbai,Corporate,5,652.17,15,3260.86,37.7,-88.36,PayPal,Completed,23,4.5
2024-06-10,ORD02217,CUST2202,Running Shoes,Sports,East,Kolkata,Small Business,1,42.7,0,42.7,6.7,3.52,Credit Card,Returned,58,2.9
2024-06-10,ORD04854,CUST3352,Backpack,Fashion,North,Jaipur,Consumer,2,142.69,0,285.38,29.44,28.12,Credit Card,Completed,39,4.0
2024-06-10,ORD00889,CUST1464,Running Shoes,Sports,East,Guwahati,Corporate,1,115.32,10,115.32,27.04,-14.21,Credit Card,Completed,57,4.9
2024-06-10,ORD02527,CUST1558,T-Shirt,Fashion,Central,Bhopal,Consumer,3,180.99,5,542.96,19.0,59.28,PayPal,Cancelled,27,3.3
2024-06-10,ORD04462,CUST2458,Shampoo,Beauty,South,Bengaluru,Consumer,1,163.98,0,163.98,12.86,21.47,PayPal,Returned,37,3.8
2024-06-11,ORD04911,CUST1189,Blender,Home & Kitchen,East,Kolkata,Corporate,2,180.18,20,360.35,10.32,-25.86,UPI,Completed,27,5.0
2024-06-11,ORD04632,CUST2593,Printer,Office Supplies,Central,Lucknow,Consumer,4,303.41,10,1213.64,23.43,151.98,Cash on Delivery,Completed,45,4.6
2024-06-11,ORD02101,CUST3055,Vacuum Cleaner,Home & Kitchen,North,Chandigarh,Small Business,2,406.11,15,812.22,13.0,-11.12,PayPal,Returned,37,4.4
2024-06-11,ORD02773,CUST2667,Notebook,Office Supplies,North,Chandigarh,Small Business,2,335.03,5,670.06,28.29,62.45,Cash on Delivery,Completed,53,5.0
2024-06-11,ORD01080,CUST2084,Fitness Band,Sports,East,Kolkata,Consumer,4,111.47,20,445.88,16.21,-63.54,UPI,Completed,28,2.7
2024-06-11,ORD03815,CUST1101,Shampoo,Beauty,Central,Lucknow,Consumer,2,108.63,10,217.25,17.71,0.05,PayPal,Completed,37,4.3
2024-06-11,ORD01209,CUST1913,Moisturizer,Beauty,East,Guwahati,Corporate,3,47.61,10,142.82,39.02,-37.99,Credit Card,Completed,46,4.0
2024-06-11,ORD02939,CUST2127,Blender,Home & Kitchen,East,Guwahati,Small Business,5,272.81,0,1364.06,10.97,285.54,UPI,Completed,54,3.7
2024-06-11,ORD00321,CUST2834,Yoga Mat,Sports,West,Mumbai,Corporate,4,230.98,10,923.92,34.37,-9.76,Credit Card,Completed,45,3.2
2024-06-11,ORD02338,CUST2598,Fitness Band,Sports,Central,Indore,Consumer,1,202.7,0,202.7,18.05,29.53,PayPal,Completed,19,3.2
2024-06-11,ORD02272,CUST2654,Printer,Office Supplies,Central,Indore,Consumer,1,37.85,10,37.85,27.17,-22.03,Debit Card,Completed,22,3.6
2024-06-11,ORD00609,CUST1398,Running Shoes,Sports,East,Guwahati,Small Business,5,239.44,0,1197.2,39.6,109.52,Debit Card,Completed,39,3.1
2024-06-11,ORD03978,CUST1710,Air Fryer,Home & Kitchen,South,Hyderabad,Consumer,3,59.13,5,177.38,17.32,23.35,UPI,Completed,22,2.7
2024-06-11,ORD01399,CUST2901,Backpack,Fashion,North,Jaipur,Consumer,3,122.29,10,366.87,31.97,29.42,UPI,Returned,32,4.0
2024-06-11,ORD00379,CUST2196,Moisturizer,Beauty,East,Bhubaneswar,Consumer,2,36.46,5,72.91,18.33,-13.95,Cash on Delivery,Cancelled,29,4.4
2024-06-11,ORD04592,CUST3045,Running Shoes,Sports,Central,Indore,Consumer,4,325.28,10,1301.12,39.35,142.82,Cash on Delivery,Completed,46,4.3
2024-06-11,ORD02621,CUST1250,Tablet,Electronics,North,Delhi,Small Business,5,756.41,15,3782.06,36.41,160.34,UPI,Completed,20,5.0
2024-06-12,ORD03293,CUST2238,Smartphone,Electronics,Central,Bhopal,Small Business,5,522.2,10,2611.02,43.89,121.6,PayPal,Completed,56,3.3
2024-06-12,ORD00304,CUST3100,Headphones,Electronics,East,Bhubaneswar,Consumer,1,218.21,15,218.21,15.52,-13.93,Credit Card,Completed,21,4.5
2024-06-12,ORD03127,CUST2965,Keyboard,Office Supplies,West,Mumbai,Consumer,4,152.54,5,610.15,18.82,23.96,Debit Card,Returned,59,4.2
2024-06-12,ORD04917,CUST2732,T-Shirt,Fashion,West,Ahmedabad,Consumer,5,212.34,0,1061.69,43.92,230.76,PayPal,Completed,26,5.0
2024-06-12,ORD02335,CUST2446,Vacuum Cleaner,Home & Kitchen,North,Delhi,Corporate,2,239.12,10,478.23,31.62,-39.66,UPI,Cancelled,59,2.7
2024-06-12,ORD02605,CUST1450,Smartwatch,Electronics,West,Pune,Corporate,4,735.21,5,2940.86,37.91,288.41,UPI,Completed,23,5.0
2024-06-12,ORD02634,CUST2318,Office Chair,Office Supplies,South,Hyderabad,Corporate,1,143.85,10,143.85,14.96,-9.17,Credit Card,Completed,59,4.1
2024-06-12,ORD04998,CUST1883,T-Shirt,Fashion,West,Mumbai,Corporate,5,217.45,5,1087.24,42.61,11.84,UPI,Completed,30,4.3
2024-06-12,ORD01422,CUST1902,Keyboard,Office Supplies,South,Bengaluru,Consumer,5,431.27,10,2156.34,23.12,122.02,Debit Card,Completed,23,5.0
2024-06-12,ORD03342,CUST3178,Air Fryer,Home & Kitchen,East,Guwahati,Small Business,4,179.6,5,718.38,37.61,87.71,UPI,Completed,37,4.0
2024-06-13,ORD03851,CUST2293,T-Shirt,Fashion,Central,Bhopal,Consumer,1,201.46,20,201.46,13.94,-37.36,PayPal,Completed,50,4.5
2024-06-13,ORD03398,CUST1102,Smartwatch,Electronics,North,Jaipur,Consumer,1,1168.34,10,1168.34,37.06,92.19,Cash on Delivery,Completed,64,3.6
2024-06-13,ORD03457,CUST2061,Smartwatch,Electronics,East,Bhubaneswar,Consumer,3,860.14,15,2580.41,18.14,-58.24,UPI,Completed,59,4.1
2024-06-13,ORD00905,CUST1089,Shampoo,Beauty,East,Guwahati,Consumer,5,183.23,5,916.16,34.16,176.54,PayPal,Completed,40,4.1
2024-06-13,ORD02630,CUST1013,Yoga Mat,Sports,West,Ahmedabad,Corporate,4,211.33,5,845.32,30.55,80.56,Cash on Delivery,Completed,34,3.9
2024-06-13,ORD00118,CUST1998,Office Chair,Office Supplies,South,Bengaluru,Consumer,4,354.25,15,1417.0,21.83,103.58,PayPal,Completed,36,3.3
2024-06-13,ORD04263,CUST1620,Dumbbells,Sports,North,Delhi,Consumer,2,116.92,5,233.84,16.09,5.31,Cash on Delivery,Returned,62,4.3
2024-06-13,ORD03131,CUST2326,Tablet,Electronics,East,Bhubaneswar,Corporate,1,1010.81,15,1010.81,8.64,44.75,Debit Card,Completed,32,3.1
2024-06-14,ORD03979,CUST2462,Jacket,Fashion,West,Pune,Consumer,2,20.82,10,41.63,34.95,-29.4,Credit Card,Completed,48,4.1
2024-06-14,ORD00146,CUST1021,Laptop,Electronics,North,Jaipur,Corporate,1,1064.49,5,1064.49,20.53,72.6,Credit Card,Completed,55,4.0
2024-06-14,ORD01427,CUST1584,Headphones,Electronics,North,Delhi,Corporate,2,1290.73,0,2581.45,21.69,599.84,Credit Card,Completed,23,5.0
2024-06-14,ORD00660,CUST2715,Air Fryer,Home & Kitchen,West,Mumbai,Corporate,5,102.35,10,511.74,48.53,6.57,Credit Card,Completed,51,4.6
2024-06-14,ORD04754,CUST1709,Blender,Home & Kitchen,Central,Indore,Consumer,3,330.51,0,991.53,20.38,236.53,UPI,Completed,50,4.5
2024-06-14,ORD03833,CUST3251,Desk Lamp,Office Supplies,South,Hyderabad,Consumer,4,324.08,5,1296.33,37.46,42.07,Debit Card,Completed,20,4.8
2024-06-14,ORD02849,CUST3178,Notebook,Office Supplies,Central,Indore,Small Business,1,199.15,10,199.15,13.36,1.92,UPI,Completed,61,3.7
2024-06-14,ORD02255,CUST1805,Cookware Set,Home & Kitchen,South,Hyderabad,Corporate,4,335.09,0,1340.35,22.04,100.23,UPI,Returned,40,4.3
2024-06-14,ORD01329,CUST3261,Fitness Band,Sports,Central,Bhopal,Consumer,2,285.53,0,571.06,37.32,100.6,Credit Card,Completed,23,4.7
2024-06-14,ORD01721,CUST2277,Cookware Set,Home & Kitchen,East,Bhubaneswar,Consumer,4,232.56,20,930.25,25.12,36.85,Debit Card,Cancelled,42,4.9
2024-06-15,ORD03469,CUST1446,Jacket,Fashion,West,Pune,Small Business,3,97.19,0,291.57,41.35,16.41,UPI,Completed,61,2.7
2024-06-15,ORD03583,CUST2612,Keyboard,Office Supplies,Central,Bhopal,Consumer,2,268.14,5,536.29,11.86,27.03,Credit Card,Cancelled,51,5.0
2024-06-15,ORD00608,CUST3439,Laptop,Electronics,South,Bengaluru,Corporate,1,181.03,10,181.03,13.52,8.89,Debit Card,Completed,60,3.8
2024-06-15,ORD02765,CUST2322,Dumbbells,Sports,South,Bengaluru,Consumer,2,296.89,0,593.77,8.31,87.14,Credit Card,Returned,51,4.6
2024-06-15,ORD02345,CUST2297,Vacuum Cleaner,Home & Kitchen,North,Delhi,Corporate,3,254.76,10,764.29,22.06,112.18,Credit Card,Returned,34,2.9
2024-06-15,ORD04605,CUST2858,Laptop,Electronics,West,Mumbai,Corporate,2,597.46,10,1194.93,32.81,110.62,Cash on Delivery,Completed,50,3.6
2024-06-15,ORD03229,CUST2765,Vacuum Cleaner,Home & Kitchen,East,Kolkata,Consumer,5,144.81,5,724.04,49.04,71.35,Credit Card,Completed,32,2.9
2024-06-15,ORD02091,CUST2729,Smartphone,Electronics,South,Bengaluru,Small Business,5,762.98,10,3814.89,36.34,504.8,Debit Card,Cancelled,35,4.3
2024-06-15,ORD00792,CUST3347,Tablet,Electronics,West,Mumbai,Corporate,5,276.95,5,1384.76,23.03,182.5,Credit Card,Completed,52,3.3
2024-06-15,ORD03375,CUST3321,Keyboard,Office Supplies,Central,Lucknow,Small Business,3,348.88,10,1046.63,22.35,142.55,Credit Card,Completed,25,4.5
2024-06-15,ORD02890,CUST1350,Face Serum,Beauty,East,Bhubaneswar,Corporate,4,176.36,10,705.45,30.78,53.28,Cash on Delivery,Completed,27,2.5
2024-06-15,ORD01867,CUST2256,Vacuum Cleaner,Home & Kitchen,East,Bhubaneswar,Small Business,5,352.82,10,1764.08,26.82,61.33,Debit Card,Completed,46,5.0
2024-06-15,ORD04796,CUST2005,Headphones,Electronics,Central,Indore,Corporate,3,747.7,5,2243.11,39.93,168.01,Cash on Delivery,Completed,37,4.3
2024-06-16,ORD04542,CUST1017,Fitness Band,Sports,East,Bhubaneswar,Consumer,1,32.26,5,32.26,22.95,-18.71,UPI,Returned,29,4.5
2024-06-16,ORD04986,CUST2366,Moisturizer,Beauty,North,Chandigarh,Consumer,3,208.25,15,624.76,40.85,-48.83,UPI,Completed,57,5.0
2024-06-16,ORD00143,CUST3386,Smartwatch,Electronics,South,Bengaluru,Consumer,3,1121.18,10,3363.54,30.51,261.64,UPI,Returned,30,4.1
2024-06-16,ORD01335,CUST1641,Smartphone,Electronics,South,Chennai,Consumer,3,787.16,15,2361.47,34.23,-140.89,Debit Card,Completed,31,2.7
2024-06-16,ORD00629,CUST3415,Vacuum Cleaner,Home & Kitchen,North,Delhi,Consumer,3,388.72,15,1166.15,33.45,61.05,Credit Card,Completed,32,4.8
2024-06-16,ORD02470,CUST3053,Coffee Maker,Home & Kitchen,East,Bhubaneswar,Consumer,3,253.13,15,759.38,28.29,-8.93,UPI,Returned,41,2.8
2024-06-16,ORD00432,CUST1396,Jacket,Fashion,West,Pune,Consumer,3,155.17,10,465.51,21.65,-15.57,Credit Card,Completed,32,5.0
2024-06-16,ORD00216,CUST1770,Smartphone,Electronics,North,Chandigarh,Corporate,5,1287.31,15,6436.54,17.59,-57.89,Credit Card,Completed,41,2.9
2024-06-16,ORD01595,CUST2807,Running Shoes,Sports,Central,Lucknow,Corporate,3,115.74,15,347.21,22.02,-22.23,Credit Card,Cancelled,37,3.6
2024-06-16,ORD01242,CUST3134,Dumbbells,Sports,Central,Lucknow,Corporate,2,44.69,10,89.37,20.07,-7.89,Credit Card,Completed,47,2.5
2024-06-16,ORD01854,CUST3181,Blender,Home & Kitchen,East,Kolkata,Small Business,3,263.81,10,791.44,27.64,3.0,PayPal,Completed,27,3.5
2024-06-16,ORD04761,CUST3155,Coffee Maker,Home & Kitchen,East,Bhubaneswar,Consumer,1,56.87,15,56.87,5.96,-2.93,Cash on Delivery,Completed,28,3.9
2024-06-16,ORD01345,CUST2022,Headphones,Electronics,North,Chandigarh,Consumer,2,1394.09,0,2788.19,31.84,670.58,UPI,Returned,44,4.4
2024-06-16,ORD00564,CUST1532,Backpack,Fashion,East,Bhubaneswar,Small Business,5,222.15,15,1110.77,33.14,110.02,Credit Card,Returned,21,3.1
2024-06-17,ORD03714,CUST2054,Jeans,Fashion,West,Ahmedabad,Corporate,4,223.91,10,895.66,14.23,20.47,Cash on Delivery,Completed,22,3.4
2024-06-17,ORD02036,CUST3155,Tablet,Electronics,South,Bengaluru,Consumer,4,850.64,5,3402.55,24.87,456.97,Cash on Delivery,Returned,29,4.4
2024-06-17,ORD00377,CUST3345,Backpack,Fashion,Central,Bhopal,Consumer,1,74.41,15,74.41,14.78,-19.49,PayPal,Completed,54,2.6
2024-06-17,ORD04732,CUST1654,Running Shoes,Sports,South,Bengaluru,Corporate,2,294.08,15,588.15,41.43,17.36,PayPal,Completed,29,2.5
2024-06-17,ORD02790,CUST2550,Fitness Band,Sports,West,Pune,Corporate,4,61.89,10,247.56,32.13,-21.99,Credit Card,Completed,34,4.7
2024-06-17,ORD00793,CUST1802,Face Serum,Beauty,North,Jaipur,Small Business,5,212.21,20,1061.03,55.16,-161.69,UPI,Completed,24,2.1
2024-06-17,ORD04217,CUST1345,Jacket,Fashion,North,Delhi,Consumer,4,187.09,0,748.37,36.95,85.34,Credit Card,Completed,54,5.0
2024-06-17,ORD04085,CUST3491,Notebook,Office Supplies,Central,Indore,Consumer,2,109.64,15,219.28,21.17,-12.45,UPI,Completed,64,3.3
2024-06-17,ORD01901,CUST2209,Keyboard,Office Supplies,North,Jaipur,Corporate,2,150.98,10,301.96,33.97,-19.02,Debit Card,Completed,19,3.8
2024-06-18,ORD01069,CUST2169,Tablet,Electronics,East,Guwahati,Corporate,4,585.93,20,2343.74,22.83,84.43,UPI,Completed,64,4.0
2024-06-18,ORD01116,CUST2882,Keyboard,Office Supplies,East,Bhubaneswar,Corporate,1,63.48,10,63.48,18.3,-8.31,Credit Card,Returned,64,4.3
2024-06-18,ORD04178,CUST1923,Headphones,Electronics,East,Kolkata,Corporate,5,1319.25,0,6596.25,45.46,765.55,Credit Card,Completed,37,4.7
2024-06-18,ORD00962,CUST1339,Office Chair,Office Supplies,West,Mumbai,Small Business,2,61.35,10,122.7,13.2,7.62,Cash on Delivery,Completed,32,4.3
2024-06-18,ORD02787,CUST2252,Lipstick,Beauty,West,Pune,Corporate,3,83.17,10,249.52,29.26,-32.48,Credit Card,Returned,45,3.5
2024-06-18,ORD02560,CUST1349,Office Chair,Office Supplies,North,Chandigarh,Consumer,4,34.64,20,138.56,41.04,-50.8,Debit Card,Cancelled,54,4.6
2024-06-18,ORD04937,CUST1143,Keyboard,Office Supplies,West,Ahmedabad,Consumer,4,422.36,10,1689.43,40.46,-37.62,PayPal,Returned,45,4.5
2024-06-18,ORD02286,CUST2293,Office Chair,Office Supplies,North,Delhi,Consumer,1,83.04,10,83.04,31.02,-30.94,Debit Card,Completed,46,3.7
2024-06-18,ORD04471,CUST2292,Notebook,Office Supplies,West,Ahmedabad,Consumer,3,173.79,15,521.37,24.18,-25.68,PayPal,Completed,63,2.9
2024-06-19,ORD02784,CUST1293,Smartphone,Electronics,West,Mumbai,Consumer,1,1098.79,15,1098.79,21.98,48.55,PayPal,Completed,31,4.1
2024-06-19,ORD01653,CUST2713,Cookware Set,Home & Kitchen,West,Pune,Consumer,5,489.21,0,2446.07,51.88,529.03,Debit Card,Completed,24,5.0
2024-06-19,ORD04214,CUST3498,Desk Lamp,Office Supplies,South,Chennai,Corporate,3,117.82,5,353.47,11.49,65.25,PayPal,Completed,56,5.0
2024-06-19,ORD03339,CUST2540,Shampoo,Beauty,West,Pune,Small Business,3,56.82,5,170.47,26.43,-9.2,Cash on Delivery,Completed,21,5.0
2024-06-19,ORD01296,CUST3310,Smartphone,Electronics,Central,Bhopal,Consumer,1,934.25,15,934.25,29.0,-65.5,Debit Card,Completed,34,5.0
2024-06-19,ORD03751,CUST1877,Keyboard,Office Supplies,East,Bhubaneswar,Consumer,4,49.91,5,199.64,17.05,0.1,Debit Card,Completed,22,3.7
2024-06-19,ORD00211,CUST1133,Smartphone,Electronics,West,Ahmedabad,Corporate,1,542.9,15,542.9,30.94,-50.91,Credit Card,Cancelled,60,3.4
2024-06-19,ORD03400,CUST2162,Jeans,Fashion,Central,Indore,Consumer,2,117.11,15,234.22,16.92,-24.93,Credit Card,Completed,62,4.6
2024-06-19,ORD03353,CUST2314,Jeans,Fashion,South,Hyderabad,Small Business,3,121.29,0,363.87,37.32,-8.08,UPI,Completed,55,3.2
2024-06-20,ORD02346,CUST3365,Smartphone,Electronics,Central,Bhopal,Corporate,4,224.8,10,899.19,42.99,-37.66,PayPal,Completed,61,3.3
2024-06-20,ORD03716,CUST1845,Shampoo,Beauty,West,Pune,Small Business,4,162.58,0,650.33,10.41,148.85,UPI,Completed,35,2.9
2024-06-20,ORD04407,CUST2631,Air Fryer,Home & Kitchen,South,Hyderabad,Consumer,4,85.6,10,342.39,27.94,27.79,UPI,Completed,24,4.3
2024-06-20,ORD03027,CUST1840,Cookware Set,Home & Kitchen,North,Jaipur,Small Business,2,335.71,5,671.43,41.17,36.58,Credit Card,Completed,51,4.3
2024-06-20,ORD04277,CUST1692,Office Chair,Office Supplies,Central,Lucknow,Consumer,3,340.05,10,1020.16,15.44,34.4,PayPal,Returned,21,4.1
2024-06-20,ORD03390,CUST2604,Laptop,Electronics,South,Hyderabad,Small Business,3,131.19,0,393.58,23.23,43.24,Debit Card,Completed,55,3.8
2024-06-20,ORD02761,CUST2706,Jacket,Fashion,West,Ahmedabad,Consumer,2,132.8,5,265.6,9.07,12.33,Debit Card,Completed,42,4.8
2024-06-20,ORD04330,CUST1674,Tablet,Electronics,West,Pune,Consumer,5,589.67,15,2948.35,24.52,102.5,Cash on Delivery,Completed,58,4.9
2024-06-20,ORD04143,CUST2845,Headphones,Electronics,Central,Indore,Consumer,5,981.46,10,4907.28,34.2,14.81,Credit Card,Completed,23,5.0
2024-06-20,ORD00487,CUST1908,Lipstick,Beauty,South,Bengaluru,Consumer,1,143.17,0,143.17,14.99,22.66,Cash on Delivery,Returned,42,3.9
2024-06-21,ORD03679,CUST3425,Smartphone,Electronics,West,Ahmedabad,Corporate,3,471.17,0,1413.5,28.72,309.87,Credit Card,Completed,21,5.0
2024-06-21,ORD01879,CUST2670,Printer,Office Supplies,South,Bengaluru,Small Business,4,440.42,0,1761.67,28.09,256.23,UPI,Completed,39,4.8
2024-06-21,ORD03741,CUST1357,Headphones,Electronics,West,Pune,Small Business,5,721.79,10,3608.95,18.16,275.82,Credit Card,Completed,58,3.2
2024-06-21,ORD03415,CUST3233,Cookware Set,Home & Kitchen,South,Hyderabad,Consumer,4,133.08,0,532.32,25.92,72.96,UPI,Completed,52,5.0
2024-06-21,ORD04454,CUST3070,Laptop,Electronics,West,Pune,Corporate,2,694.0,15,1388.0,37.03,-123.52,Credit Card,Completed,47,4.4
2024-06-21,ORD01301,CUST2439,Office Chair,Office Supplies,South,Hyderabad,Corporate,2,227.73,0,455.46,29.45,43.64,PayPal,Completed,46,3.5
2024-06-21,ORD03627,CUST3280,Laptop,Electronics,North,Delhi,Consumer,1,1255.76,5,1255.76,9.19,89.21,UPI,Completed,41,5.0
2024-06-21,ORD03567,CUST1611,Blender,Home & Kitchen,Central,Indore,Corporate,3,257.51,10,772.54,26.3,99.61,Debit Card,Completed,54,4.9
2024-06-21,ORD01135,CUST2151,Sneakers,Fashion,North,Jaipur,Corporate,5,217.65,5,1088.26,30.74,81.82,Debit Card,Completed,60,5.0
2024-06-21,ORD01682,CUST2280,Cookware Set,Home & Kitchen,Central,Indore,Consumer,5,496.98,0,2484.89,48.99,465.31,Debit Card,Cancelled,51,3.9
2024-06-21,ORD02150,CUST2192,Laptop,Electronics,West,Ahmedabad,Consumer,4,1270.43,5,5081.72,41.96,691.43,UPI,Cancelled,62,4.6
2024-06-21,ORD01909,CUST2056,Sneakers,Fashion,East,Guwahati,Consumer,4,76.5,10,306.01,12.11,-16.91,UPI,Completed,40,3.2
2024-06-22,ORD04552,CUST2052,Printer,Office Supplies,Central,Bhopal,Consumer,5,390.44,10,1952.19,30.55,35.27,UPI,Completed,47,3.5
2024-06-22,ORD03950,CUST1799,Printer,Office Supplies,East,Guwahati,Consumer,5,13.11,15,65.55,15.03,-10.19,Debit Card,Returned,40,3.8
2024-06-22,ORD01302,CUST2798,Printer,Office Supplies,East,Bhubaneswar,Small Business,2,274.68,5,549.37,15.24,86.79,UPI,Returned,44,3.6
2024-06-22,ORD00787,CUST2557,Smartwatch,Electronics,South,Bengaluru,Consumer,2,142.52,10,285.03,27.49,-30.59,Debit Card,Returned,57,2.9
2024-06-22,ORD02614,CUST2866,Smartphone,Electronics,East,Bhubaneswar,Consumer,2,679.07,5,1358.15,23.53,25.17,Debit Card,Completed,57,4.1
2024-06-23,ORD03698,CUST2915,Desk Lamp,Office Supplies,North,Jaipur,Small Business,4,226.94,0,907.75,41.73,114.59,Cash on Delivery,Completed,63,3.8
2024-06-23,ORD01919,CUST1111,Printer,Office Supplies,East,Bhubaneswar,Consumer,1,310.63,0,310.63,8.69,34.34,UPI,Completed,22,4.3
2024-06-23,ORD04015,CUST1848,Coffee Maker,Home & Kitchen,Central,Indore,Consumer,5,192.27,10,961.36,42.33,25.98,UPI,Completed,44,4.9
2024-06-23,ORD01556,CUST3265,Office Chair,Office Supplies,North,Jaipur,Small Business,2,412.58,0,825.17,21.84,202.76,Cash on Delivery,Completed,19,4.0
2024-06-23,ORD03861,CUST1778,Sneakers,Fashion,West,Pune,Consumer,2,62.02,10,124.05,19.48,-5.45,UPI,Completed,38,4.4
2024-06-23,ORD02945,CUST2904,Notebook,Office Supplies,South,Chennai,Small Business,2,79.93,10,159.86,18.09,9.34,Cash on Delivery,Completed,28,4.9
2024-06-24,ORD04347,CUST1248,T-Shirt,Fashion,South,Bengaluru,Small Business,2,144.47,10,288.94,17.85,-19.72,PayPal,Completed,60,4.3
2024-06-24,ORD02244,CUST2076,Running Shoes,Sports,North,Chandigarh,Corporate,3,342.87,10,1028.62,27.12,151.59,UPI,Completed,20,3.8
2024-06-24,ORD00753,CUST2058,Smartphone,Electronics,East,Bhubaneswar,Consumer,5,1160.75,0,5803.76,23.31,1324.84,UPI,Completed,23,4.5
2024-06-24,ORD02189,CUST1799,Smartwatch,Electronics,East,Guwahati,Consumer,5,436.5,0,2182.51,28.67,198.2,Cash on Delivery,Cancelled,23,4.6
2024-06-24,ORD02650,CUST1271,Headphones,Electronics,West,Mumbai,Small Business,2,525.03,0,1050.06,17.35,161.92,UPI,Completed,51,4.2
2024-06-24,ORD01784,CUST2768,Running Shoes,Sports,West,Ahmedabad,Corporate,3,93.6,10,280.79,16.54,30.07,Debit Card,Completed,43,4.9
2024-06-24,ORD03718,CUST2022,Smartwatch,Electronics,South,Hyderabad,Consumer,3,641.22,10,1923.67,20.31,91.94,Credit Card,Completed,60,3.9
2024-06-24,ORD04849,CUST1171,Fitness Band,Sports,North,Jaipur,Corporate,5,134.68,15,673.39,20.17,10.74,UPI,Completed,40,3.5
2024-06-24,ORD01402,CUST2443,Moisturizer,Beauty,South,Bengaluru,Consumer,2,105.76,20,211.53,39.8,-53.94,UPI,Completed,27,4.8
2024-06-24,ORD01483,CUST2345,Headphones,Electronics,Central,Indore,Corporate,1,1301.43,10,1301.43,9.09,-14.77,Credit Card,Completed,38,5.0
2024-06-25,ORD00153,CUST1313,Cookware Set,Home & Kitchen,Central,Indore,Consumer,3,286.35,5,859.06,46.68,35.24,Debit Card,Returned,23,4.1
2024-06-25,ORD03737,CUST2186,Lipstick,Beauty,South,Hyderabad,Consumer,3,32.3,15,96.91,37.05,-27.66,UPI,Completed,39,3.7
2024-06-25,ORD00539,CUST1448,Air Fryer,Home & Kitchen,East,Guwahati,Small Business,5,468.64,10,2343.2,22.61,325.11,UPI,Completed,54,4.8
2024-06-25,ORD02557,CUST3345,Backpack,Fashion,North,Jaipur,Consumer,2,29.35,5,58.7,36.3,-23.78,Cash on Delivery,Completed,56,3.9
2024-06-25,ORD03992,CUST3084,Jacket,Fashion,South,Hyderabad,Consumer,2,31.91,0,63.82,29.5,-20.66,UPI,Completed,37,3.5
2024-06-25,ORD00334,CUST3110,Smartphone,Electronics,West,Pune,Small Business,5,1029.94,10,5149.72,49.23,273.81,UPI,Completed,29,4.7
2024-06-25,ORD01267,CUST2778,Perfume,Beauty,South,Chennai,Consumer,3,41.6,5,124.8,25.25,-15.36,Debit Card,Completed,27,4.6
2024-06-25,ORD04870,CUST1844,Smartphone,Electronics,North,Chandigarh,Consumer,2,533.3,15,1066.6,17.36,-3.5,Credit Card,Completed,32,4.5
2024-06-25,ORD01794,CUST2540,Sneakers,Fashion,North,Chandigarh,Corporate,5,74.79,5,373.96,20.54,58.22,PayPal,Returned,50,4.2
2024-06-25,ORD01865,CUST1544,Backpack,Fashion,East,Kolkata,Consumer,3,112.51,15,337.54,33.56,-44.4,Debit Card,Completed,32,3.2
2024-06-26,ORD04612,CUST3261,Vacuum Cleaner,Home & Kitchen,North,Delhi,Small Business,3,250.95,5,752.84,14.55,154.02,Debit Card,Completed,46,5.0
2024-06-26,ORD02010,CUST1234,Office Chair,Office Supplies,South,Bengaluru,Consumer,1,309.18,5,309.18,30.18,-9.13,Credit Card,Completed,25,3.1
2024-06-26,ORD01522,CUST1555,Printer,Office Supplies,North,Jaipur,Consumer,2,57.19,10,114.38,5.86,3.88,Debit Card,Completed,31,3.7
2024-06-26,ORD01665,CUST3365,Jeans,Fashion,West,Ahmedabad,Consumer,2,137.49,5,274.98,23.52,1.39,Credit Card,Returned,46,3.3
2024-06-26,ORD00529,CUST1486,Blender,Home & Kitchen,East,Bhubaneswar,Small Business,4,272.74,10,1090.98,40.27,-9.58,UPI,Completed,27,4.1
2024-06-26,ORD04789,CUST1631,Moisturizer,Beauty,North,Delhi,Corporate,5,142.34,5,711.68,27.66,56.03,Credit Card,Completed,61,3.6
2024-06-26,ORD01718,CUST2288,Lipstick,Beauty,North,Chandigarh,Consumer,5,209.33,20,1046.63,24.88,-128.99,UPI,Returned,23,4.0
2024-06-26,ORD02299,CUST2819,Laptop,Electronics,Central,Indore,Corporate,5,651.79,20,3258.97,33.38,-385.56,Cash on Delivery,Completed,55,3.6
2024-06-26,ORD01579,CUST3376,Blender,Home & Kitchen,South,Hyderabad,Corporate,2,308.43,10,616.85,13.73,30.37,PayPal,Completed,37,3.5
2024-06-26,ORD03080,CUST2993,Coffee Maker,Home & Kitchen,Central,Indore,Small Business,5,82.29,10,411.47,13.43,-17.4,UPI,Completed,28,5.0
2024-06-26,ORD01832,CUST1489,Desk Lamp,Office Supplies,Central,Bhopal,Consumer,2,121.24,20,242.47,29.59,-20.79,Debit Card,Cancelled,53,4.1
2024-06-26,ORD02756,CUST2861,Fitness Band,Sports,West,Mumbai,Corporate,5,108.94,10,544.7,48.38,33.94,Cash on Delivery,Returned,44,5.0
2024-06-26,ORD01588,CUST1248,Smartphone,Electronics,South,Bengaluru,Corporate,5,540.54,5,2702.71,43.83,348.44,UPI,Completed,45,4.5
2024-06-27,ORD00903,CUST2507,Jacket,Fashion,North,Delhi,Small Business,2,62.9,10,125.79,8.51,6.56,Credit Card,Cancelled,35,3.1
2024-06-27,ORD03492,CUST2148,Printer,Office Supplies,West,Pune,Small Business,3,312.47,10,937.41,30.31,125.45,Cash on Delivery,Completed,25,4.4
2024-06-27,ORD01884,CUST2083,Moisturizer,Beauty,South,Hyderabad,Corporate,2,110.46,0,220.92,17.44,1.22,UPI,Completed,34,3.3
2024-06-27,ORD03524,CUST3174,Desk Lamp,Office Supplies,West,Mumbai,Consumer,4,429.46,10,1717.84,10.4,55.05,UPI,Completed,64,4.0
2024-06-28,ORD03253,CUST2062,Smartwatch,Electronics,North,Chandigarh,Small Business,4,198.2,0,792.78,49.45,48.0,UPI,Completed,62,2.8
2024-06-28,ORD02254,CUST2830,Office Chair,Office Supplies,West,Pune,Small Business,5,360.04,5,1800.21,41.16,90.08,UPI,Completed,54,3.5
2024-06-28,ORD01268,CUST2806,T-Shirt,Fashion,South,Chennai,Consumer,2,200.59,15,401.18,24.44,-9.06,Credit Card,Completed,45,4.5
2024-06-28,ORD03328,CUST2277,Sneakers,Fashion,North,Jaipur,Consumer,1,233.77,5,233.77,14.32,-6.65,Credit Card,Completed,45,2.7
2024-06-28,ORD02997,CUST3140,Face Serum,Beauty,West,Mumbai,Corporate,1,141.64,15,141.64,25.64,-15.04,Credit Card,Completed,62,2.9
2024-06-28,ORD03889,CUST3197,Smartphone,Electronics,East,Kolkata,Small Business,2,683.03,5,1366.05,12.33,211.57,UPI,Completed,45,3.8
2024-06-28,ORD01441,CUST1240,Running Shoes,Sports,West,Pune,Consumer,2,214.36,5,428.72,12.6,22.09,Credit Card,Completed,35,4.2
2024-06-28,ORD02759,CUST1223,Cookware Set,Home & Kitchen,North,Jaipur,Consumer,1,375.09,5,375.09,35.22,-7.1,Debit Card,Returned,47,3.6
2024-06-28,ORD03002,CUST1595,Notebook,Office Supplies,Central,Indore,Corporate,2,254.13,10,508.25,19.18,51.62,UPI,Completed,27,4.1
2024-06-28,ORD04091,CUST1493,Printer,Office Supplies,South,Chennai,Consumer,1,250.34,0,250.34,32.64,-7.92,Cash on Delivery,Returned,33,3.4
2024-06-29,ORD00352,CUST2481,Office Chair,Office Supplies,East,Guwahati,Small Business,1,113.99,0,113.99,24.65,-11.24,Credit Card,Cancelled,28,5.0
2024-06-29,ORD00563,CUST1958,Laptop,Electronics,East,Kolkata,Consumer,1,463.97,15,463.97,28.59,-59.32,UPI,Completed,23,4.0
2024-06-29,ORD04667,CUST1666,Air Fryer,Home & Kitchen,East,Guwahati,Consumer,4,257.55,20,1030.2,30.14,-80.05,Credit Card,Completed,27,3.4
2024-06-29,ORD03402,CUST3287,Headphones,Electronics,West,Ahmedabad,Small Business,2,993.1,0,1986.2,34.24,409.84,Debit Card,Completed,24,3.5
2024-06-29,ORD02380,CUST2069,T-Shirt,Fashion,North,Jaipur,Small Business,1,106.03,10,106.03,7.7,-1.39,UPI,Completed,37,4.3
2024-06-29,ORD02365,CUST1596,Tablet,Electronics,Central,Lucknow,Corporate,5,542.29,5,2711.46,45.15,444.37,Cash on Delivery,Returned,22,2.5
2024-06-29,ORD04669,CUST3072,Dumbbells,Sports,South,Bengaluru,Small Business,1,148.8,0,148.8,18.2,5.54,Credit Card,Returned,32,4.8
2024-06-29,ORD04023,CUST1439,Smartwatch,Electronics,East,Kolkata,Consumer,1,473.53,5,473.53,6.5,80.83,UPI,Completed,18,4.9
2024-06-30,ORD03233,CUST1688,Printer,Office Supplies,West,Ahmedabad,Small Business,4,253.66,10,1014.63,41.83,-11.83,Credit Card,Completed,21,4.0
2024-06-30,ORD01604,CUST2280,Perfume,Beauty,South,Bengaluru,Consumer,5,166.29,10,831.45,36.51,33.38,Debit Card,Completed,39,5.0
2024-06-30,ORD02530,CUST3394,Smartwatch,Electronics,West,Ahmedabad,Corporate,4,1239.18,0,4956.71,48.74,763.5,PayPal,Completed,52,5.0
2024-06-30,ORD00895,CUST2474,Fitness Band,Sports,North,Delhi,Consumer,3,253.13,5,759.4,26.78,142.87,Credit Card,Completed,54,4.2
2024-06-30,ORD01638,CUST1585,Smartphone,Electronics,West,Pune,Consumer,2,1269.71,0,2539.42,30.37,357.8,UPI,Completed,32,3.2
2024-06-30,ORD02206,CUST2594,Jeans,Fashion,North,Jaipur,Corporate,5,94.55,0,472.75,39.65,74.03,Credit Card,Completed,28,4.2
2024-07-01,ORD01934,CUST2042,Notebook,Office Supplies,North,Chandigarh,Small Business,5,113.54,15,567.72,24.43,28.81,Credit Card,Completed,25,5.0
2024-07-01,ORD01325,CUST1153,Coffee Maker,Home & Kitchen,South,Bengaluru,Corporate,2,190.16,10,380.33,39.76,-41.3,Debit Card,Completed,31,3.7
2024-07-01,ORD04790,CUST2069,Lipstick,Beauty,West,Ahmedabad,Corporate,1,73.21,10,73.21,27.27,-19.64,UPI,Completed,63,5.0
2024-07-01,ORD01435,CUST3282,Lipstick,Beauty,East,Guwahati,Consumer,1,57.07,0,57.07,32.97,-26.61,UPI,Completed,62,3.0
2024-07-01,ORD02676,CUST1393,Face Serum,Beauty,East,Bhubaneswar,Small Business,5,152.32,10,761.61,49.19,-11.48,Debit Card,Returned,39,4.8
2024-07-01,ORD04862,CUST2739,Fitness Band,Sports,East,Kolkata,Corporate,2,305.12,10,610.25,10.03,24.71,UPI,Completed,29,4.3
2024-07-01,ORD02043,CUST2895,Tablet,Electronics,West,Ahmedabad,Corporate,5,798.91,10,3994.56,46.79,425.0,Credit Card,Returned,57,3.9
2024-07-01,ORD01962,CUST1505,Perfume,Beauty,North,Chandigarh,Consumer,5,36.77,5,183.87,46.71,-37.06,Cash on Delivery,Cancelled,51,4.9
2024-07-01,ORD01287,CUST1015,Keyboard,Office Supplies,East,Guwahati,Small Business,2,43.92,0,87.83,8.42,10.85,UPI,Completed,23,4.3
2024-07-01,ORD01003,CUST1808,Sports Bottle,Sports,North,Chandigarh,Consumer,3,145.77,15,437.31,18.26,31.61,Credit Card,Completed,57,2.9
2024-07-01,ORD03974,CUST1259,Printer,Office Supplies,West,Mumbai,Consumer,5,56.34,0,281.72,36.69,6.65,Debit Card,Completed,63,4.6
2024-07-01,ORD01375,CUST1795,Cookware Set,Home & Kitchen,South,Bengaluru,Consumer,1,323.18,5,323.18,20.05,16.1,Debit Card,Completed,42,5.0
2024-07-02,ORD02016,CUST3222,Yoga Mat,Sports,West,Pune,Consumer,4,48.84,5,195.35,42.94,-36.68,UPI,Completed,29,4.8
2024-07-02,ORD01370,CUST1316,Smartwatch,Electronics,South,Bengaluru,Consumer,3,1381.78,10,4145.34,23.65,426.78,UPI,Completed,32,4.1
2024-07-02,ORD03840,CUST2555,Face Serum,Beauty,North,Jaipur,Consumer,5,116.56,15,582.78,24.56,28.42,Cash on Delivery,Completed,20,4.4
2024-07-02,ORD02695,CUST1609,Air Fryer,Home & Kitchen,East,Kolkata,Small Business,5,411.57,15,2057.86,44.44,133.33,PayPal,Completed,51,3.9
2024-07-02,ORD00396,CUST2815,Dumbbells,Sports,East,Bhubaneswar,Consumer,5,107.31,0,536.54,9.68,68.45,Debit Card,Completed,54,4.1
2024-07-02,ORD03383,CUST1321,Lipstick,Beauty,Central,Bhopal,Consumer,5,214.72,10,1073.58,29.35,-16.74,Debit Card,Completed,23,4.9
2024-07-02,ORD04843,CUST2659,Smartphone,Electronics,North,Jaipur,Consumer,4,741.51,5,2966.02,31.65,483.09,Cash on Delivery,Completed,36,4.4
2024-07-02,ORD03555,CUST2572,Coffee Maker,Home & Kitchen,East,Kolkata,Corporate,1,219.99,5,219.99,37.09,-25.08,Cash on Delivery,Completed,63,3.0
2024-07-02,ORD04083,CUST1406,Shampoo,Beauty,North,Chandigarh,Corporate,1,142.88,5,142.88,28.59,-15.49,Cash on Delivery,Completed,33,3.6
2024-07-02,ORD02170,CUST1557,Headphones,Electronics,Central,Indore,Consumer,1,314.18,10,314.18,4.78,38.7,Credit Card,Completed,43,4.7
2024-07-02,ORD01190,CUST1537,Face Serum,Beauty,North,Delhi,Small Business,2,219.21,5,438.43,25.85,-1.54,UPI,Completed,21,3.2
2024-07-02,ORD03481,CUST2825,Jeans,Fashion,West,Pune,Corporate,3,128.87,5,386.6,32.99,54.91,Credit Card,Returned,49,5.0
2024-07-03,ORD02820,CUST3174,Printer,Office Supplies,South,Chennai,Consumer,4,407.32,5,1629.26,24.26,126.53,Credit Card,Completed,37,4.3
2024-07-03,ORD02701,CUST3370,T-Shirt,Fashion,West,Ahmedabad,Consumer,1,41.49,15,41.49,25.26,-27.78,PayPal,Completed,20,2.9
2024-07-03,ORD04947,CUST2013,Blender,Home & Kitchen,North,Chandigarh,Consumer,5,489.87,10,2449.35,49.49,298.17,PayPal,Cancelled,22,4.1
2024-07-03,ORD01802,CUST3441,Lipstick,Beauty,North,Jaipur,Small Business,5,26.22,10,131.1,29.91,-27.64,UPI,Completed,46,3.2
2024-07-03,ORD02322,CUST1823,Laptop,Electronics,Central,Lucknow,Consumer,1,584.38,5,584.38,38.54,51.14,Cash on Delivery,Completed,20,3.4
2024-07-03,ORD00839,CUST2446,Coffee Maker,Home & Kitchen,North,Jaipur,Corporate,4,162.26,20,649.02,19.08,22.55,UPI,Completed,33,3.4
2024-07-03,ORD02095,CUST1656,T-Shirt,Fashion,East,Bhubaneswar,Consumer,3,126.98,0,380.94,21.81,14.32,Credit Card,Completed,63,4.2
2024-07-03,ORD04586,CUST1275,Notebook,Office Supplies,South,Hyderabad,Consumer,2,434.01,20,868.02,34.92,-32.57,Debit Card,Completed,41,5.0
2024-07-03,ORD01129,CUST1829,Keyboard,Office Supplies,Central,Indore,Consumer,2,209.29,0,418.58,27.15,62.44,Debit Card,Returned,25,4.2
2024-07-04,ORD04235,CUST1078,Laptop,Electronics,East,Kolkata,Small Business,5,1129.31,10,5646.53,51.56,-17.43,UPI,Completed,55,3.8
2024-07-04,ORD04417,CUST1737,Headphones,Electronics,South,Bengaluru,Small Business,4,387.62,5,1550.46,41.53,51.88,Cash on Delivery,Completed,63,3.8
2024-07-04,ORD00344,CUST2879,Dumbbells,Sports,East,Kolkata,Consumer,4,187.36,10,749.44,29.09,69.27,Cash on Delivery,Completed,44,3.2
2024-07-04,ORD00460,CUST2620,Lipstick,Beauty,Central,Lucknow,Consumer,1,27.61,5,27.61,29.95,-28.84,Credit Card,Completed,41,3.1
2024-07-04,ORD02274,CUST1335,Vacuum Cleaner,Home & Kitchen,East,Bhubaneswar,Consumer,5,334.01,15,1670.03,28.24,-28.61,Cash on Delivery,Cancelled,31,4.7
2024-07-04,ORD04915,CUST3470,Dumbbells,Sports,North,Delhi,Small Business,2,215.97,15,431.93,32.27,-4.92,UPI,Completed,58,4.5
2024-07-04,ORD00742,CUST1885,Printer,Office Supplies,East,Kolkata,Consumer,4,427.71,0,1710.83,29.35,276.15,UPI,Returned,42,2.3
2024-07-05,ORD01366,CUST2923,Backpack,Fashion,East,Guwahati,Corporate,2,181.44,0,362.88,13.08,78.73,PayPal,Completed,64,5.0
2024-07-05,ORD04638,CUST2498,Lipstick,Beauty,West,Pune,Corporate,5,109.38,0,546.92,14.1,110.41,UPI,Completed,63,4.5
2024-07-05,ORD04792,CUST3309,Laptop,Electronics,East,Guwahati,Consumer,4,150.48,10,601.93,26.73,-11.68,UPI,Completed,56,3.0
2024-07-05,ORD04346,CUST1857,Sports Bottle,Sports,West,Pune,Consumer,1,99.77,5,99.77,36.9,-21.76,Debit Card,Returned,41,3.7
2024-07-05,ORD03644,CUST1240,Printer,Office Supplies,West,Ahmedabad,Consumer,4,211.61,5,846.43,43.39,25.2,Debit Card,Cancelled,51,4.4
2024-07-05,ORD01987,CUST2490,T-Shirt,Fashion,North,Delhi,Consumer,2,178.2,15,356.4,15.15,-7.0,UPI,Completed,57,3.7
2024-07-05,ORD02858,CUST2638,Notebook,Office Supplies,North,Chandigarh,Corporate,2,215.93,0,431.86,19.24,86.39,Credit Card,Completed,20,3.7
2024-07-05,ORD00008,CUST2794,Smartwatch,Electronics,East,Guwahati,Consumer,4,223.49,5,893.97,45.9,7.87,UPI,Returned,37,4.2
2024-07-05,ORD01670,CUST2833,Desk Lamp,Office Supplies,North,Chandigarh,Consumer,3,315.65,5,946.94,32.55,9.72,Debit Card,Cancelled,64,4.9
2024-07-06,ORD02127,CUST3487,Moisturizer,Beauty,South,Chennai,Consumer,5,90.91,10,454.54,32.61,0.18,UPI,Completed,27,4.6
2024-07-06,ORD01630,CUST1403,Printer,Office Supplies,South,Chennai,Consumer,2,199.37,10,398.75,18.81,48.77,UPI,Completed,51,3.5
2024-07-06,ORD03030,CUST3132,Air Fryer,Home & Kitchen,South,Chennai,Consumer,2,485.03,0,970.06,28.59,139.9,Debit Card,Completed,43,5.0
2024-07-06,ORD01439,CUST1138,Jacket,Fashion,West,Ahmedabad,Consumer,3,87.0,10,261.0,36.75,-31.67,UPI,Completed,22,3.9
2024-07-06,ORD03709,CUST1829,Vacuum Cleaner,Home & Kitchen,East,Kolkata,Corporate,3,453.09,0,1359.27,22.46,304.44,Debit Card,Completed,24,4.2
2024-07-06,ORD00802,CUST1092,Dumbbells,Sports,East,Kolkata,Small Business,4,157.68,15,630.71,22.13,12.74,UPI,Completed,29,5.0
2024-07-06,ORD00151,CUST1741,Laptop,Electronics,East,Bhubaneswar,Consumer,5,868.09,15,4340.47,35.14,-123.36,UPI,Completed,32,3.6
2024-07-06,ORD03825,CUST1359,Sports Bottle,Sports,East,Kolkata,Consumer,3,126.59,15,379.78,28.61,-40.87,Credit Card,Cancelled,39,3.4
2024-07-06,ORD02446,CUST2451,Fitness Band,Sports,West,Pune,Consumer,3,290.72,0,872.15,44.72,121.21,UPI,Completed,56,2.9
2024-07-06,ORD04932,CUST2282,Keyboard,Office Supplies,East,Bhubaneswar,Consumer,5,311.36,5,1556.78,34.75,195.92,Cash on Delivery,Completed,54,3.0
2024-07-06,ORD00092,CUST2080,Jeans,Fashion,Central,Bhopal,Consumer,4,199.49,0,797.97,13.17,77.3,UPI,Completed,31,4.4
2024-07-06,ORD00763,CUST1887,Blender,Home & Kitchen,South,Bengaluru,Consumer,1,231.63,10,231.63,22.51,7.01,Cash on Delivery,Completed,25,3.5
2024-07-07,ORD04478,CUST1306,Laptop,Electronics,North,Delhi,Small Business,2,472.02,10,944.05,9.89,80.15,Debit Card,Returned,56,2.8
2024-07-07,ORD03862,CUST1235,Laptop,Electronics,North,Chandigarh,Small Business,4,1130.13,0,4520.52,30.82,1188.39,Credit Card,Completed,41,3.4
2024-07-07,ORD03943,CUST2319,Shampoo,Beauty,East,Kolkata,Small Business,2,126.49,15,252.97,17.7,-22.14,UPI,Completed,64,3.9
2024-07-07,ORD02460,CUST3082,Moisturizer,Beauty,Central,Lucknow,Consumer,1,103.51,5,103.51,26.89,-21.37,Credit Card,Completed,44,4.6
2024-07-07,ORD03667,CUST1656,Headphones,Electronics,North,Jaipur,Small Business,1,181.11,5,181.11,16.46,13.65,UPI,Completed,31,3.1
2024-07-07,ORD02387,CUST2629,Headphones,Electronics,Central,Lucknow,Corporate,2,1049.03,0,2098.06,21.17,313.06,Debit Card,Completed,56,3.6
2024-07-07,ORD03869,CUST2660,Moisturizer,Beauty,Central,Indore,Corporate,5,139.55,10,697.74,30.05,-28.26,Credit Card,Completed,31,3.7
2024-07-08,ORD01618,CUST3343,Fitness Band,Sports,North,Delhi,Small Business,4,250.57,0,1002.28,29.85,167.89,Cash on Delivery,Completed,38,4.0
2024-07-08,ORD01928,CUST3199,Sneakers,Fashion,East,Guwahati,Corporate,5,26.99,10,134.96,21.65,-2.72,Debit Card,Completed,18,2.4
2024-07-08,ORD04861,CUST1566,Air Fryer,Home & Kitchen,North,Jaipur,Small Business,3,475.42,5,1426.26,16.18,82.3,Credit Card,Cancelled,19,3.1
2024-07-08,ORD01428,CUST1405,Jeans,Fashion,South,Bengaluru,Consumer,2,111.72,10,223.43,17.23,0.03,PayPal,Completed,47,3.3
2024-07-08,ORD01719,CUST2051,Keyboard,Office Supplies,Central,Bhopal,Consumer,4,434.52,10,1738.1,34.88,244.11,UPI,Completed,60,4.9
2024-07-08,ORD00399,CUST2663,Keyboard,Office Supplies,Central,Lucknow,Consumer,2,430.7,10,861.4,11.81,53.55,Credit Card,Completed,55,4.4
2024-07-08,ORD01779,CUST1866,Moisturizer,Beauty,South,Bengaluru,Corporate,2,107.76,0,215.51,36.7,16.91,UPI,Completed,48,4.2
2024-07-08,ORD01344,CUST2784,Running Shoes,Sports,South,Hyderabad,Consumer,5,180.14,5,900.72,26.11,43.48,Debit Card,Completed,47,3.8
2024-07-08,ORD00582,CUST1855,T-Shirt,Fashion,Central,Lucknow,Small Business,4,248.99,15,995.96,36.9,-16.22,Debit Card,Cancelled,41,4.8
2024-07-08,ORD04819,CUST3074,Fitness Band,Sports,East,Bhubaneswar,Corporate,3,187.83,20,563.5,37.12,-41.89,Debit Card,Completed,47,3.5
2024-07-08,ORD03411,CUST1006,Face Serum,Beauty,North,Chandigarh,Consumer,4,80.03,15,320.11,36.04,-30.84,PayPal,Completed,28,5.0
2024-07-08,ORD03456,CUST1675,Office Chair,Office Supplies,North,Delhi,Small Business,2,409.05,5,818.1,29.37,113.22,UPI,Cancelled,54,4.4
2024-07-09,ORD01228,CUST2801,Dumbbells,Sports,West,Ahmedabad,Consumer,5,224.05,5,1120.23,25.75,28.32,Credit Card,Returned,41,4.6
2024-07-09,ORD03515,CUST1927,Desk Lamp,Office Supplies,North,Delhi,Small Business,4,85.53,10,342.1,46.92,-36.44,Cash on Delivery,Returned,63,4.1
2024-07-09,ORD04421,CUST2476,Sports Bottle,Sports,South,Bengaluru,Small Business,2,105.34,5,210.69,35.92,6.9,Debit Card,Completed,39,3.7
2024-07-09,ORD02998,CUST3294,T-Shirt,Fashion,South,Hyderabad,Consumer,2,224.28,5,448.55,37.44,-21.93,PayPal,Completed,43,3.6
2024-07-09,ORD03690,CUST1083,Sneakers,Fashion,South,Chennai,Corporate,3,156.83,10,470.49,44.82,22.27,UPI,Completed,31,5.0
2024-07-09,ORD02071,CUST3144,Dumbbells,Sports,Central,Indore,Consumer,1,77.14,10,77.14,20.78,-16.93,Cash on Delivery,Completed,43,5.0
2024-07-09,ORD03569,CUST2837,Vacuum Cleaner,Home & Kitchen,South,Chennai,Consumer,5,295.37,15,1476.84,40.91,-8.03,UPI,Completed,38,4.3
2024-07-09,ORD03001,CUST3072,Cookware Set,Home & Kitchen,South,Chennai,Consumer,1,223.2,20,223.2,27.36,-24.08,Credit Card,Cancelled,35,4.7
2024-07-09,ORD02184,CUST1289,Headphones,Electronics,North,Chandigarh,Corporate,3,1346.71,15,4040.13,30.68,421.19,Debit Card,Completed,63,3.7
2024-07-10,ORD02054,CUST1592,Moisturizer,Beauty,Central,Indore,Consumer,5,30.92,5,154.58,48.72,-14.46,Cash on Delivery,Returned,33,5.0
2024-07-10,ORD04839,CUST2698,Yoga Mat,Sports,North,Chandigarh,Small Business,5,258.53,10,1292.65,28.62,136.14,UPI,Completed,22,5.0
2024-07-10,ORD04387,CUST1578,Vacuum Cleaner,Home & Kitchen,East,Guwahati,Corporate,5,73.94,10,369.68,31.62,6.24,PayPal,Completed,37,4.2
2024-07-10,ORD03746,CUST2691,Sneakers,Fashion,North,Delhi,Small Business,4,230.5,10,922.02,18.34,-17.0,Debit Card,Completed,50,4.7
2024-07-10,ORD00340,CUST2695,Jeans,Fashion,Central,Indore,Consumer,1,243.78,15,243.78,34.27,-50.89,Debit Card,Completed,62,4.1
2024-07-10,ORD01827,CUST3477,Vacuum Cleaner,Home & Kitchen,South,Bengaluru,Consumer,3,418.28,5,1254.83,13.81,105.32,UPI,Completed,57,4.4
2024-07-10,ORD01115,CUST1524,Office Chair,Office Supplies,West,Ahmedabad,Small Business,3,170.5,10,511.51,23.47,-23.94,Cash on Delivery,Completed,60,3.7
2024-07-10,ORD00181,CUST3052,Blender,Home & Kitchen,South,Chennai,Corporate,4,88.69,10,354.77,38.49,-27.57,UPI,Completed,62,2.9
2024-07-10,ORD00220,CUST1324,Printer,Office Supplies,North,Chandigarh,Consumer,4,101.0,10,404.0,23.83,20.22,Credit Card,Completed,33,2.9
2024-07-10,ORD03048,CUST1424,Moisturizer,Beauty,South,Bengaluru,Consumer,1,218.59,5,218.59,19.99,8.83,UPI,Cancelled,46,2.9
2024-07-11,ORD00137,CUST2424,Perfume,Beauty,South,Chennai,Small Business,4,199.96,0,799.83,45.9,54.67,Debit Card,Cancelled,22,4.4
2024-07-11,ORD00500,CUST3291,Face Serum,Beauty,Central,Bhopal,Corporate,1,46.39,10,46.39,12.1,-5.74,Credit Card,Completed,44,5.0
2024-07-11,ORD00961,CUST2927,Coffee Maker,Home & Kitchen,South,Chennai,Corporate,5,269.8,10,1348.99,34.89,99.25,UPI,Completed,58,3.2
2024-07-11,ORD02474,CUST2740,Blender,Home & Kitchen,South,Chennai,Corporate,3,426.66,0,1279.98,17.55,110.5,UPI,Completed,51,2.7
2024-07-11,ORD04609,CUST2061,T-Shirt,Fashion,Central,Bhopal,Consumer,1,238.82,10,238.82,31.89,0.87,UPI,Completed,59,4.0
2024-07-11,ORD01648,CUST2985,Lipstick,Beauty,East,Guwahati,Consumer,5,83.38,10,416.89,31.01,26.11,Credit Card,Completed,20,4.1
2024-07-11,ORD04120,CUST1625,Smartwatch,Electronics,East,Bhubaneswar,Corporate,4,1395.48,5,5581.91,49.33,938.57,Debit Card,Completed,47,3.7
2024-07-11,ORD03247,CUST3207,Blender,Home & Kitchen,North,Jaipur,Consumer,3,86.63,10,259.89,37.65,6.09,UPI,Completed,41,4.5
2024-07-12,ORD01351,CUST1591,Printer,Office Supplies,West,Pune,Consumer,4,299.65,5,1198.6,19.96,25.41,Credit Card,Cancelled,31,2.8
2024-07-12,ORD01308,CUST3228,Jeans,Fashion,Central,Bhopal,Small Business,3,239.84,5,719.53,18.59,130.65,UPI,Completed,51,4.8
2024-07-12,ORD01612,CUST3164,Air Fryer,Home & Kitchen,Central,Indore,Consumer,5,132.83,5,664.15,41.33,27.65,Credit Card,Completed,41,4.1
2024-07-12,ORD00021,CUST2540,Backpack,Fashion,West,Mumbai,Consumer,5,52.89,0,264.44,31.89,32.74,Cash on Delivery,Completed,18,3.7
2024-07-12,ORD02781,CUST3225,Jeans,Fashion,Central,Indore,Small Business,4,24.17,10,96.68,28.63,-28.64,Debit Card,Completed,29,3.8
2024-07-12,ORD04508,CUST1243,Sports Bottle,Sports,Central,Lucknow,Small Business,3,321.95,5,965.84,16.29,78.85,UPI,Completed,43,4.9
2024-07-12,ORD01095,CUST3446,Smartwatch,Electronics,North,Delhi,Small Business,4,774.76,15,3099.04,26.77,115.5,Debit Card,Cancelled,41,4.8
2024-07-12,ORD03294,CUST1417,Blender,Home & Kitchen,East,Guwahati,Small Business,2,441.52,10,883.04,35.67,-13.85,Debit Card,Completed,56,4.6
2024-07-12,ORD02125,CUST2730,Fitness Band,Sports,North,Delhi,Consumer,4,228.37,20,913.47,32.6,31.03,Credit Card,Completed,44,4.4
2024-07-12,ORD01331,CUST1263,Notebook,Office Supplies,West,Ahmedabad,Consumer,5,447.12,10,2235.62,29.22,-9.05,Debit Card,Cancelled,24,3.9
2024-07-13,ORD00628,CUST1605,Notebook,Office Supplies,South,Hyderabad,Consumer,3,425.55,0,1276.66,26.45,144.73,Credit Card,Completed,32,3.5
2024-07-13,ORD00354,CUST2011,Printer,Office Supplies,West,Mumbai,Corporate,5,288.64,0,1443.19,29.75,108.42,Credit Card,Completed,57,2.3
2024-07-13,ORD00053,CUST1920,Sneakers,Fashion,West,Pune,Small Business,3,71.48,0,214.43,37.27,-14.56,PayPal,Completed,22,3.3
2024-07-13,ORD04423,CUST1235,Air Fryer,Home & Kitchen,South,Chennai,Consumer,4,255.1,20,1020.42,51.95,12.21,UPI,Completed,50,3.2
2024-07-13,ORD00648,CUST2217,Desk Lamp,Office Supplies,South,Hyderabad,Consumer,3,24.88,5,74.64,40.89,-24.81,Credit Card,Completed,63,3.9
2024-07-13,ORD00588,CUST1064,Perfume,Beauty,South,Bengaluru,Corporate,4,205.09,0,820.36,13.69,211.1,UPI,Completed,39,3.7
2024-07-13,ORD02066,CUST3308,Notebook,Office Supplies,South,Chennai,Consumer,2,135.25,0,270.5,20.12,31.37,Cash on Delivery,Completed,37,3.1
2024-07-13,ORD03565,CUST3391,Air Fryer,Home & Kitchen,South,Hyderabad,Small Business,3,305.53,20,916.58,15.89,24.44,UPI,Completed,51,4.3
2024-07-14,ORD03879,CUST3492,Smartwatch,Electronics,North,Delhi,Consumer,1,1007.18,5,1007.18,39.58,167.65,Debit Card,Completed,18,3.7
2024-07-14,ORD00722,CUST2097,Perfume,Beauty,North,Chandigarh,Small Business,2,77.36,5,154.72,33.23,-27.32,Credit Card,Completed,56,4.2
2024-07-14,ORD00018,CUST1825,Notebook,Office Supplies,South,Bengaluru,Consumer,5,41.32,5,206.62,35.5,4.35,Cash on Delivery,Completed,42,4.5
2024-07-14,ORD03136,CUST3302,Yoga Mat,Sports,Central,Indore,Consumer,2,196.24,10,392.49,9.89,30.99,Debit Card,Completed,34,3.6
2024-07-14,ORD00257,CUST1306,Jacket,Fashion,West,Pune,Consumer,5,143.79,20,718.95,45.27,-44.81,Credit Card,Completed,35,5.0
2024-07-14,ORD00697,CUST2760,Printer,Office Supplies,East,Guwahati,Consumer,1,151.9,15,151.9,10.02,-9.16,Cash on Delivery,Completed,39,3.3
2024-07-14,ORD04240,CUST3162,Smartwatch,Electronics,South,Hyderabad,Corporate,4,216.02,5,864.09,43.21,59.92,Debit Card,Completed,24,4.6
2024-07-14,ORD00208,CUST1880,Laptop,Electronics,West,Pune,Corporate,5,269.07,15,1345.34,23.12,-63.64,UPI,Returned,23,4.7
2024-07-15,ORD04891,CUST1359,Sports Bottle,Sports,West,Ahmedabad,Consumer,3,201.31,5,603.93,20.9,54.12,Debit Card,Completed,63,3.2
2024-07-15,ORD02032,CUST2659,Tablet,Electronics,South,Bengaluru,Small Business,5,794.23,15,3971.15,45.55,83.24,Cash on Delivery,Completed,63,4.5
2024-07-15,ORD03192,CUST2986,Shampoo,Beauty,South,Hyderabad,Consumer,5,129.27,10,646.36,41.24,45.68,UPI,Completed,30,3.7
2024-07-15,ORD00754,CUST1947,Lipstick,Beauty,West,Mumbai,Consumer,1,207.44,0,207.44,34.83,0.91,PayPal,Completed,41,2.7
2024-07-15,ORD01444,CUST2844,Running Shoes,Sports,East,Kolkata,Consumer,1,104.91,10,104.91,28.73,-20.64,UPI,Cancelled,60,3.2
2024-07-15,ORD04728,CUST2782,Air Fryer,Home & Kitchen,West,Mumbai,Consumer,2,316.26,5,632.52,43.4,48.94,UPI,Completed,45,4.2
2024-07-15,ORD04961,CUST2407,Tablet,Electronics,North,Jaipur,Small Business,3,147.85,5,443.55,8.06,92.34,Credit Card,Completed,28,4.8
2024-07-15,ORD04292,CUST1266,Lipstick,Beauty,Central,Lucknow,Consumer,2,132.63,5,265.25,32.99,-10.93,Cash on Delivery,Completed,46,4.4
2024-07-15,ORD03662,CUST2751,Desk Lamp,Office Supplies,West,Ahmedabad,Consumer,2,404.42,15,808.85,37.95,-10.68,Debit Card,Completed,29,4.5
2024-07-16,ORD00319,CUST2079,Dumbbells,Sports,Central,Indore,Consumer,1,223.15,5,223.15,26.59,6.97,Debit Card,Completed,55,4.7
2024-07-16,ORD00575,CUST1968,Shampoo,Beauty,East,Kolkata,Corporate,4,169.12,5,676.48,29.45,107.28,PayPal,Completed,25,4.1
2024-07-16,ORD04460,CUST2250,Notebook,Office Supplies,East,Guwahati,Consumer,1,184.46,5,184.46,30.48,10.47,PayPal,Completed,48,4.4
2024-07-16,ORD01488,CUST1040,Shampoo,Beauty,West,Pune,Consumer,4,25.58,10,102.32,24.81,-8.76,Credit Card,Completed,27,3.8
2024-07-16,ORD01964,CUST2139,Headphones,Electronics,West,Ahmedabad,Consumer,4,819.76,15,3279.05,30.62,86.84,Credit Card,Completed,60,5.0
2024-07-16,ORD04729,CUST2321,Backpack,Fashion,South,Chennai,Small Business,2,145.48,0,290.97,30.21,48.8,Debit Card,Completed,39,2.8
2024-07-16,ORD00806,CUST2722,Laptop,Electronics,South,Bengaluru,Small Business,4,517.1,10,2068.42,39.13,-8.49,PayPal,Completed,58,5.0
2024-07-16,ORD02340,CUST2793,Shampoo,Beauty,East,Guwahati,Consumer,3,114.28,5,342.84,39.73,31.81,PayPal,Completed,60,4.9
2024-07-17,ORD02811,CUST2235,T-Shirt,Fashion,North,Delhi,Consumer,5,215.41,15,1077.03,21.81,39.92,Credit Card,Completed,29,4.4
2024-07-17,ORD04863,CUST1121,Cookware Set,Home & Kitchen,Central,Bhopal,Corporate,4,435.67,15,1742.67,34.46,-48.38,Credit Card,Returned,22,4.9
2024-07-17,ORD02738,CUST3465,Sports Bottle,Sports,South,Hyderabad,Consumer,5,47.17,5,235.84,37.65,-10.66,Credit Card,Completed,56,4.1
2024-07-17,ORD00823,CUST3064,Desk Lamp,Office Supplies,West,Pune,Consumer,1,176.62,10,176.62,16.64,-16.57,Credit Card,Cancelled,47,3.6
2024-07-17,ORD02451,CUST3467,Laptop,Electronics,North,Jaipur,Corporate,2,962.35,10,1924.71,40.89,219.0,UPI,Returned,58,4.3
2024-07-17,ORD03564,CUST3428,Smartphone,Electronics,North,Jaipur,Consumer,3,237.56,10,712.68,19.39,75.34,UPI,Completed,63,3.6
2024-07-17,ORD00874,CUST2500,Cookware Set,Home & Kitchen,North,Delhi,Consumer,3,70.93,0,212.78,25.0,5.04,Credit Card,Completed,62,4.6
2024-07-17,ORD03704,CUST2076,Backpack,Fashion,West,Ahmedabad,Corporate,2,113.81,10,227.62,8.88,27.32,Cash on Delivery,Returned,24,3.1
2024-07-18,ORD00883,CUST3322,Face Serum,Beauty,South,Bengaluru,Consumer,3,21.57,15,64.7,31.0,-23.24,UPI,Completed,61,4.3
2024-07-18,ORD00201,CUST1857,Perfume,Beauty,South,Hyderabad,Consumer,4,174.97,5,699.89,35.49,18.06,UPI,Completed,37,4.8
2024-07-18,ORD02628,CUST1988,Moisturizer,Beauty,Central,Lucknow,Consumer,5,53.1,20,265.48,53.0,-54.66,Cash on Delivery,Completed,63,3.7
2024-07-18,ORD03846,CUST2261,Face Serum,Beauty,Central,Bhopal,Corporate,4,97.59,20,390.36,28.04,-62.87,UPI,Completed,50,2.4
2024-07-18,ORD04019,CUST2370,Shampoo,Beauty,North,Delhi,Small Business,2,188.33,5,376.67,22.67,39.9,Debit Card,Completed,26,3.1
2024-07-18,ORD04234,CUST2709,Laptop,Electronics,Central,Bhopal,Small Business,5,1180.31,15,5901.53,35.17,252.32,UPI,Completed,19,5.0
2024-07-18,ORD01403,CUST3047,Cookware Set,Home & Kitchen,South,Hyderabad,Small Business,4,125.36,20,501.46,29.23,-44.27,Debit Card,Completed,38,4.4
2024-07-18,ORD04607,CUST3371,Headphones,Electronics,Central,Indore,Small Business,1,533.44,10,533.44,29.16,-11.87,UPI,Completed,37,4.3
2024-07-18,ORD02424,CUST2390,Tablet,Electronics,Central,Indore,Corporate,1,498.18,10,498.18,30.16,56.29,Cash on Delivery,Returned,53,4.8
2024-07-18,ORD03735,CUST2486,Headphones,Electronics,West,Pune,Corporate,2,871.07,15,1742.15,20.63,-28.6,Credit Card,Completed,58,4.2
2024-07-19,ORD03070,CUST1702,Blender,Home & Kitchen,West,Pune,Consumer,3,428.06,0,1284.19,39.03,276.29,Cash on Delivery,Returned,43,4.6
2024-07-19,ORD03981,CUST3382,Tablet,Electronics,West,Pune,Small Business,1,1163.48,15,1163.48,33.01,111.82,Credit Card,Completed,48,4.1
2024-07-19,ORD02147,CUST2566,Smartphone,Electronics,West,Mumbai,Consumer,2,529.14,0,1058.28,13.48,144.15,PayPal,Completed,62,4.6
2024-07-19,ORD01504,CUST2043,Laptop,Electronics,South,Hyderabad,Corporate,1,461.71,15,461.71,20.06,-9.42,UPI,Completed,34,5.0
2024-07-19,ORD04858,CUST2527,Desk Lamp,Office Supplies,West,Mumbai,Consumer,3,336.94,5,1010.81,48.32,121.54,Credit Card,Returned,59,4.7
2024-07-19,ORD00812,CUST1291,Desk Lamp,Office Supplies,West,Pune,Consumer,2,440.77,5,881.55,13.13,42.3,Credit Card,Completed,63,3.5
2024-07-19,ORD00469,CUST1886,Vacuum Cleaner,Home & Kitchen,Central,Bhopal,Small Business,4,88.98,5,355.93,41.89,9.75,Cash on Delivery,Returned,28,3.3
2024-07-19,ORD01299,CUST1588,Desk Lamp,Office Supplies,East,Kolkata,Corporate,3,37.03,10,111.09,17.6,-13.09,UPI,Completed,62,5.0
2024-07-20,ORD00789,CUST2625,Printer,Office Supplies,South,Bengaluru,Consumer,2,319.8,10,639.61,20.73,-0.92,Credit Card,Completed,23,3.6
2024-07-20,ORD02883,CUST3136,Blender,Home & Kitchen,South,Hyderabad,Consumer,3,78.4,15,235.2,19.26,4.19,Cash on Delivery,Completed,58,2.2
2024-07-20,ORD00492,CUST1154,Jacket,Fashion,West,Mumbai,Small Business,3,23.89,5,71.68,35.36,-31.35,Cash on Delivery,Completed,41,3.7
2024-07-20,ORD03104,CUST2501,Vacuum Cleaner,Home & Kitchen,Central,Bhopal,Small Business,1,316.09,5,316.09,15.62,46.68,Credit Card,Completed,34,3.5
2024-07-20,ORD03435,CUST1227,Backpack,Fashion,East,Guwahati,Consumer,3,97.33,15,291.98,30.24,-18.01,Debit Card,Completed,28,5.0
2024-07-20,ORD04918,CUST1247,Jeans,Fashion,South,Hyderabad,Consumer,4,216.81,5,867.23,45.27,127.04,Debit Card,Completed,23,4.2
2024-07-20,ORD04140,CUST1610,Cookware Set,Home & Kitchen,West,Pune,Consumer,5,396.77,5,1983.85,29.08,243.5,Debit Card,Completed,19,3.5
2024-07-20,ORD03132,CUST3424,Jacket,Fashion,East,Kolkata,Corporate,3,222.09,10,666.28,11.74,40.82,Debit Card,Completed,41,4.1
2024-07-21,ORD03799,CUST1905,Keyboard,Office Supplies,North,Chandigarh,Corporate,3,43.29,15,129.86,12.52,-15.86,Credit Card,Completed,48,4.2
2024-07-21,ORD03345,CUST1035,Smartwatch,Electronics,Central,Bhopal,Consumer,1,608.68,20,608.68,16.47,-66.33,Debit Card,Completed,21,3.6
2024-07-21,ORD03407,CUST1220,Laptop,Electronics,West,Ahmedabad,Consumer,4,1038.16,10,4152.65,13.36,119.5,UPI,Completed,39,5.0
2024-07-21,ORD03520,CUST2531,Tablet,Electronics,West,Pune,Consumer,4,997.61,10,3990.43,17.18,27.79,Credit Card,Completed,36,4.9
2024-07-21,ORD04377,CUST2159,Keyboard,Office Supplies,Central,Lucknow,Corporate,3,22.71,20,68.13,40.62,-47.61,PayPal,Returned,42,3.4
2024-07-21,ORD00506,CUST2519,Tablet,Electronics,Central,Bhopal,Corporate,5,854.66,0,4273.28,50.55,991.72,Cash on Delivery,Completed,38,5.0
2024-07-22,ORD02660,CUST1036,Blender,Home & Kitchen,East,Bhubaneswar,Consumer,4,454.2,5,1816.81,39.35,60.08,UPI,Completed,52,5.0
2024-07-22,ORD04066,CUST2895,Dumbbells,Sports,Central,Bhopal,Consumer,4,274.26,0,1097.03,31.99,239.84,PayPal,Returned,45,3.8
2024-07-22,ORD02889,CUST2531,Coffee Maker,Home & Kitchen,East,Guwahati,Small Business,1,494.18,0,494.18,24.61,85.96,UPI,Completed,61,2.6
2024-07-22,ORD03649,CUST2842,Backpack,Fashion,Central,Lucknow,Small Business,5,40.26,5,201.29,45.44,-6.0,Debit Card,Completed,58,3.0
2024-07-22,ORD01742,CUST1142,Coffee Maker,Home & Kitchen,East,Guwahati,Consumer,3,288.02,5,864.07,12.02,59.43,Debit Card,Returned,32,5.0
2024-07-22,ORD04338,CUST3484,Headphones,Electronics,North,Chandigarh,Small Business,1,434.24,10,434.24,22.52,16.98,UPI,Returned,49,4.7
2024-07-22,ORD03990,CUST2335,Lipstick,Beauty,North,Chandigarh,Corporate,2,62.07,5,124.15,43.98,-31.95,Credit Card,Completed,64,4.2
2024-07-22,ORD03292,CUST1161,Cookware Set,Home & Kitchen,North,Jaipur,Consumer,5,136.05,5,680.26,37.32,64.54,Cash on Delivery,Returned,58,5.0
2024-07-22,ORD02649,CUST2496,Moisturizer,Beauty,Central,Lucknow,Small Business,1,73.09,0,73.09,30.97,-19.28,UPI,Completed,57,4.0
2024-07-22,ORD04121,CUST2602,Cookware Set,Home & Kitchen,East,Kolkata,Consumer,4,458.29,5,1833.17,32.72,160.51,Debit Card,Completed,49,3.2
2024-07-22,ORD02418,CUST2913,Moisturizer,Beauty,North,Chandigarh,Corporate,3,154.26,15,462.78,16.77,-12.0,Debit Card,Completed,52,4.7
2024-07-22,ORD00468,CUST2195,Smartwatch,Electronics,North,Chandigarh,Corporate,3,1197.79,10,3593.37,27.87,205.84,Debit Card,Completed,31,5.0
2024-07-23,ORD02691,CUST1540,Shampoo,Beauty,West,Pune,Corporate,5,212.89,5,1064.43,22.78,214.68,UPI,Returned,56,5.0
2024-07-23,ORD01145,CUST2674,Jacket,Fashion,West,Mumbai,Consumer,5,86.46,5,432.32,51.73,34.25,Credit Card,Completed,18,4.7
2024-07-23,ORD02601,CUST1487,Air Fryer,Home & Kitchen,West,Ahmedabad,Consumer,2,381.95,15,763.91,24.76,-54.94,Debit Card,Completed,36,3.9
2024-07-23,ORD04281,CUST3282,Keyboard,Office Supplies,North,Delhi,Corporate,2,376.81,5,753.62,15.69,15.31,Cash on Delivery,Completed,36,3.1
2024-07-23,ORD00124,CUST2494,Yoga Mat,Sports,West,Pune,Consumer,2,103.63,15,207.26,35.15,-28.09,Credit Card,Returned,51,2.9
2024-07-23,ORD01683,CUST1744,Perfume,Beauty,West,Mumbai,Consumer,2,211.04,5,422.08,40.19,40.88,Debit Card,Returned,23,3.6
2024-07-24,ORD03288,CUST2384,Headphones,Electronics,South,Bengaluru,Consumer,5,228.48,15,1142.41,47.63,-38.21,Debit Card,Returned,23,5.0
2024-07-24,ORD01979,CUST3077,Yoga Mat,Sports,South,Chennai,Consumer,3,301.24,5,903.71,29.69,-0.71,Credit Card,Returned,64,4.3
2024-07-24,ORD02199,CUST2239,Smartwatch,Electronics,North,Delhi,Consumer,2,327.72,15,655.44,8.7,42.39,UPI,Completed,47,3.3
2024-07-24,ORD02011,CUST3378,Keyboard,Office Supplies,North,Delhi,Corporate,2,194.72,15,389.44,17.67,16.23,Cash on Delivery,Completed,60,4.7
2024-07-24,ORD03139,CUST1548,Jacket,Fashion,South,Hyderabad,Consumer,5,48.17,0,240.87,43.24,-16.28,Debit Card,Cancelled,43,3.8
2024-07-24,ORD04879,CUST1293,Printer,Office Supplies,East,Bhubaneswar,Small Business,1,125.04,15,125.04,6.56,-10.36,Credit Card,Completed,41,4.6
2024-07-24,ORD02551,CUST2805,Jacket,Fashion,North,Delhi,Consumer,1,56.51,0,56.51,37.42,-26.27,UPI,Completed,33,3.8
2024-07-24,ORD01839,CUST2284,Headphones,Electronics,West,Pune,Small Business,3,778.53,5,2335.59,29.4,131.2,Cash on Delivery,Completed,23,3.9
2024-07-24,ORD01354,CUST2941,Fitness Band,Sports,East,Kolkata,Small Business,2,271.66,0,543.32,32.72,16.51,Credit Card,Completed,53,3.7
2024-07-24,ORD00140,CUST1495,Blender,Home & Kitchen,Central,Indore,Small Business,4,143.18,5,572.7,28.81,81.92,Debit Card,Completed,39,3.2
2024-07-24,ORD01518,CUST2498,Headphones,Electronics,Central,Indore,Consumer,4,587.42,15,2349.67,21.23,-32.59,Debit Card,Completed,44,4.6
2024-07-24,ORD01851,CUST3021,Smartphone,Electronics,Central,Indore,Consumer,1,1040.59,0,1040.59,7.92,189.38,Credit Card,Completed,26,3.9
2024-07-24,ORD04260,CUST1518,Fitness Band,Sports,North,Chandigarh,Consumer,5,190.61,5,953.04,27.8,46.53,Credit Card,Returned,64,3.7
2024-07-25,ORD01610,CUST2707,Desk Lamp,Office Supplies,North,Jaipur,Consumer,1,334.08,5,334.08,15.67,33.7,UPI,Completed,50,3.6
2024-07-25,ORD03765,CUST3077,Running Shoes,Sports,North,Jaipur,Consumer,5,292.65,15,1463.23,29.47,76.54,Credit Card,Completed,32,3.0
2024-07-25,ORD00164,CUST2258,Smartwatch,Electronics,Central,Lucknow,Corporate,5,1123.18,15,5615.92,43.21,-392.59,UPI,Returned,27,3.6
2024-07-25,ORD01662,CUST3358,Face Serum,Beauty,North,Chandigarh,Consumer,2,201.81,10,403.63,21.98,50.46,Cash on Delivery,Completed,45,3.1
2024-07-25,ORD01512,CUST1626,Tablet,Electronics,North,Jaipur,Small Business,4,559.33,5,2237.33,38.62,268.12,UPI,Completed,32,4.5
2024-07-25,ORD04289,CUST2503,Keyboard,Office Supplies,South,Bengaluru,Consumer,2,274.35,10,548.69,10.46,17.94,Debit Card,Completed,53,3.2
2024-07-25,ORD01912,CUST3476,Headphones,Electronics,South,Chennai,Consumer,1,576.02,10,576.02,35.68,-35.19,Debit Card,Completed,46,3.0
2024-07-25,ORD04584,CUST2877,Jeans,Fashion,South,Bengaluru,Consumer,2,116.15,10,232.3,24.07,-26.37,Debit Card,Completed,24,4.4
2024-07-26,ORD00382,CUST3497,Smartphone,Electronics,South,Hyderabad,Small Business,4,1360.09,0,5440.34,41.74,1292.72,Credit Card,Completed,24,4.7
2024-07-26,ORD02606,CUST1985,Moisturizer,Beauty,Central,Indore,Small Business,4,17.41,10,69.64,36.0,-28.52,Credit Card,Completed,34,3.1
2024-07-26,ORD02865,CUST2614,Dumbbells,Sports,South,Chennai,Corporate,5,326.07,15,1630.37,42.21,-35.06,UPI,Returned,23,3.1
2024-07-26,ORD02793,CUST1814,Desk Lamp,Office Supplies,South,Chennai,Consumer,1,224.36,10,224.36,6.55,4.42,UPI,Completed,37,3.0
2024-07-26,ORD02901,CUST1988,Blender,Home & Kitchen,West,Pune,Consumer,5,230.4,10,1151.98,42.68,-40.22,Debit Card,Completed,56,5.0
2024-07-27,ORD02305,CUST1179,Tablet,Electronics,West,Ahmedabad,Consumer,3,887.6,10,2662.79,37.32,81.0,UPI,Completed,31,4.2
2024-07-27,ORD00915,CUST1689,Keyboard,Office Supplies,East,Bhubaneswar,Corporate,3,254.91,15,764.72,11.28,-27.07,Cash on Delivery,Completed,24,4.5
2024-07-27,ORD01520,CUST3046,Backpack,Fashion,South,Bengaluru,Small Business,1,133.46,15,133.46,15.65,-7.17,Credit Card,Completed,59,4.8
2024-07-27,ORD04303,CUST3188,Tablet,Electronics,West,Pune,Consumer,1,1376.13,5,1376.13,17.67,144.33,Cash on Delivery,Completed,52,4.9
2024-07-27,ORD04826,CUST2231,Laptop,Electronics,Central,Lucknow,Small Business,2,195.75,5,391.5,32.22,34.79,Cash on Delivery,Completed,30,3.0
2024-07-27,ORD04432,CUST2141,Jacket,Fashion,Central,Lucknow,Corporate,5,64.69,15,323.46,24.4,-27.87,Credit Card,Completed,50,2.3
2024-07-27,ORD04485,CUST2926,Backpack,Fashion,West,Pune,Consumer,5,200.68,0,1003.42,29.95,170.49,Credit Card,Returned,34,3.5
2024-07-27,ORD01159,CUST1021,Laptop,Electronics,North,Delhi,Consumer,4,670.21,0,2680.84,24.54,216.95,UPI,Completed,34,5.0
2024-07-28,ORD03433,CUST2304,Sneakers,Fashion,West,Pune,Consumer,4,163.02,10,652.09,11.29,52.41,Credit Card,Completed,28,4.1
2024-07-28,ORD01803,CUST2323,Smartphone,Electronics,East,Kolkata,Small Business,3,664.19,0,1992.57,32.98,382.95,Credit Card,Completed,41,4.0
2024-07-28,ORD02487,CUST1554,Sneakers,Fashion,North,Chandigarh,Consumer,3,30.95,5,92.85,42.91,-32.28,UPI,Cancelled,22,4.4
2024-07-28,ORD03857,CUST3074,Jacket,Fashion,South,Chennai,Consumer,3,90.52,0,271.55,11.99,58.83,Credit Card,Completed,46,4.7
2024-07-28,ORD00133,CUST3349,Tablet,Electronics,East,Kolkata,Consumer,1,693.02,10,693.02,7.54,90.45,UPI,Returned,25,4.4
2024-07-28,ORD00788,CUST3197,Face Serum,Beauty,South,Hyderabad,Small Business,5,118.69,15,593.43,35.93,35.24,Credit Card,Completed,60,3.4
2024-07-28,ORD02507,CUST1031,Backpack,Fashion,South,Chennai,Small Business,5,70.65,15,353.23,26.96,0.02,Cash on Delivery,Returned,52,5.0
2024-07-28,ORD01029,CUST3229,Dumbbells,Sports,Central,Indore,Corporate,4,330.62,0,1322.49,40.45,268.05,PayPal,Completed,40,4.3
2024-07-28,ORD01722,CUST3026,Laptop,Electronics,East,Bhubaneswar,Consumer,1,1296.63,10,1296.63,21.65,203.59,UPI,Completed,51,3.7
2024-07-28,ORD00951,CUST2634,Smartwatch,Electronics,South,Bengaluru,Corporate,2,1335.95,5,2671.91,33.92,190.47,Credit Card,Returned,31,4.3
2024-07-28,ORD00178,CUST3494,Blender,Home & Kitchen,South,Chennai,Small Business,5,369.38,5,1846.91,19.38,132.45,Credit Card,Completed,33,4.4
2024-07-28,ORD01280,CUST2963,Coffee Maker,Home & Kitchen,West,Ahmedabad,Small Business,4,297.23,5,1188.93,34.22,202.47,Cash on Delivery,Completed,39,4.2
2024-07-28,ORD00522,CUST1498,Perfume,Beauty,South,Chennai,Corporate,3,129.14,0,387.41,32.72,61.56,UPI,Completed,35,4.0
2024-07-28,ORD04970,CUST3426,Coffee Maker,Home & Kitchen,East,Bhubaneswar,Corporate,2,430.88,15,861.76,43.12,44.54,UPI,Cancelled,46,4.8
2024-07-29,ORD01250,CUST1131,Keyboard,Office Supplies,South,Chennai,Small Business,4,126.66,15,506.64,23.29,-23.26,UPI,Returned,63,2.6
2024-07-29,ORD03743,CUST1377,T-Shirt,Fashion,West,Mumbai,Corporate,4,178.66,10,714.65,30.21,26.53,Credit Card,Completed,58,4.0
2024-07-29,ORD04344,CUST3098,Blender,Home & Kitchen,East,Guwahati,Consumer,2,365.86,15,731.71,13.42,-25.42,Cash on Delivery,Completed,49,3.2
2024-07-29,ORD04306,CUST1054,Tablet,Electronics,North,Jaipur,Consumer,2,1298.6,0,2597.21,10.89,616.97,Credit Card,Completed,50,2.2
2024-07-29,ORD01954,CUST2457,Headphones,Electronics,West,Mumbai,Small Business,3,318.87,5,956.62,15.55,55.35,UPI,Completed,32,4.0
2024-07-29,ORD01714,CUST1098,Printer,Office Supplies,East,Kolkata,Consumer,5,340.57,10,1702.87,19.42,159.45,Credit Card,Completed,41,3.6
2024-07-29,ORD04116,CUST1068,Jeans,Fashion,West,Ahmedabad,Small Business,4,61.78,10,247.1,29.38,-18.09,Credit Card,Completed,59,4.8
2024-07-29,ORD02361,CUST3170,Perfume,Beauty,West,Ahmedabad,Consumer,2,68.25,10,136.5,9.1,-7.26,UPI,Completed,32,4.3
2024-07-29,ORD02477,CUST1498,Vacuum Cleaner,Home & Kitchen,East,Kolkata,Consumer,5,414.44,15,2072.19,22.06,-142.31,Credit Card,Completed,50,4.6
2024-07-29,ORD02906,CUST1886,Headphones,Electronics,West,Ahmedabad,Consumer,3,706.96,20,2120.88,25.69,-131.34,Debit Card,Completed,24,4.3
2024-07-29,ORD03968,CUST2110,T-Shirt,Fashion,Central,Lucknow,Small Business,5,22.37,0,111.84,32.6,-5.5,Credit Card,Completed,58,2.1
2024-07-30,ORD01511,CUST2675,Tablet,Electronics,West,Pune,Corporate,1,775.59,0,775.59,23.88,78.44,UPI,Returned,33,4.0
2024-07-30,ORD04562,CUST1669,Smartwatch,Electronics,South,Hyderabad,Corporate,3,964.72,0,2894.17,14.82,397.35,PayPal,Completed,42,4.8
2024-07-30,ORD01836,CUST1101,Lipstick,Beauty,East,Kolkata,Consumer,1,142.38,10,142.38,38.4,-29.54,Debit Card,Cancelled,54,4.3
2024-07-30,ORD04482,CUST1760,Air Fryer,Home & Kitchen,Central,Bhopal,Consumer,1,136.9,10,136.9,33.43,-22.9,Credit Card,Completed,48,4.8
2024-07-30,ORD03182,CUST2826,Vacuum Cleaner,Home & Kitchen,East,Bhubaneswar,Consumer,1,162.07,10,162.07,7.46,18.75,PayPal,Completed,46,3.9
2024-07-30,ORD02210,CUST3331,Cookware Set,Home & Kitchen,Central,Lucknow,Consumer,5,329.22,10,1646.1,32.61,29.98,Credit Card,Completed,61,4.6
2024-07-30,ORD00149,CUST2516,Laptop,Electronics,North,Chandigarh,Consumer,3,227.91,20,683.72,19.9,-10.23,Cash on Delivery,Completed,64,3.9
2024-07-30,ORD01078,CUST2396,Vacuum Cleaner,Home & Kitchen,South,Bengaluru,Corporate,4,344.71,10,1378.84,33.04,151.4,UPI,Completed,28,3.8
2024-07-31,ORD02511,CUST2854,T-Shirt,Fashion,North,Jaipur,Consumer,2,183.86,10,367.71,21.02,-0.22,Debit Card,Completed,49,3.8
2024-07-31,ORD02869,CUST1108,Keyboard,Office Supplies,East,Bhubaneswar,Corporate,1,37.2,10,37.2,21.41,-20.6,Debit Card,Completed,22,3.2
2024-07-31,ORD02805,CUST3220,Air Fryer,Home & Kitchen,East,Bhubaneswar,Consumer,3,461.83,20,1385.5,19.45,-181.82,Debit Card,Completed,44,3.5
2024-07-31,ORD00402,CUST1347,Smartphone,Electronics,East,Bhubaneswar,Small Business,1,372.56,15,372.56,9.18,-1.47,PayPal,Completed,18,4.4
2024-07-31,ORD00542,CUST2908,Shampoo,Beauty,West,Ahmedabad,Small Business,2,16.69,20,33.38,19.48,-18.76,Debit Card,Completed,26,3.2
2024-07-31,ORD02068,CUST1787,Perfume,Beauty,West,Pune,Consumer,2,91.94,5,183.89,18.53,20.26,Credit Card,Completed,45,4.8
2024-07-31,ORD03491,CUST3465,Smartphone,Electronics,West,Mumbai,Small Business,4,403.56,15,1614.25,33.72,-53.8,PayPal,Cancelled,46,3.2
2024-07-31,ORD02543,CUST1898,Office Chair,Office Supplies,Central,Bhopal,Small Business,1,447.03,5,447.03,10.28,71.43,UPI,Completed,24,3.8
2024-08-01,ORD00297,CUST3114,Tablet,Electronics,Central,Bhopal,Consumer,4,745.86,10,2983.43,22.13,223.67,UPI,Completed,49,3.5
2024-08-01,ORD03536,CUST2190,Dumbbells,Sports,East,Kolkata,Consumer,2,154.52,10,309.04,11.89,-10.49,Credit Card,Completed,43,2.8
2024-08-01,ORD00029,CUST3286,Running Shoes,Sports,South,Chennai,Consumer,5,315.62,5,1578.1,20.14,179.07,Debit Card,Completed,53,4.5
2024-08-01,ORD04208,CUST2521,Air Fryer,Home & Kitchen,East,Bhubaneswar,Consumer,4,229.35,15,917.4,15.99,-78.21,Credit Card,Completed,21,3.7
2024-08-01,ORD04894,CUST2164,Notebook,Office Supplies,West,Mumbai,Small Business,2,113.03,10,226.06,41.16,-25.49,Cash on Delivery,Completed,62,3.6
2024-08-01,ORD03185,CUST1683,Vacuum Cleaner,Home & Kitchen,South,Hyderabad,Consumer,1,317.13,15,317.13,15.53,-33.52,Credit Card,Completed,56,4.2
2024-08-01,ORD00870,CUST3117,Perfume,Beauty,West,Pune,Consumer,5,213.16,0,1065.79,18.78,213.53,Debit Card,Completed,55,3.4
2024-08-01,ORD00654,CUST2945,Blender,Home & Kitchen,East,Guwahati,Corporate,5,495.48,5,2477.38,18.36,125.77,UPI,Completed,57,4.4
2024-08-01,ORD01799,CUST1834,Office Chair,Office Supplies,Central,Indore,Corporate,2,111.77,10,223.54,27.27,-17.76,PayPal,Completed,58,4.0
2024-08-01,ORD00214,CUST1084,Laptop,Electronics,Central,Lucknow,Small Business,3,708.35,15,2125.04,37.94,123.63,Cash on Delivery,Completed,40,4.2
2024-08-02,ORD00287,CUST3116,Fitness Band,Sports,Central,Bhopal,Small Business,3,320.02,20,960.07,41.91,-118.54,Credit Card,Completed,19,5.0
2024-08-02,ORD04028,CUST2506,Backpack,Fashion,East,Kolkata,Consumer,3,147.35,15,442.05,35.68,-42.57,UPI,Completed,41,4.4
2024-08-02,ORD04713,CUST1011,Smartphone,Electronics,East,Bhubaneswar,Consumer,5,773.96,5,3869.79,46.6,387.27,UPI,Completed,52,3.2
2024-08-02,ORD01985,CUST2733,Running Shoes,Sports,South,Bengaluru,Consumer,2,107.4,15,214.81,23.25,-0.02,Debit Card,Completed,49,4.1
2024-08-02,ORD02719,CUST3033,Laptop,Electronics,South,Hyderabad,Small Business,2,764.1,20,1528.2,35.95,-167.21,Debit Card,Completed,26,3.8
2024-08-02,ORD01210,CUST3188,Headphones,Electronics,North,Jaipur,Consumer,2,726.61,5,1453.22,12.31,96.1,Cash on Delivery,Completed,28,3.2
2024-08-02,ORD01024,CUST3334,Sneakers,Fashion,West,Mumbai,Consumer,5,94.8,5,474.02,28.56,-2.76,UPI,Completed,23,4.1
2024-08-02,ORD00615,CUST3263,Tablet,Electronics,West,Mumbai,Consumer,1,368.92,10,368.92,22.12,26.95,UPI,Completed,57,3.3
2024-08-02,ORD02863,CUST2765,Laptop,Electronics,West,Ahmedabad,Consumer,1,882.13,0,882.13,29.51,111.08,Cash on Delivery,Completed,51,2.8
2024-08-02,ORD02497,CUST3249,Blender,Home & Kitchen,South,Chennai,Small Business,3,221.8,10,665.39,18.9,21.83,UPI,Returned,53,2.7
2024-08-03,ORD01357,CUST1313,Coffee Maker,Home & Kitchen,East,Kolkata,Consumer,4,479.36,0,1917.44,22.04,486.85,Cash on Delivery,Completed,24,3.1
2024-08-03,ORD04912,CUST2717,Coffee Maker,Home & Kitchen,Central,Bhopal,Consumer,2,232.37,10,464.75,28.48,22.06,Debit Card,Completed,63,5.0
2024-08-03,ORD00515,CUST3337,Running Shoes,Sports,West,Mumbai,Consumer,2,143.88,5,287.75,16.01,8.04,UPI,Completed,21,3.7
2024-08-03,ORD04037,CUST2406,Tablet,Electronics,South,Chennai,Small Business,5,1291.67,10,6458.33,23.41,593.32,PayPal,Completed,50,4.1
2024-08-03,ORD00756,CUST3480,Coffee Maker,Home & Kitchen,West,Mumbai,Consumer,2,225.69,15,451.38,26.0,-48.96,UPI,Completed,36,4.1
2024-08-03,ORD01160,CUST2551,Jacket,Fashion,West,Mumbai,Corporate,3,30.86,5,92.59,28.53,-11.4,UPI,Completed,22,4.0
2024-08-03,ORD03220,CUST1587,Lipstick,Beauty,East,Bhubaneswar,Small Business,1,58.95,10,58.95,17.04,-11.03,UPI,Completed,39,3.8
2024-08-03,ORD02627,CUST1233,Tablet,Electronics,Central,Lucknow,Small Business,1,1176.17,10,1176.17,10.22,19.55,Debit Card,Completed,62,2.3
2024-08-04,ORD03937,CUST2092,Smartphone,Electronics,North,Jaipur,Consumer,1,1352.29,10,1352.29,29.44,51.39,UPI,Completed,43,3.5
2024-08-04,ORD03450,CUST1453,Coffee Maker,Home & Kitchen,Central,Bhopal,Small Business,1,451.16,5,451.16,8.05,58.33,Credit Card,Completed,24,2.4
2024-08-04,ORD04719,CUST3295,Moisturizer,Beauty,South,Chennai,Corporate,3,54.09,15,162.26,16.06,-6.26,UPI,Completed,25,4.6
2024-08-04,ORD02815,CUST3387,Notebook,Office Supplies,East,Kolkata,Consumer,4,33.58,5,134.32,51.2,-26.17,UPI,Completed,43,4.6
2024-08-04,ORD04532,CUST2646,Fitness Band,Sports,Central,Bhopal,Corporate,2,251.98,5,503.97,17.61,21.15,Credit Card,Completed,31,4.7
2024-08-04,ORD00549,CUST2269,Vacuum Cleaner,Home & Kitchen,South,Hyderabad,Consumer,3,422.41,10,1267.23,19.7,203.19,Debit Card,Returned,44,3.7
2024-08-04,ORD04114,CUST1548,Cookware Set,Home & Kitchen,North,Chandigarh,Consumer,2,447.93,10,895.86,31.26,112.04,Credit Card,Completed,26,4.6
2024-08-04,ORD02156,CUST1387,Face Serum,Beauty,West,Ahmedabad,Small Business,3,189.63,20,568.88,29.47,-75.06,Credit Card,Completed,28,3.8
2024-08-05,ORD00069,CUST3474,Backpack,Fashion,North,Jaipur,Consumer,2,243.08,15,486.16,16.21,31.25,Credit Card,Returned,64,3.6
2024-08-05,ORD01710,CUST3062,Printer,Office Supplies,North,Jaipur,Small Business,3,384.49,0,1153.46,16.18,126.44,UPI,Completed,53,3.6
2024-08-05,ORD04994,CUST1232,Backpack,Fashion,South,Bengaluru,Consumer,5,229.54,10,1147.68,48.42,-61.04,Credit Card,Completed,60,2.2
2024-08-05,ORD04408,CUST2747,Face Serum,Beauty,West,Ahmedabad,Consumer,3,188.18,10,564.54,26.75,24.01,UPI,Cancelled,61,4.0
2024-08-05,ORD01192,CUST2076,Notebook,Office Supplies,North,Jaipur,Corporate,5,372.22,5,1861.09,21.78,187.02,Credit Card,Completed,48,4.2
2024-08-05,ORD01114,CUST2452,Cookware Set,Home & Kitchen,North,Jaipur,Consumer,1,343.65,15,343.65,24.2,17.43,UPI,Completed,41,3.4
2024-08-05,ORD01627,CUST1163,Running Shoes,Sports,West,Ahmedabad,Consumer,3,308.68,5,926.03,36.6,75.22,Debit Card,Completed,37,4.8
2024-08-05,ORD04855,CUST1930,Laptop,Electronics,Central,Lucknow,Small Business,1,534.83,15,534.83,21.53,-12.98,Cash on Delivery,Completed,20,3.2
2024-08-05,ORD04598,CUST2108,Keyboard,Office Supplies,Central,Bhopal,Consumer,4,101.31,15,405.24,35.16,-1.02,UPI,Returned,47,3.4
2024-08-05,ORD00016,CUST3479,Keyboard,Office Supplies,West,Mumbai,Consumer,3,30.24,0,90.72,41.82,-25.96,Credit Card,Completed,40,4.7
2024-08-06,ORD02776,CUST1896,Vacuum Cleaner,Home & Kitchen,South,Chennai,Consumer,3,60.38,0,181.13,31.42,8.38,Debit Card,Returned,40,3.8
2024-08-06,ORD00953,CUST1726,Vacuum Cleaner,Home & Kitchen,East,Kolkata,Consumer,2,195.93,10,391.85,37.59,25.8,Debit Card,Returned,61,4.7
2024-08-06,ORD02372,CUST2294,Running Shoes,Sports,North,Jaipur,Consumer,4,271.96,5,1087.84,25.75,192.22,UPI,Completed,50,3.2
2024-08-06,ORD00760,CUST3428,Backpack,Fashion,Central,Indore,Small Business,4,79.35,10,317.4,23.93,5.63,Cash on Delivery,Completed,30,4.3
2024-08-06,ORD02320,CUST2179,Headphones,Electronics,North,Delhi,Consumer,2,1054.24,10,2108.48,23.41,99.35,Credit Card,Completed,40,2.9
2024-08-06,ORD02411,CUST3230,Notebook,Office Supplies,North,Jaipur,Consumer,2,161.95,10,323.9,8.38,24.66,Debit Card,Completed,22,5.0
2024-08-06,ORD03188,CUST1370,Smartwatch,Electronics,South,Hyderabad,Consumer,5,356.56,5,1782.81,38.98,56.56,Cash on Delivery,Returned,52,2.6
2024-08-07,ORD03578,CUST1932,Jeans,Fashion,West,Ahmedabad,Corporate,1,50.54,15,50.54,6.56,-8.6,Debit Card,Completed,62,5.0
2024-08-07,ORD00932,CUST2946,T-Shirt,Fashion,North,Chandigarh,Consumer,1,98.07,5,98.07,16.83,-10.38,UPI,Returned,38,3.6
2024-08-07,ORD04629,CUST3429,Moisturizer,Beauty,West,Mumbai,Small Business,4,32.26,15,129.05,20.68,-22.57,Credit Card,Completed,19,3.1
2024-08-07,ORD01102,CUST2599,Desk Lamp,Office Supplies,Central,Indore,Corporate,4,232.28,10,929.14,41.06,54.76,Credit Card,Completed,43,4.1
2024-08-07,ORD04072,CUST1171,Vacuum Cleaner,Home & Kitchen,East,Guwahati,Consumer,3,341.35,10,1024.04,28.98,20.69,Debit Card,Returned,37,4.4
2024-08-07,ORD00930,CUST1890,Air Fryer,Home & Kitchen,North,Jaipur,Consumer,2,200.72,5,401.43,18.55,65.23,UPI,Completed,27,3.5
2024-08-07,ORD01161,CUST2697,Vacuum Cleaner,Home & Kitchen,North,Delhi,Corporate,2,83.33,10,166.66,21.31,-11.89,Cash on Delivery,Cancelled,61,4.4
2024-08-07,ORD04230,CUST3267,Headphones,Electronics,East,Guwahati,Consumer,4,380.14,15,1520.56,20.08,79.73,UPI,Completed,30,2.7
2024-08-07,ORD04248,CUST1623,Yoga Mat,Sports,North,Delhi,Small Business,5,305.67,10,1528.33,46.95,106.09,Debit Card,Completed,25,3.8
2024-08-07,ORD03789,CUST2622,Sports Bottle,Sports,South,Chennai,Consumer,3,192.89,10,578.68,15.88,79.98,Cash on Delivery,Completed,49,4.5
2024-08-07,ORD04468,CUST2459,Jacket,Fashion,North,Delhi,Consumer,1,169.77,10,169.77,14.96,-13.27,Credit Card,Completed,23,4.2
2024-08-07,ORD00824,CUST1162,T-Shirt,Fashion,Central,Indore,Consumer,5,164.03,5,820.15,34.2,-9.39,Cash on Delivery,Completed,41,4.6
2024-08-08,ORD03069,CUST2177,Keyboard,Office Supplies,South,Bengaluru,Consumer,4,255.54,10,1022.14,18.73,-8.4,UPI,Completed,27,5.0
2024-08-08,ORD00192,CUST2891,Cookware Set,Home & Kitchen,East,Bhubaneswar,Consumer,1,206.09,5,206.09,27.08,5.54,Debit Card,Completed,36,3.5
2024-08-08,ORD00992,CUST1265,Office Chair,Office Supplies,West,Mumbai,Consumer,1,322.75,10,322.75,35.7,-6.24,Cash on Delivery,Completed,58,4.3
2024-08-08,ORD02443,CUST2388,Moisturizer,Beauty,Central,Indore,Corporate,5,72.67,10,363.36,27.88,-28.75,Debit Card,Completed,48,4.7
2024-08-08,ORD01363,CUST3283,Jeans,Fashion,Central,Bhopal,Consumer,2,46.66,10,93.31,21.51,-17.51,Credit Card,Completed,20,4.1
2024-08-08,ORD00633,CUST2333,Fitness Band,Sports,Central,Lucknow,Consumer,5,177.93,0,889.63,15.31,145.56,Debit Card,Cancelled,31,3.7
2024-08-08,ORD01414,CUST2985,Tablet,Electronics,South,Chennai,Consumer,5,510.98,15,2554.89,46.71,-159.45,Debit Card,Completed,47,4.1
2024-08-08,ORD02264,CUST1781,Air Fryer,Home & Kitchen,West,Pune,Consumer,5,384.83,15,1924.16,53.29,-153.89,Cash on Delivery,Returned,28,2.6
2024-08-08,ORD02999,CUST2805,Smartwatch,Electronics,East,Guwahati,Consumer,4,914.0,0,3656.01,15.05,378.17,Cash on Delivery,Completed,53,4.6
2024-08-08,ORD00271,CUST2065,Smartphone,Electronics,Central,Bhopal,Consumer,4,260.15,20,1040.59,25.27,24.35,Credit Card,Completed,44,4.1
2024-08-08,ORD00301,CUST1378,Jeans,Fashion,North,Jaipur,Corporate,4,172.6,15,690.41,27.61,40.4,UPI,Completed,27,5.0
2024-08-09,ORD04477,CUST2619,Air Fryer,Home & Kitchen,South,Chennai,Consumer,5,125.24,0,626.22,20.84,57.9,UPI,Completed,45,3.1
2024-08-09,ORD03159,CUST2054,Tablet,Electronics,South,Bengaluru,Consumer,3,905.45,10,2716.35,18.88,385.55,UPI,Completed,51,4.8
2024-08-09,ORD04386,CUST3391,Printer,Office Supplies,North,Jaipur,Consumer,5,39.21,10,196.06,31.06,-33.21,Debit Card,Completed,24,5.0
2024-08-09,ORD02347,CUST2637,Jacket,Fashion,South,Chennai,Corporate,3,135.71,20,407.12,17.87,-9.38,UPI,Completed,21,4.0
2024-08-09,ORD02024,CUST2173,Yoga Mat,Sports,Central,Indore,Consumer,1,213.77,10,213.77,34.89,-18.81,UPI,Completed,28,2.9
2024-08-09,ORD03434,CUST2291,Tablet,Electronics,Central,Bhopal,Small Business,1,708.18,5,708.18,12.83,11.71,Credit Card,Completed,44,2.2
2024-08-09,ORD00222,CUST1826,Tablet,Electronics,South,Hyderabad,Small Business,1,976.78,0,976.78,18.59,192.91,Debit Card,Returned,26,3.8
2024-08-09,ORD03986,CUST2077,Smartphone,Electronics,East,Bhubaneswar,Corporate,3,279.23,5,837.69,39.2,58.06,PayPal,Completed,19,3.9
2024-08-09,ORD01195,CUST3229,Office Chair,Office Supplies,East,Guwahati,Small Business,1,161.63,5,161.63,27.82,-18.5,PayPal,Completed,62,3.4
2024-08-09,ORD00521,CUST3261,Headphones,Electronics,Central,Indore,Corporate,2,768.56,15,1537.13,27.03,-44.99,UPI,Cancelled,48,2.1
2024-08-09,ORD02850,CUST1699,Keyboard,Office Supplies,South,Hyderabad,Corporate,2,140.97,10,281.94,13.73,2.52,UPI,Cancelled,53,4.0
2024-08-09,ORD01689,CUST1579,Laptop,Electronics,East,Bhubaneswar,Consumer,3,1263.13,10,3789.38,29.59,269.47,Credit Card,Completed,64,1.8
2024-08-10,ORD04079,CUST3309,Keyboard,Office Supplies,Central,Bhopal,Small Business,4,424.74,5,1698.96,22.63,192.7,Credit Card,Completed,24,2.7
2024-08-10,ORD01690,CUST2128,Desk Lamp,Office Supplies,Central,Lucknow,Consumer,5,400.72,15,2003.61,32.47,47.43,Credit Card,Returned,58,5.0
2024-08-10,ORD03980,CUST3041,T-Shirt,Fashion,South,Chennai,Consumer,4,157.39,20,629.55,33.55,-37.91,Credit Card,Completed,36,4.4
2024-08-10,ORD03040,CUST2629,Printer,Office Supplies,Central,Indore,Corporate,2,11.85,10,23.69,41.91,-38.58,Debit Card,Completed,18,4.1
2024-08-10,ORD02058,CUST1399,Cookware Set,Home & Kitchen,Central,Bhopal,Corporate,2,224.97,5,449.95,35.52,-4.64,Credit Card,Completed,19,4.8
2024-08-10,ORD04658,CUST2858,Lipstick,Beauty,West,Ahmedabad,Consumer,4,72.37,10,289.48,23.14,-14.59,Debit Card,Completed,62,5.0
2024-08-10,ORD02449,CUST2012,Air Fryer,Home & Kitchen,South,Hyderabad,Consumer,4,333.72,5,1334.87,26.11,26.57,Debit Card,Completed,52,4.3
2024-08-10,ORD02157,CUST1757,Cookware Set,Home & Kitchen,North,Chandigarh,Consumer,5,189.84,15,949.19,31.83,42.33,Credit Card,Completed,47,4.6
2024-08-10,ORD01038,CUST2320,Fitness Band,Sports,South,Hyderabad,Corporate,4,299.86,15,1199.44,18.19,16.16,UPI,Completed,42,3.5
2024-08-11,ORD03236,CUST1275,Backpack,Fashion,South,Chennai,Consumer,5,81.2,10,406.0,31.18,32.08,PayPal,Completed,27,3.9
2024-08-11,ORD02137,CUST1367,Sports Bottle,Sports,South,Bengaluru,Consumer,3,107.6,5,322.81,15.37,-3.03,Cash on Delivery,Completed,54,3.1
2024-08-11,ORD03587,CUST3220,Yoga Mat,Sports,South,Bengaluru,Small Business,5,344.75,10,1723.74,49.69,96.69,Credit Card,Cancelled,50,3.7
2024-08-11,ORD02219,CUST1430,Blender,Home & Kitchen,Central,Indore,Consumer,2,497.61,0,995.23,32.71,55.95,Credit Card,Completed,25,2.4
2024-08-11,ORD02499,CUST1226,Yoga Mat,Sports,West,Ahmedabad,Corporate,3,221.53,10,664.6,17.89,0.63,Credit Card,Completed,45,4.6
2024-08-11,ORD04616,CUST1928,Backpack,Fashion,South,Bengaluru,Corporate,5,75.36,10,376.79,43.24,19.06,Debit Card,Cancelled,20,4.0
2024-08-11,ORD04398,CUST1748,Running Shoes,Sports,South,Chennai,Corporate,5,186.61,15,933.05,52.85,-86.77,Debit Card,Completed,58,2.3
2024-08-11,ORD02769,CUST3207,Cookware Set,Home & Kitchen,East,Guwahati,Consumer,4,483.95,10,1935.81,32.32,198.18,UPI,Completed,49,3.9
2024-08-11,ORD01861,CUST3388,Backpack,Fashion,North,Jaipur,Corporate,1,192.5,10,192.5,10.06,-3.23,PayPal,Completed,54,3.8
2024-08-12,ORD00886,CUST1736,Backpack,Fashion,West,Ahmedabad,Consumer,4,227.18,10,908.72,23.37,20.78,UPI,Returned,61,4.5
2024-08-12,ORD02350,CUST3129,Sneakers,Fashion,West,Pune,Small Business,4,159.59,5,638.37,22.54,73.73,UPI,Completed,23,3.4
2024-08-12,ORD01587,CUST3087,Headphones,Electronics,North,Jaipur,Consumer,3,320.67,15,962.0,37.61,-45.55,UPI,Completed,50,3.4
2024-08-12,ORD01066,CUST2707,Air Fryer,Home & Kitchen,West,Ahmedabad,Corporate,1,96.46,10,96.46,25.7,-18.55,UPI,Completed,46,3.5
2024-08-12,ORD02456,CUST3136,Notebook,Office Supplies,North,Chandigarh,Small Business,4,135.57,0,542.28,34.7,80.0,Credit Card,Completed,29,3.1
2024-08-12,ORD02538,CUST1555,Notebook,Office Supplies,North,Jaipur,Consumer,2,60.62,15,121.23,27.12,-28.77,Debit Card,Completed,30,2.6
2024-08-12,ORD02591,CUST1964,Jeans,Fashion,South,Bengaluru,Corporate,1,193.4,10,193.4,22.64,-12.3,PayPal,Completed,59,3.3
2024-08-12,ORD03841,CUST1036,Blender,Home & Kitchen,West,Pune,Consumer,5,295.61,10,1478.07,56.7,158.06,Cash on Delivery,Completed,19,2.5
2024-08-12,ORD01222,CUST3030,Coffee Maker,Home & Kitchen,South,Hyderabad,Consumer,2,414.59,5,829.19,33.7,29.07,Debit Card,Returned,41,4.2
2024-08-12,ORD03448,CUST2796,Dumbbells,Sports,South,Chennai,Consumer,5,245.66,15,1228.28,44.17,25.52,UPI,Completed,41,3.0
2024-08-12,ORD03255,CUST2140,Vacuum Cleaner,Home & Kitchen,South,Chennai,Consumer,4,492.41,10,1969.65,24.42,6.91,Cash on Delivery,Completed,27,3.3
2024-08-12,ORD02056,CUST1846,Laptop,Electronics,North,Delhi,Consumer,1,1281.94,5,1281.94,24.32,18.29,Debit Card,Completed,55,3.9
2024-08-13,ORD03694,CUST3332,Laptop,Electronics,East,Bhubaneswar,Consumer,2,1300.69,10,2601.38,39.48,-19.12,Debit Card,Completed,54,2.7
2024-08-13,ORD04152,CUST1181,Jeans,Fashion,North,Chandigarh,Consumer,2,171.14,0,342.27,18.3,52.1,UPI,Completed,48,2.7
2024-08-13,ORD03776,CUST1941,Running Shoes,Sports,West,Pune,Corporate,3,67.58,10,202.75,12.33,13.21,Cash on Delivery,Completed,36,4.2
2024-08-13,ORD00430,CUST2193,Blender,Home & Kitchen,South,Chennai,Small Business,5,399.5,15,1997.5,19.47,-23.78,UPI,Returned,32,2.5
2024-08-13,ORD03008,CUST2096,Tablet,Electronics,North,Delhi,Consumer,2,731.78,15,1463.56,27.14,-63.63,Debit Card,Completed,57,4.7
2024-08-13,ORD03120,CUST2259,Smartphone,Electronics,Central,Lucknow,Consumer,3,882.7,5,2648.11,19.31,400.07,Credit Card,Cancelled,61,4.6
2024-08-13,ORD03993,CUST3015,Jeans,Fashion,North,Jaipur,Consumer,1,109.66,0,109.66,15.5,0.32,UPI,Returned,26,3.6
2024-08-14,ORD01457,CUST1108,Laptop,Electronics,Central,Indore,Consumer,3,1109.04,20,3327.12,30.95,206.89,Debit Card,Completed,53,3.9
2024-08-14,ORD02077,CUST3376,Jacket,Fashion,South,Bengaluru,Consumer,5,200.57,20,1002.84,24.63,29.35,Credit Card,Completed,37,4.6
2024-08-14,ORD03082,CUST2998,Office Chair,Office Supplies,East,Guwahati,Corporate,2,429.16,10,858.31,37.73,-37.43,Credit Card,Completed,41,4.4
2024-08-14,ORD02214,CUST2891,Jacket,Fashion,West,Pune,Corporate,4,138.33,5,553.31,41.43,37.91,Debit Card,Cancelled,54,2.9
2024-08-14,ORD02763,CUST1727,Smartphone,Electronics,Central,Bhopal,Consumer,2,1079.76,10,2159.53,29.51,220.68,Debit Card,Completed,59,3.8
2024-08-14,ORD00046,CUST2333,Sneakers,Fashion,East,Bhubaneswar,Consumer,2,39.04,5,78.09,22.13,-15.15,Cash on Delivery,Completed,50,4.2
2024-08-14,ORD02684,CUST2082,Desk Lamp,Office Supplies,North,Delhi,Small Business,5,318.66,20,1593.28,21.83,-183.75,Debit Card,Returned,36,4.8
2024-08-14,ORD00100,CUST1773,Tablet,Electronics,West,Ahmedabad,Corporate,4,1234.34,0,4937.36,36.39,890.55,PayPal,Completed,36,5.0
2024-08-14,ORD04166,CUST3479,Smartphone,Electronics,West,Mumbai,Consumer,5,606.84,5,3034.19,33.4,149.45,Cash on Delivery,Completed,61,4.2
2024-08-14,ORD00664,CUST3459,Lipstick,Beauty,South,Hyderabad,Consumer,2,94.52,5,189.04,11.19,-0.13,PayPal,Completed,58,3.6
2024-08-14,ORD02429,CUST1154,Smartwatch,Electronics,North,Jaipur,Consumer,3,1281.09,5,3843.28,28.61,512.56,UPI,Completed,58,3.7
2024-08-14,ORD03112,CUST2304,Air Fryer,Home & Kitchen,South,Bengaluru,Corporate,1,237.39,0,237.39,24.31,-4.01,Debit Card,Cancelled,50,4.1
2024-08-14,ORD01978,CUST1191,Vacuum Cleaner,Home & Kitchen,West,Pune,Corporate,2,111.07,0,222.13,27.7,0.82,Credit Card,Completed,37,2.5
2024-08-15,ORD03989,CUST2889,Office Chair,Office Supplies,Central,Bhopal,Corporate,5,61.95,10,309.73,36.16,13.16,PayPal,Completed,45,4.4
2024-08-15,ORD02327,CUST1376,Desk Lamp,Office Supplies,West,Mumbai,Consumer,3,339.01,10,1017.04,26.89,-6.29,Debit Card,Cancelled,30,2.3
2024-08-15,ORD02823,CUST1101,Shampoo,Beauty,North,Jaipur,Consumer,3,155.89,10,467.68,47.25,9.0,Credit Card,Cancelled,59,2.5
2024-08-15,ORD04193,CUST3014,Keyboard,Office Supplies,North,Chandigarh,Corporate,4,363.46,10,1453.83,34.37,214.7,Debit Card,Completed,36,3.5
2024-08-15,ORD04430,CUST1940,Moisturizer,Beauty,East,Kolkata,Small Business,1,31.28,0,31.28,14.01,-10.2,UPI,Completed,47,3.3
2024-08-16,ORD00207,CUST2547,Vacuum Cleaner,Home & Kitchen,North,Jaipur,Corporate,2,189.82,5,379.63,36.94,42.4,Debit Card,Returned,29,3.5
2024-08-16,ORD04309,CUST3073,Dumbbells,Sports,West,Mumbai,Consumer,3,306.83,0,920.49,37.87,113.8,UPI,Completed,27,3.3
2024-08-16,ORD02950,CUST1793,Keyboard,Office Supplies,West,Pune,Consumer,5,298.45,15,1492.24,29.69,-122.37,Debit Card,Completed,51,3.1
2024-08-16,ORD03809,CUST2148,Headphones,Electronics,North,Delhi,Consumer,2,226.57,5,453.13,9.16,18.97,PayPal,Completed,62,4.8
2024-08-16,ORD00863,CUST3297,Headphones,Electronics,West,Ahmedabad,Small Business,1,468.44,20,468.44,33.33,-70.05,Debit Card,Completed,41,4.7
2024-08-16,ORD03794,CUST2893,Air Fryer,Home & Kitchen,South,Bengaluru,Small Business,5,467.8,5,2339.0,49.02,486.79,UPI,Completed,34,3.6
2024-08-16,ORD00572,CUST2854,Jeans,Fashion,West,Ahmedabad,Small Business,4,43.43,15,173.74,28.79,-36.96,PayPal,Completed,42,4.0
2024-08-16,ORD02552,CUST1749,Headphones,Electronics,West,Pune,Corporate,5,162.51,10,812.54,28.43,-15.2,Credit Card,Completed,50,3.9
2024-08-17,ORD04264,CUST2260,Face Serum,Beauty,South,Hyderabad,Consumer,3,148.55,10,445.65,31.7,-12.69,Credit Card,Returned,46,4.3
2024-08-17,ORD04558,CUST3147,Air Fryer,Home & Kitchen,South,Bengaluru,Consumer,3,124.99,0,374.98,19.58,23.89,Cash on Delivery,Returned,31,4.5
2024-08-17,ORD04655,CUST2569,Dumbbells,Sports,Central,Indore,Small Business,1,284.05,10,284.05,30.44,-5.8,Credit Card,Completed,60,3.4
2024-08-17,ORD02897,CUST2785,Jacket,Fashion,Central,Lucknow,Consumer,3,231.28,5,693.83,11.58,55.93,Credit Card,Completed,40,3.8
2024-08-17,ORD03693,CUST2312,Sneakers,Fashion,East,Bhubaneswar,Small Business,5,154.58,10,772.88,52.98,66.52,UPI,Returned,38,2.8
2024-08-17,ORD00455,CUST2743,Moisturizer,Beauty,West,Mumbai,Small Business,4,162.92,5,651.69,32.14,9.4,Cash on Delivery,Completed,62,4.9
2024-08-17,ORD01655,CUST1895,Smartwatch,Electronics,Central,Indore,Small Business,4,804.08,15,3216.34,13.0,225.41,Debit Card,Returned,57,3.5
2024-08-17,ORD04271,CUST1414,Printer,Office Supplies,West,Ahmedabad,Consumer,5,409.84,0,2049.19,27.51,170.65,UPI,Completed,27,3.9
2024-08-17,ORD02640,CUST3383,Smartwatch,Electronics,North,Chandigarh,Consumer,4,304.25,10,1217.0,46.46,-22.45,UPI,Cancelled,28,3.4
2024-08-17,ORD04899,CUST3145,Vacuum Cleaner,Home & Kitchen,South,Hyderabad,Corporate,2,252.25,10,504.5,33.38,56.63,UPI,Completed,57,2.5
2024-08-17,ORD04560,CUST1180,Desk Lamp,Office Supplies,Central,Indore,Corporate,5,127.89,15,639.43,38.77,39.7,UPI,Returned,34,4.7
2024-08-17,ORD00525,CUST3274,Moisturizer,Beauty,North,Chandigarh,Consumer,4,136.96,15,547.83,27.22,-19.52,Credit Card,Completed,57,3.7
2024-08-17,ORD03535,CUST3337,Smartphone,Electronics,Central,Bhopal,Consumer,4,1225.28,10,4901.11,50.97,76.68,Credit Card,Completed,54,3.8
2024-08-17,ORD03323,CUST1011,T-Shirt,Fashion,Central,Bhopal,Consumer,2,113.73,10,227.46,32.7,-35.38,Cash on Delivery,Completed,59,4.0
2024-08-18,ORD03352,CUST1314,Yoga Mat,Sports,Central,Bhopal,Consumer,3,97.07,10,291.21,41.53,4.93,Debit Card,Completed,59,4.3
2024-08-18,ORD02554,CUST2335,Jacket,Fashion,North,Delhi,Consumer,5,92.41,20,462.07,43.47,-76.17,UPI,Completed,18,5.0
2024-08-18,ORD03414,CUST3359,Shampoo,Beauty,South,Chennai,Corporate,2,26.3,10,52.6,34.95,-33.41,Credit Card,Completed,55,4.9
2024-08-18,ORD00576,CUST2969,Backpack,Fashion,West,Pune,Consumer,3,237.76,0,713.29,37.34,144.36,UPI,Returned,20,3.3
2024-08-18,ORD00253,CUST1452,Keyboard,Office Supplies,North,Jaipur,Consumer,4,156.4,20,625.6,33.79,-48.15,UPI,Cancelled,38,4.2
2024-08-18,ORD02431,CUST1323,Smartphone,Electronics,Central,Bhopal,Consumer,2,1021.76,5,2043.52,12.49,121.38,UPI,Completed,54,4.4
2024-08-18,ORD02812,CUST3346,Printer,Office Supplies,North,Chandigarh,Small Business,2,322.33,5,644.67,36.47,103.01,UPI,Completed,43,4.3
2024-08-18,ORD02074,CUST2474,Blender,Home & Kitchen,South,Chennai,Consumer,2,99.9,0,199.8,22.87,-3.84,PayPal,Completed,53,3.8
2024-08-18,ORD01219,CUST1319,Running Shoes,Sports,West,Mumbai,Small Business,3,285.47,5,856.41,17.38,155.6,Credit Card,Completed,48,4.7
2024-08-18,ORD04618,CUST1335,Blender,Home & Kitchen,South,Chennai,Small Business,4,123.71,5,494.85,16.15,78.95,UPI,Completed,52,4.5
2024-08-18,ORD00848,CUST3149,Laptop,Electronics,Central,Indore,Corporate,4,320.66,15,1282.66,19.52,44.76,UPI,Completed,53,4.8
2024-08-18,ORD02921,CUST2725,Keyboard,Office Supplies,Central,Lucknow,Small Business,5,78.34,20,391.72,29.82,-30.84,Debit Card,Completed,28,4.5
2024-08-18,ORD00607,CUST3452,Smartphone,Electronics,East,Kolkata,Corporate,5,856.14,10,4280.72,29.33,579.1,Cash on Delivery,Completed,49,3.1
2024-08-18,ORD04614,CUST2782,Backpack,Fashion,West,Pune,Small Business,2,180.37,10,360.75,35.52,3.57,Credit Card,Completed,24,2.3
2024-08-19,ORD02290,CUST2594,Office Chair,Office Supplies,West,Ahmedabad,Consumer,2,334.06,15,668.13,38.22,-66.69,Credit Card,Completed,56,4.0
2024-08-19,ORD03090,CUST2995,Air Fryer,Home & Kitchen,North,Chandigarh,Consumer,3,480.21,10,1440.64,9.65,90.03,Credit Card,Completed,40,3.7
2024-08-19,ORD02111,CUST1795,Running Shoes,Sports,North,Jaipur,Consumer,2,301.88,10,603.76,22.94,-11.12,Credit Card,Cancelled,19,3.9
2024-08-19,ORD03856,CUST1163,Office Chair,Office Supplies,North,Jaipur,Consumer,3,140.27,10,420.82,36.0,36.14,Credit Card,Completed,47,2.7
2024-08-19,ORD02158,CUST2144,Fitness Band,Sports,South,Bengaluru,Consumer,4,227.74,20,910.98,25.09,-32.1,UPI,Cancelled,51,3.5
2024-08-19,ORD04567,CUST1658,Backpack,Fashion,South,Bengaluru,Small Business,2,101.77,5,203.54,10.3,26.97,Debit Card,Completed,23,2.5
2024-08-19,ORD04678,CUST2236,Backpack,Fashion,East,Bhubaneswar,Small Business,3,194.66,15,583.99,30.19,12.06,Debit Card,Completed,58,3.8
2024-08-19,ORD01333,CUST1723,Cookware Set,Home & Kitchen,Central,Lucknow,Corporate,3,383.47,0,1150.4,22.54,296.81,PayPal,Completed,41,4.9
2024-08-19,ORD01312,CUST3148,Lipstick,Beauty,West,Ahmedabad,Consumer,3,151.41,20,454.24,13.4,-41.47,Debit Card,Completed,47,4.3
2024-08-19,ORD01947,CUST3480,Backpack,Fashion,South,Hyderabad,Small Business,5,84.06,10,420.29,22.26,49.54,Cash on Delivery,Completed,44,3.7
2024-08-19,ORD02140,CUST2941,Blender,Home & Kitchen,West,Ahmedabad,Consumer,1,206.93,15,206.93,13.67,4.42,PayPal,Completed,29,3.5
2024-08-19,ORD00868,CUST1078,Blender,Home & Kitchen,West,Ahmedabad,Consumer,1,308.0,10,308.0,12.68,31.1,UPI,Completed,24,3.9
2024-08-20,ORD01343,CUST2129,Jeans,Fashion,West,Mumbai,Corporate,1,164.78,10,164.78,12.26,13.43,UPI,Returned,27,4.9
2024-08-20,ORD03772,CUST1000,Jacket,Fashion,East,Bhubaneswar,Small Business,5,34.48,10,172.4,28.18,-27.61,Cash on Delivery,Completed,54,5.0
2024-08-20,ORD03208,CUST2432,Tablet,Electronics,Central,Bhopal,Corporate,5,681.62,15,3408.1,19.49,-121.88,UPI,Completed,19,3.5
2024-08-20,ORD00983,CUST3414,Dumbbells,Sports,North,Jaipur,Consumer,3,334.85,5,1004.55,20.65,80.45,UPI,Completed,61,5.0
2024-08-20,ORD00491,CUST1368,Lipstick,Beauty,Central,Indore,Corporate,5,33.71,20,168.53,16.7,-18.54,Debit Card,Completed,38,4.7
2024-08-20,ORD00540,CUST1244,Jeans,Fashion,North,Delhi,Small Business,5,173.72,5,868.62,31.0,163.74,Debit Card,Cancelled,18,4.1
2024-08-20,ORD04242,CUST1727,Jeans,Fashion,West,Mumbai,Small Business,1,54.8,0,54.8,36.06,-26.91,UPI,Returned,33,4.2
2024-08-20,ORD04221,CUST2134,Moisturizer,Beauty,South,Bengaluru,Consumer,2,185.27,10,370.54,38.41,-33.37,UPI,Completed,40,5.0
2024-08-20,ORD01073,CUST1050,T-Shirt,Fashion,Central,Bhopal,Consumer,3,25.05,10,75.14,33.13,-21.62,UPI,Returned,48,4.5
2024-08-21,ORD02772,CUST2756,Keyboard,Office Supplies,South,Hyderabad,Consumer,5,171.14,5,855.68,25.38,88.6,Debit Card,Completed,59,4.8
2024-08-21,ORD02682,CUST1822,Face Serum,Beauty,East,Kolkata,Consumer,2,41.4,15,82.8,36.49,-33.43,UPI,Completed,27,4.1
2024-08-21,ORD02040,CUST1555,Blender,Home & Kitchen,South,Bengaluru,Corporate,5,427.31,15,2136.56,36.87,-32.19,Credit Card,Completed,29,4.7
2024-08-21,ORD01168,CUST3278,Running Shoes,Sports,East,Guwahati,Small Business,2,34.61,5,69.23,10.7,1.24,Debit Card,Completed,41,3.4
2024-08-21,ORD01738,CUST1828,Headphones,Electronics,Central,Indore,Consumer,1,192.76,0,192.76,19.1,10.91,Debit Card,Completed,46,3.6
2024-08-21,ORD03621,CUST3003,Tablet,Electronics,North,Chandigarh,Consumer,3,1007.67,5,3023.02,8.66,521.05,UPI,Completed,58,3.5
2024-08-21,ORD00656,CUST2961,Backpack,Fashion,North,Jaipur,Small Business,5,148.1,15,740.49,18.65,-68.17,Debit Card,Completed,54,4.2
2024-08-21,ORD03374,CUST2412,Smartphone,Electronics,West,Ahmedabad,Corporate,1,415.22,20,415.22,27.12,4.74,Cash on Delivery,Completed,43,5.0
2024-08-21,ORD01704,CUST2544,Coffee Maker,Home & Kitchen,West,Pune,Corporate,3,178.42,15,535.27,27.57,0.09,Debit Card,Completed,60,4.7
2024-08-21,ORD01996,CUST2977,Jeans,Fashion,Central,Indore,Consumer,3,145.31,10,435.92,15.67,35.85,Credit Card,Completed,20,2.4
2024-08-21,ORD03320,CUST1375,Smartphone,Electronics,South,Bengaluru,Small Business,2,1110.07,0,2220.14,39.34,201.69,PayPal,Completed,30,3.7
2024-08-21,ORD04898,CUST1165,Jacket,Fashion,South,Bengaluru,Corporate,2,134.38,10,268.76,13.09,32.22,Credit Card,Cancelled,40,4.3
2024-08-22,ORD01167,CUST1445,Jacket,Fashion,Central,Lucknow,Consumer,3,37.37,20,112.12,38.51,-48.93,Credit Card,Completed,38,3.8
2024-08-22,ORD03791,CUST1962,Moisturizer,Beauty,West,Ahmedabad,Corporate,3,68.0,15,204.0,32.03,-32.97,UPI,Completed,63,4.4
2024-08-22,ORD00526,CUST2354,Tablet,Electronics,West,Ahmedabad,Consumer,2,735.35,20,1470.7,34.24,55.73,PayPal,Completed,45,5.0
2024-08-22,ORD04007,CUST2092,Dumbbells,Sports,West,Mumbai,Consumer,3,113.55,0,340.64,33.7,9.77,Cash on Delivery,Completed,60,2.9
2024-08-22,ORD04746,CUST2553,Printer,Office Supplies,North,Jaipur,Consumer,1,132.36,0,132.36,23.69,0.04,PayPal,Completed,53,5.0
2024-08-22,ORD01336,CUST1101,Sneakers,Fashion,West,Pune,Small Business,1,205.85,10,205.85,20.37,-14.21,Debit Card,Returned,40,4.5
2024-08-22,ORD03372,CUST1038,Yoga Mat,Sports,South,Hyderabad,Consumer,5,110.6,15,553.02,43.52,-33.84,UPI,Completed,42,4.0
2024-08-22,ORD02439,CUST1034,Tablet,Electronics,Central,Indore,Corporate,4,682.37,5,2729.47,18.48,261.37,Cash on Delivery,Completed,53,4.8
2024-08-22,ORD00393,CUST2106,Printer,Office Supplies,Central,Bhopal,Small Business,2,97.13,0,194.27,13.75,13.24,Debit Card,Completed,24,3.5
2024-08-23,ORD00242,CUST2329,Smartwatch,Electronics,East,Bhubaneswar,Small Business,2,548.09,10,1096.17,29.57,9.18,Cash on Delivery,Completed,18,2.4
2024-08-23,ORD03849,CUST1594,Shampoo,Beauty,East,Guwahati,Corporate,2,74.62,20,149.23,35.55,-29.13,PayPal,Completed,22,2.3
2024-08-23,ORD03964,CUST3222,Yoga Mat,Sports,West,Pune,Consumer,3,275.29,20,825.87,34.51,27.13,UPI,Completed,24,4.7
2024-08-23,ORD03721,CUST1338,Tablet,Electronics,North,Jaipur,Corporate,4,1145.93,10,4583.71,33.64,645.85,UPI,Completed,56,4.5
2024-08-23,ORD04887,CUST2910,Desk Lamp,Office Supplies,North,Chandigarh,Consumer,3,444.83,0,1334.5,21.5,346.17,Cash on Delivery,Completed,20,3.8
2024-08-24,ORD02444,CUST3143,Face Serum,Beauty,South,Hyderabad,Small Business,2,27.82,10,55.64,21.1,-19.43,UPI,Completed,25,3.0
2024-08-24,ORD03471,CUST1125,Smartphone,Electronics,South,Hyderabad,Consumer,2,1351.63,5,2703.25,16.93,334.41,UPI,Returned,57,4.6
2024-08-24,ORD02574,CUST3265,Perfume,Beauty,South,Bengaluru,Corporate,4,81.99,10,327.95,39.55,19.46,Debit Card,Completed,41,3.2
2024-08-24,ORD02041,CUST2802,Dumbbells,Sports,Central,Indore,Consumer,5,86.66,0,433.3,44.13,-2.02,UPI,Completed,43,4.3
2024-08-24,ORD03126,CUST3139,Coffee Maker,Home & Kitchen,Central,Indore,Corporate,1,330.24,5,330.24,8.67,53.79,Credit Card,Completed,31,4.3
2024-08-24,ORD04284,CUST3181,Air Fryer,Home & Kitchen,West,Mumbai,Consumer,5,331.46,15,1657.29,42.23,125.29,Debit Card,Completed,32,4.1
2024-08-24,ORD00984,CUST1269,Blender,Home & Kitchen,North,Delhi,Corporate,4,114.35,15,457.42,36.49,-2.79,Debit Card,Completed,44,4.6
2024-08-24,ORD03871,CUST3194,Desk Lamp,Office Supplies,North,Delhi,Consumer,5,329.8,0,1648.99,43.6,108.81,UPI,Completed,31,3.7
2024-08-24,ORD00044,CUST2304,Vacuum Cleaner,Home & Kitchen,South,Hyderabad,Consumer,4,398.69,5,1594.76,30.71,253.69,UPI,Completed,43,3.5
2024-08-25,ORD01702,CUST1538,Backpack,Fashion,Central,Bhopal,Consumer,5,205.75,10,1028.74,46.18,69.76,Credit Card,Completed,24,4.4
2024-08-25,ORD02313,CUST3029,Yoga Mat,Sports,West,Mumbai,Consumer,3,263.79,0,791.37,29.18,150.33,Debit Card,Completed,31,3.5
2024-08-25,ORD04130,CUST2782,Lipstick,Beauty,West,Mumbai,Corporate,1,53.63,10,53.63,29.72,-21.69,Debit Card,Completed,23,4.6
2024-08-25,ORD03050,CUST2271,Perfume,Beauty,Central,Bhopal,Small Business,5,33.38,5,166.91,50.49,-22.93,Debit Card,Completed,42,4.3
2024-08-26,ORD00813,CUST1249,Laptop,Electronics,Central,Indore,Small Business,3,298.12,10,894.35,39.45,114.89,UPI,Completed,32,3.0
2024-08-26,ORD03579,CUST2697,Shampoo,Beauty,South,Bengaluru,Consumer,1,119.7,0,119.7,34.11,-22.27,Cash on Delivery,Completed,29,4.8
2024-08-26,ORD01221,CUST2350,Vacuum Cleaner,Home & Kitchen,Central,Lucknow,Consumer,1,337.71,15,337.71,33.52,-45.34,Debit Card,Completed,45,4.1
2024-08-26,ORD04045,CUST1842,Keyboard,Office Supplies,South,Chennai,Corporate,2,188.45,5,376.9,15.17,11.49,UPI,Completed,19,5.0
2024-08-26,ORD04958,CUST3212,Cookware Set,Home & Kitchen,South,Bengaluru,Consumer,1,372.09,10,372.09,36.7,-42.61,UPI,Completed,30,3.0
2024-08-26,ORD00745,CUST3315,Smartphone,Electronics,South,Hyderabad,Corporate,3,874.37,15,2623.1,35.01,-31.66,UPI,Completed,64,5.0
2024-08-26,ORD04145,CUST2315,Vacuum Cleaner,Home & Kitchen,North,Chandigarh,Corporate,3,490.8,5,1472.4,18.0,309.12,PayPal,Completed,52,3.1
2024-08-26,ORD00755,CUST2325,Keyboard,Office Supplies,West,Pune,Consumer,4,41.35,15,165.4,16.3,-3.96,Debit Card,Completed,27,2.2
2024-08-26,ORD03310,CUST2355,Jeans,Fashion,East,Guwahati,Consumer,1,30.83,0,30.83,33.82,-28.38,Cash on Delivery,Completed,23,3.6
2024-08-26,ORD04376,CUST3414,Yoga Mat,Sports,South,Hyderabad,Consumer,4,315.77,5,1263.1,22.87,247.0,Cash on Delivery,Completed,27,4.5
2024-08-26,ORD00871,CUST2127,Sports Bottle,Sports,North,Chandigarh,Corporate,1,208.78,0,208.78,19.52,27.7,PayPal,Completed,61,3.9
2024-08-26,ORD04025,CUST1076,Smartwatch,Electronics,North,Chandigarh,Consumer,4,1344.82,5,5379.29,12.19,738.57,Cash on Delivery,Completed,18,5.0
2024-08-26,ORD00042,CUST2287,Blender,Home & Kitchen,West,Pune,Small Business,4,490.31,5,1961.23,21.36,270.88,Cash on Delivery,Completed,63,3.9
2024-08-26,ORD04492,CUST1827,Smartphone,Electronics,South,Bengaluru,Small Business,5,285.96,10,1429.81,29.77,8.92,Debit Card,Cancelled,57,4.4
2024-08-26,ORD00890,CUST1623,Smartwatch,Electronics,Central,Bhopal,Consumer,5,1135.89,5,5679.46,29.63,257.09,Credit Card,Completed,34,4.6
2024-08-27,ORD02467,CUST1815,Tablet,Electronics,East,Bhubaneswar,Corporate,1,1100.22,20,1100.22,32.85,39.98,UPI,Completed,58,3.9
2024-08-27,ORD02923,CUST2855,Jacket,Fashion,South,Chennai,Corporate,3,200.88,0,602.64,33.52,34.5,UPI,Returned,18,3.3
2024-08-27,ORD02789,CUST2173,Vacuum Cleaner,Home & Kitchen,South,Chennai,Consumer,3,77.25,10,231.75,41.24,-28.16,UPI,Completed,18,4.9
2024-08-27,ORD04656,CUST1649,Blender,Home & Kitchen,South,Hyderabad,Consumer,2,476.05,5,952.1,32.69,185.65,Credit Card,Cancelled,21,4.7
2024-08-27,ORD02464,CUST3117,Laptop,Electronics,West,Pune,Small Business,5,1326.08,0,6630.39,50.61,523.02,Credit Card,Completed,23,1.9
2024-08-27,ORD04296,CUST3081,Smartwatch,Electronics,West,Mumbai,Consumer,3,1087.76,10,3263.27,32.54,442.5,UPI,Completed,19,4.5
2024-08-27,ORD03138,CUST1378,Dumbbells,Sports,West,Ahmedabad,Consumer,1,226.12,10,226.12,19.48,-17.18,Cash on Delivery,Completed,29,3.6
2024-08-27,ORD03868,CUST1921,T-Shirt,Fashion,West,Pune,Small Business,1,90.97,10,90.97,13.16,-6.43,Credit Card,Completed,37,2.9
2024-08-27,ORD01158,CUST1331,Printer,Office Supplies,East,Guwahati,Consumer,3,163.44,5,490.31,37.8,63.49,UPI,Returned,44,3.3
2024-08-28,ORD01603,CUST3259,Cookware Set,Home & Kitchen,East,Guwahati,Consumer,5,299.73,0,1498.67,25.33,290.54,Cash on Delivery,Cancelled,46,3.5
2024-08-28,ORD03766,CUST1506,Yoga Mat,Sports,South,Hyderabad,Consumer,5,138.06,5,690.32,46.9,-3.05,Credit Card,Completed,55,3.1
2024-08-28,ORD01388,CUST1053,Backpack,Fashion,Central,Indore,Consumer,2,21.94,15,43.88,6.42,-2.88,Credit Card,Completed,25,3.0
2024-08-28,ORD00909,CUST1930,Notebook,Office Supplies,Central,Bhopal,Consumer,1,390.68,15,390.68,28.1,-24.91,PayPal,Completed,49,3.1
2024-08-28,ORD02541,CUST2114,Perfume,Beauty,West,Pune,Consumer,1,50.13,10,50.13,5.85,-0.47,PayPal,Completed,26,4.3
2024-08-28,ORD02771,CUST2324,Headphones,Electronics,West,Mumbai,Consumer,2,882.11,5,1764.22,8.16,190.71,UPI,Completed,63,4.3
2024-08-28,ORD01285,CUST3054,Moisturizer,Beauty,West,Mumbai,Small Business,3,137.15,15,411.45,10.65,-0.68,UPI,Completed,34,4.1
2024-08-29,ORD01546,CUST1464,Blender,Home & Kitchen,West,Ahmedabad,Corporate,1,144.18,10,144.18,23.18,-16.41,UPI,Returned,40,4.2
2024-08-29,ORD00061,CUST3043,Face Serum,Beauty,Central,Bhopal,Consumer,1,64.62,10,64.62,26.59,-20.65,Credit Card,Completed,50,3.6
2024-08-29,ORD03164,CUST1291,Blender,Home & Kitchen,Central,Bhopal,Consumer,4,401.88,5,1607.51,34.0,288.25,PayPal,Completed,48,5.0
2024-08-29,ORD01792,CUST3050,Jeans,Fashion,South,Chennai,Consumer,4,80.26,0,321.05,38.21,10.15,Debit Card,Completed,45,4.9
2024-08-29,ORD02616,CUST2327,Coffee Maker,Home & Kitchen,West,Mumbai,Consumer,3,191.9,5,575.7,31.95,-8.37,Credit Card,Completed,38,5.0
2024-08-29,ORD01925,CUST3181,Tablet,Electronics,Central,Indore,Corporate,1,282.71,15,282.71,29.84,-42.6,Credit Card,Completed,44,2.6
2024-08-29,ORD02213,CUST3181,Office Chair,Office Supplies,Central,Bhopal,Consumer,4,160.1,5,640.39,31.85,-1.83,Credit Card,Completed,20,5.0
2024-08-29,ORD00955,CUST1998,Backpack,Fashion,East,Guwahati,Consumer,5,38.55,10,192.76,19.24,12.38,Debit Card,Cancelled,43,3.8
2024-08-29,ORD01083,CUST3327,Backpack,Fashion,East,Guwahati,Small Business,3,173.43,5,520.28,42.44,9.12,UPI,Completed,18,3.7
2024-08-29,ORD01499,CUST3034,Smartwatch,Electronics,South,Chennai,Corporate,3,870.13,5,2610.39,19.39,457.05,Credit Card,Completed,18,3.7
2024-08-29,ORD02094,CUST1930,Yoga Mat,Sports,North,Jaipur,Consumer,5,154.38,15,771.91,31.48,-48.56,UPI,Completed,42,3.9
2024-08-29,ORD02643,CUST1395,Headphones,Electronics,East,Guwahati,Small Business,4,325.47,15,1301.86,26.46,131.81,Debit Card,Cancelled,40,5.0
2024-08-30,ORD03378,CUST1455,Yoga Mat,Sports,East,Guwahati,Small Business,1,330.91,10,330.91,34.17,9.0,Cash on Delivery,Completed,51,4.0
2024-08-30,ORD01869,CUST2529,Moisturizer,Beauty,Central,Bhopal,Consumer,4,194.13,10,776.53,40.73,-30.34,UPI,Completed,40,2.5
2024-08-30,ORD01383,CUST2105,Jacket,Fashion,North,Jaipur,Consumer,1,62.64,15,62.64,27.76,-31.74,UPI,Completed,34,3.7
2024-08-30,ORD02558,CUST1677,Coffee Maker,Home & Kitchen,West,Pune,Corporate,4,235.64,10,942.58,52.51,114.61,Debit Card,Completed,25,4.0
2024-08-30,ORD00099,CUST2854,Notebook,Office Supplies,North,Delhi,Consumer,2,339.68,5,679.37,31.08,37.67,Debit Card,Completed,21,4.1
2024-08-30,ORD00859,CUST1128,Printer,Office Supplies,West,Mumbai,Corporate,3,68.9,15,206.71,24.51,-37.77,UPI,Completed,20,3.0
2024-08-30,ORD02664,CUST2329,Laptop,Electronics,South,Hyderabad,Consumer,2,933.86,0,1867.73,38.31,281.64,Debit Card,Completed,36,3.9
2024-08-30,ORD04186,CUST2826,T-Shirt,Fashion,Central,Lucknow,Consumer,2,222.71,0,445.41,26.83,50.75,Debit Card,Completed,18,3.0
2024-08-30,ORD00978,CUST1478,Jeans,Fashion,South,Bengaluru,Corporate,2,175.63,15,351.26,40.26,-19.15,Credit Card,Completed,31,2.8
2024-08-30,ORD04979,CUST1113,Coffee Maker,Home & Kitchen,South,Hyderabad,Small Business,3,194.9,0,584.71,18.46,141.47,Credit Card,Completed,41,4.7
2024-08-30,ORD03495,CUST3411,Running Shoes,Sports,South,Bengaluru,Small Business,4,70.31,0,281.24,40.05,-1.98,Cash on Delivery,Completed,31,4.1
2024-08-30,ORD01436,CUST2821,Shampoo,Beauty,Central,Lucknow,Corporate,5,216.46,0,1082.28,47.63,50.46,Credit Card,Completed,49,3.0
2024-08-30,ORD02710,CUST3109,Headphones,Electronics,Central,Indore,Corporate,5,892.96,10,4464.8,53.92,687.83,UPI,Completed,53,4.9
2024-08-30,ORD00406,CUST2480,Shampoo,Beauty,South,Hyderabad,Corporate,1,68.57,5,68.57,16.5,-5.71,Debit Card,Cancelled,25,3.3
2024-08-30,ORD03169,CUST3002,Sports Bottle,Sports,South,Chennai,Corporate,2,335.43,5,670.85,12.98,74.57,Debit Card,Completed,20,4.9
2024-08-31,ORD02162,CUST1155,Face Serum,Beauty,West,Pune,Consumer,1,204.03,20,204.03,9.4,-14.52,Credit Card,Returned,40,4.2
2024-08-31,ORD02677,CUST1637,Dumbbells,Sports,North,Delhi,Corporate,1,202.09,15,202.09,35.6,-26.12,Credit Card,Returned,34,4.4
2024-08-31,ORD02666,CUST1224,Printer,Office Supplies,South,Chennai,Corporate,3,23.54,5,70.63,21.41,-18.17,UPI,Completed,21,5.0
2024-08-31,ORD02547,CUST2706,Tablet,Electronics,South,Chennai,Consumer,3,1062.79,5,3188.36,32.45,520.8,PayPal,Completed,20,4.6
2024-08-31,ORD01039,CUST3056,Vacuum Cleaner,Home & Kitchen,South,Chennai,Consumer,4,240.38,0,961.52,27.02,159.53,Debit Card,Completed,54,3.8
2024-08-31,ORD00039,CUST1536,Backpack,Fashion,Central,Lucknow,Small Business,4,220.08,0,880.3,30.57,40.67,Debit Card,Completed,51,4.1
2024-08-31,ORD01004,CUST1057,Lipstick,Beauty,North,Delhi,Consumer,2,94.02,15,188.05,22.69,-5.32,UPI,Cancelled,25,4.5
2024-09-01,ORD03782,CUST1221,Laptop,Electronics,West,Mumbai,Corporate,1,1191.25,10,1191.25,24.59,-30.97,UPI,Completed,57,3.6
2024-09-01,ORD01213,CUST1476,Perfume,Beauty,South,Hyderabad,Small Business,4,87.99,5,351.95,41.69,10.02,Debit Card,Completed,63,4.0
2024-09-01,ORD01430,CUST2757,Yoga Mat,Sports,East,Bhubaneswar,Consumer,3,29.04,15,87.12,13.62,-19.21,UPI,Completed,47,5.0
2024-09-01,ORD02172,CUST1428,Backpack,Fashion,North,Chandigarh,Corporate,3,33.31,5,99.92,21.69,1.2,Credit Card,Returned,55,4.3
2024-09-01,ORD04801,CUST1644,Shampoo,Beauty,South,Bengaluru,Corporate,5,96.04,10,480.22,34.17,41.93,PayPal,Completed,44,3.9
2024-09-01,ORD02476,CUST1586,Vacuum Cleaner,Home & Kitchen,East,Bhubaneswar,Consumer,2,90.3,0,180.61,18.12,-3.46,Debit Card,Returned,33,2.7
2024-09-01,ORD01286,CUST3360,Dumbbells,Sports,South,Hyderabad,Consumer,4,192.92,5,771.69,21.6,110.14,PayPal,Completed,53,3.9
2024-09-01,ORD04569,CUST2947,Headphones,Electronics,West,Ahmedabad,Small Business,4,733.75,5,2935.0,40.54,435.26,Debit Card,Returned,30,5.0
2024-09-01,ORD01258,CUST1637,Backpack,Fashion,West,Mumbai,Consumer,2,75.12,15,150.24,26.41,-18.52,Cash on Delivery,Cancelled,53,3.4
2024-09-02,ORD03418,CUST2421,Smartphone,Electronics,West,Pune,Small Business,4,1092.78,5,4371.14,35.84,534.41,Credit Card,Completed,60,3.8
2024-09-02,ORD00204,CUST1243,T-Shirt,Fashion,East,Bhubaneswar,Consumer,3,123.9,15,371.7,23.92,-0.9,PayPal,Cancelled,39,3.6
2024-09-02,ORD01203,CUST3325,Laptop,Electronics,North,Chandigarh,Consumer,2,1386.8,15,2773.61,23.54,74.14,UPI,Completed,49,4.5
2024-09-02,ORD01339,CUST1986,Sneakers,Fashion,South,Bengaluru,Consumer,1,25.06,0,25.06,27.33,-20.65,UPI,Completed,27,4.2
2024-09-02,ORD02798,CUST3196,Moisturizer,Beauty,West,Pune,Corporate,2,154.25,5,308.5,19.05,15.79,UPI,Completed,35,3.2
2024-09-02,ORD00803,CUST2112,Jacket,Fashion,West,Ahmedabad,Consumer,4,217.61,15,870.45,32.47,64.16,Credit Card,Returned,62,4.4
2024-09-02,ORD04742,CUST2628,Fitness Band,Sports,North,Chandigarh,Corporate,4,147.34,10,589.35,18.21,-4.77,UPI,Completed,34,3.3
2024-09-02,ORD00252,CUST1206,Office Chair,Office Supplies,Central,Indore,Small Business,4,197.82,0,791.27,19.6,182.01,UPI,Completed,54,4.3
2024-09-02,ORD02085,CUST3060,Yoga Mat,Sports,West,Pune,Corporate,3,179.72,5,539.17,8.49,43.85,PayPal,Completed,35,4.7
2024-09-02,ORD01686,CUST2849,Yoga Mat,Sports,West,Pune,Corporate,1,89.04,0,89.04,30.82,-7.15,Credit Card,Completed,57,4.1
2024-09-02,ORD03270,CUST1911,Tablet,Electronics,North,Delhi,Consumer,3,606.56,15,1819.67,17.57,133.64,UPI,Completed,47,5.0
2024-09-02,ORD01621,CUST1069,Dumbbells,Sports,Central,Bhopal,Consumer,5,241.76,20,1208.78,19.4,66.29,Debit Card,Completed,18,4.3
2024-09-03,ORD00618,CUST1410,Jeans,Fashion,North,Jaipur,Consumer,1,240.76,15,240.76,15.6,-4.29,UPI,Completed,45,3.0
2024-09-03,ORD03617,CUST2241,Jacket,Fashion,West,Pune,Corporate,1,33.7,5,33.7,6.46,-3.85,UPI,Completed,51,4.1
2024-09-03,ORD02141,CUST2523,Jeans,Fashion,North,Delhi,Consumer,4,126.44,15,505.77,42.69,-44.81,Credit Card,Completed,62,4.0
2024-09-03,ORD03902,CUST3180,Desk Lamp,Office Supplies,North,Chandigarh,Consumer,1,347.15,10,347.15,24.21,35.76,Cash on Delivery,Completed,28,4.1
2024-09-03,ORD02421,CUST2094,Moisturizer,Beauty,North,Chandigarh,Consumer,1,57.68,15,57.68,19.13,-20.62,UPI,Completed,39,4.9
2024-09-04,ORD03183,CUST2843,Shampoo,Beauty,North,Delhi,Corporate,4,32.27,0,129.1,31.21,-9.9,Cash on Delivery,Completed,35,5.0
2024-09-04,ORD01737,CUST2316,Jeans,Fashion,West,Ahmedabad,Consumer,4,42.46,5,169.85,31.32,-0.14,UPI,Completed,45,3.6
2024-09-04,ORD01956,CUST2624,Laptop,Electronics,North,Delhi,Consumer,2,241.3,5,482.59,15.28,23.55,Debit Card,Completed,53,4.0
2024-09-04,ORD04992,CUST2371,Desk Lamp,Office Supplies,East,Guwahati,Small Business,4,159.23,0,636.92,36.02,26.93,Credit Card,Completed,38,2.5
2024-09-05,ORD00184,CUST1525,Backpack,Fashion,South,Chennai,Consumer,4,177.29,5,709.16,22.66,136.35,Debit Card,Completed,36,4.9
2024-09-06,ORD03966,CUST1073,Yoga Mat,Sports,Central,Indore,Consumer,4,282.66,5,1130.65,47.31,87.04,UPI,Completed,56,5.0
2024-09-06,ORD03831,CUST3357,Running Shoes,Sports,South,Chennai,Corporate,2,116.8,10,233.6,17.92,-7.23,Debit Card,Completed,54,2.8
2024-09-06,ORD02301,CUST1511,Backpack,Fashion,Central,Bhopal,Consumer,5,249.22,5,1246.11,49.76,18.03,Credit Card,Completed,42,3.9
2024-09-06,ORD00426,CUST1570,Sneakers,Fashion,Central,Indore,Consumer,4,116.14,15,464.56,22.03,-54.15,Debit Card,Completed,30,4.9
2024-09-06,ORD00761,CUST2224,Vacuum Cleaner,Home & Kitchen,North,Delhi,Consumer,3,55.0,5,164.99,18.88,-9.35,UPI,Completed,59,5.0
2024-09-06,ORD02161,CUST1375,Blender,Home & Kitchen,West,Pune,Consumer,3,344.17,0,1032.52,42.3,232.77,PayPal,Completed,55,3.8
2024-09-06,ORD02061,CUST1955,Air Fryer,Home & Kitchen,South,Hyderabad,Consumer,1,496.47,0,496.47,13.9,78.01,Credit Card,Completed,59,3.6
2024-09-06,ORD00180,CUST1947,Sports Bottle,Sports,South,Hyderabad,Consumer,1,305.52,0,305.52,20.01,46.11,Credit Card,Completed,22,4.8
2024-09-06,ORD01660,CUST1639,Jacket,Fashion,West,Pune,Consumer,4,113.94,0,455.74,40.98,70.99,Credit Card,Completed,53,4.6
2024-09-06,ORD01330,CUST1877,Desk Lamp,Office Supplies,North,Chandigarh,Corporate,1,75.21,10,75.21,5.29,3.88,UPI,Completed,46,3.9
2024-09-06,ORD02240,CUST1012,Smartwatch,Electronics,South,Chennai,Consumer,4,654.72,5,2618.87,52.25,149.52,Debit Card,Cancelled,43,4.2
2024-09-06,ORD03458,CUST2640,Sneakers,Fashion,West,Pune,Consumer,4,50.03,0,200.11,43.07,-18.51,Credit Card,Completed,61,3.0
2024-09-06,ORD02067,CUST1538,Backpack,Fashion,East,Bhubaneswar,Corporate,2,179.37,20,358.75,29.88,-3.46,Debit Card,Completed,33,4.8
2024-09-06,ORD00924,CUST1261,Sports Bottle,Sports,North,Jaipur,Consumer,3,342.67,10,1028.02,16.75,-0.89,Debit Card,Completed,24,5.0
2024-09-07,ORD01100,CUST3366,Face Serum,Beauty,West,Mumbai,Corporate,2,99.11,15,198.23,24.09,-2.68,PayPal,Completed,55,4.8
2024-09-07,ORD02910,CUST1734,Cookware Set,Home & Kitchen,North,Delhi,Consumer,2,223.61,5,447.23,28.84,68.11,Credit Card,Completed,33,4.0
2024-09-07,ORD04777,CUST1615,Air Fryer,Home & Kitchen,North,Chandigarh,Consumer,3,349.43,15,1048.28,22.41,-67.33,PayPal,Completed,63,4.4
2024-09-07,ORD02390,CUST2600,Shampoo,Beauty,Central,Bhopal,Corporate,1,209.48,10,209.48,11.33,23.37,UPI,Completed,31,4.7
2024-09-07,ORD02373,CUST1793,Dumbbells,Sports,West,Ahmedabad,Consumer,4,182.95,10,731.79,38.09,53.98,Credit Card,Completed,22,3.9
2024-09-07,ORD01646,CUST2862,Smartphone,Electronics,North,Chandigarh,Corporate,4,215.25,5,861.0,45.77,64.87,Debit Card,Completed,40,3.0
2024-09-07,ORD03389,CUST3114,Smartwatch,Electronics,South,Bengaluru,Consumer,2,490.89,10,981.78,30.79,137.12,Credit Card,Cancelled,38,4.9
2024-09-07,ORD01246,CUST1497,Sports Bottle,Sports,South,Chennai,Small Business,2,160.07,0,320.13,41.54,-7.5,UPI,Completed,62,4.2
2024-09-08,ORD02672,CUST1363,T-Shirt,Fashion,North,Chandigarh,Small Business,5,75.29,0,376.43,47.39,2.4,Debit Card,Completed,34,2.7
2024-09-08,ORD01216,CUST1017,Smartwatch,Electronics,East,Kolkata,Corporate,4,993.54,15,3974.14,24.79,286.11,PayPal,Completed,18,4.7
2024-09-08,ORD04745,CUST2005,Laptop,Electronics,North,Jaipur,Small Business,5,1327.58,10,6637.92,14.12,799.76,Credit Card,Completed,56,4.6
2024-09-08,ORD03504,CUST3415,Tablet,Electronics,Central,Bhopal,Consumer,4,138.16,10,552.65,43.07,44.12,Cash on Delivery,Completed,18,4.9
2024-09-08,ORD01877,CUST2356,Jeans,Fashion,East,Bhubaneswar,Small Business,2,59.41,10,118.82,35.78,-26.97,Cash on Delivery,Completed,46,3.5
2024-09-08,ORD04578,CUST1751,Coffee Maker,Home & Kitchen,East,Kolkata,Consumer,1,44.47,5,44.47,22.55,-12.82,UPI,Completed,42,3.5
2024-09-08,ORD00723,CUST2556,Desk Lamp,Office Supplies,Central,Indore,Small Business,3,216.14,10,648.43,35.96,32.81,UPI,Completed,60,4.9
2024-09-09,ORD00454,CUST2432,Laptop,Electronics,West,Ahmedabad,Small Business,4,138.27,15,553.1,23.06,-22.51,UPI,Completed,59,4.5
2024-09-09,ORD04101,CUST3373,Face Serum,Beauty,East,Bhubaneswar,Corporate,5,57.78,20,288.91,40.68,-69.92,UPI,Cancelled,45,3.7
2024-09-09,ORD04102,CUST3246,Fitness Band,Sports,West,Ahmedabad,Corporate,1,158.04,10,158.04,13.56,-2.95,UPI,Completed,51,4.0
2024-09-09,ORD01733,CUST2714,Keyboard,Office Supplies,East,Guwahati,Consumer,3,304.55,0,913.66,39.77,142.25,Credit Card,Completed,51,4.9
2024-09-09,ORD04507,CUST1614,Backpack,Fashion,North,Chandigarh,Consumer,3,165.84,0,497.52,17.17,93.47,UPI,Completed,45,4.4
2024-09-09,ORD02569,CUST1433,Tablet,Electronics,South,Bengaluru,Consumer,4,566.62,10,2266.49,32.79,28.73,UPI,Completed,55,3.2
2024-09-09,ORD02005,CUST2511,Fitness Band,Sports,East,Kolkata,Consumer,2,67.46,20,134.91,16.05,-27.26,PayPal,Completed,60,4.1
2024-09-09,ORD01633,CUST2918,Printer,Office Supplies,North,Chandigarh,Consumer,5,297.15,15,1485.76,16.56,-81.29,Cash on Delivery,Completed,56,4.9
2024-09-10,ORD04270,CUST3027,Notebook,Office Supplies,Central,Bhopal,Consumer,4,112.46,15,449.85,33.44,-37.2,UPI,Completed,59,4.3
2024-09-10,ORD00139,CUST1180,Printer,Office Supplies,East,Bhubaneswar,Consumer,3,76.7,15,230.11,26.64,-23.18,UPI,Completed,23,3.4
2024-09-10,ORD03927,CUST2865,Coffee Maker,Home & Kitchen,Central,Lucknow,Small Business,4,200.1,0,800.38,21.33,166.19,Credit Card,Returned,18,4.0
2024-09-10,ORD04040,CUST1163,Sneakers,Fashion,East,Bhubaneswar,Small Business,3,32.29,5,96.87,30.24,-15.31,Debit Card,Completed,62,4.7
2024-09-10,ORD03700,CUST2231,T-Shirt,Fashion,Central,Indore,Corporate,4,180.05,5,720.21,42.5,116.4,UPI,Cancelled,62,5.0
2024-09-10,ORD01438,CUST2847,Jacket,Fashion,North,Chandigarh,Corporate,1,66.14,10,66.14,37.25,-29.06,Debit Card,Completed,38,5.0
2024-09-10,ORD03454,CUST2694,Office Chair,Office Supplies,South,Bengaluru,Corporate,3,229.77,10,689.31,23.28,4.3,Credit Card,Completed,31,4.9
2024-09-10,ORD04903,CUST1956,Moisturizer,Beauty,South,Bengaluru,Consumer,5,21.58,5,107.92,34.81,-15.21,Credit Card,Returned,39,3.3
2024-09-11,ORD02397,CUST2371,Perfume,Beauty,South,Hyderabad,Corporate,1,120.05,5,120.05,10.88,0.23,Credit Card,Cancelled,31,5.0
2024-09-11,ORD00785,CUST3037,Sneakers,Fashion,West,Pune,Consumer,4,38.41,10,153.64,39.38,-24.53,Debit Card,Returned,48,4.8
2024-09-11,ORD04372,CUST2992,Fitness Band,Sports,West,Pune,Small Business,4,230.37,10,921.48,40.99,-0.94,Debit Card,Completed,48,5.0
2024-09-11,ORD03930,CUST1037,Smartphone,Electronics,West,Pune,Small Business,4,659.95,0,2639.82,18.1,663.27,PayPal,Completed,31,5.0
2024-09-11,ORD00259,CUST2202,Sneakers,Fashion,West,Ahmedabad,Corporate,1,154.11,10,154.11,20.09,-15.65,UPI,Completed,56,4.0
2024-09-11,ORD00288,CUST1037,Perfume,Beauty,Central,Lucknow,Consumer,4,131.21,15,524.82,16.1,-4.6,PayPal,Completed,58,4.9
2024-09-11,ORD03502,CUST1356,Headphones,Electronics,Central,Indore,Corporate,4,639.53,5,2558.13,28.87,358.45,UPI,Completed,32,4.8
2024-09-11,ORD04680,CUST1550,Air Fryer,Home & Kitchen,South,Hyderabad,Consumer,1,133.91,0,133.91,13.78,2.1,Credit Card,Completed,26,3.7
2024-09-11,ORD04666,CUST2675,T-Shirt,Fashion,North,Chandigarh,Consumer,3,90.49,20,271.46,15.4,-22.01,Credit Card,Completed,64,3.3
2024-09-12,ORD04278,CUST1028,Air Fryer,Home & Kitchen,Central,Indore,Corporate,3,117.04,15,351.13,35.98,-13.27,Cash on Delivery,Completed,43,3.4
2024-09-12,ORD03452,CUST2716,Keyboard,Office Supplies,East,Kolkata,Consumer,5,311.85,10,1559.24,16.93,67.65,UPI,Completed,64,4.5
2024-09-12,ORD00981,CUST1440,Sneakers,Fashion,West,Ahmedabad,Consumer,2,26.68,15,53.37,35.84,-37.85,Debit Card,Completed,64,5.0
2024-09-12,ORD01914,CUST3194,Backpack,Fashion,West,Pune,Consumer,1,157.68,5,157.68,7.31,22.01,Debit Card,Completed,56,2.5
2024-09-12,ORD01676,CUST1441,Blender,Home & Kitchen,West,Mumbai,Corporate,2,202.1,10,404.2,21.3,10.23,Credit Card,Completed,51,4.1
2024-09-12,ORD04661,CUST1279,Cookware Set,Home & Kitchen,North,Chandigarh,Small Business,1,378.43,0,378.43,8.51,42.39,Credit Card,Returned,32,3.4
2024-09-12,ORD01255,CUST1989,T-Shirt,Fashion,South,Chennai,Consumer,2,53.53,10,107.06,14.61,1.49,UPI,Completed,46,4.5
2024-09-13,ORD00421,CUST1676,Headphones,Electronics,South,Bengaluru,Consumer,3,415.03,10,1245.1,36.73,138.61,UPI,Returned,48,4.3
2024-09-13,ORD04464,CUST1455,Backpack,Fashion,South,Bengaluru,Small Business,1,231.36,5,231.36,34.36,-17.05,UPI,Completed,23,3.1
2024-09-13,ORD04322,CUST2734,Sneakers,Fashion,East,Bhubaneswar,Consumer,4,246.65,10,986.58,21.26,89.88,UPI,Completed,26,2.9
2024-09-13,ORD03913,CUST1539,Office Chair,Office Supplies,East,Guwahati,Small Business,4,286.76,5,1147.04,37.19,76.73,UPI,Completed,59,3.2
2024-09-13,ORD02803,CUST2487,Jacket,Fashion,South,Hyderabad,Consumer,2,246.13,10,492.25,13.44,55.65,Cash on Delivery,Completed,41,4.8
2024-09-13,ORD02888,CUST1012,T-Shirt,Fashion,East,Bhubaneswar,Consumer,4,20.84,10,83.36,31.99,-22.51,Credit Card,Completed,35,3.1
2024-09-13,ORD04928,CUST2612,Yoga Mat,Sports,Central,Bhopal,Consumer,3,78.5,15,235.51,24.31,-11.24,Credit Card,Completed,32,4.3
2024-09-14,ORD01455,CUST1962,Laptop,Electronics,West,Pune,Consumer,3,1165.0,10,3495.0,44.8,288.7,UPI,Completed,56,3.9
2024-09-14,ORD02712,CUST2472,Desk Lamp,Office Supplies,East,Guwahati,Small Business,1,41.74,0,41.74,37.33,-32.94,Debit Card,Completed,36,3.8
2024-09-14,ORD04670,CUST1612,Air Fryer,Home & Kitchen,East,Kolkata,Consumer,5,43.02,5,215.1,22.65,-4.48,UPI,Completed,19,5.0
2024-09-14,ORD02813,CUST2894,Notebook,Office Supplies,South,Bengaluru,Consumer,5,154.7,15,773.49,34.54,-65.36,Debit Card,Completed,63,2.6
2024-09-14,ORD03067,CUST2986,Face Serum,Beauty,West,Ahmedabad,Small Business,1,23.65,5,23.65,38.09,-33.11,UPI,Completed,49,5.0
2024-09-15,ORD03636,CUST1159,Printer,Office Supplies,South,Chennai,Consumer,5,105.87,10,529.33,38.7,2.32,Credit Card,Completed,63,4.2
2024-09-15,ORD04009,CUST2996,Yoga Mat,Sports,North,Chandigarh,Corporate,5,349.21,15,1746.06,51.03,-57.02,UPI,Completed,32,4.0
2024-09-15,ORD02379,CUST1847,Tablet,Electronics,South,Hyderabad,Corporate,2,613.84,10,1227.68,23.71,188.69,Cash on Delivery,Completed,46,3.9
2024-09-15,ORD01664,CUST2063,Moisturizer,Beauty,North,Chandigarh,Small Business,5,101.82,5,509.08,29.25,41.15,Credit Card,Completed,38,5.0
2024-09-15,ORD03507,CUST1269,Jacket,Fashion,East,Kolkata,Consumer,5,52.76,10,263.8,39.29,-24.87,Cash on Delivery,Completed,26,5.0
2024-09-15,ORD01810,CUST1172,Coffee Maker,Home & Kitchen,West,Mumbai,Consumer,5,174.33,0,871.67,43.79,27.02,Credit Card,Completed,40,4.9
2024-09-15,ORD01997,CUST3114,Desk Lamp,Office Supplies,Central,Bhopal,Consumer,5,376.3,10,1881.48,28.7,177.66,PayPal,Completed,40,4.0
2024-09-15,ORD04361,CUST1659,Air Fryer,Home & Kitchen,South,Hyderabad,Consumer,4,307.2,15,1228.81,32.49,85.87,UPI,Completed,36,3.2
2024-09-15,ORD01277,CUST2210,Keyboard,Office Supplies,South,Chennai,Consumer,4,133.11,0,532.44,15.21,105.4,UPI,Completed,25,4.8
2024-09-15,ORD01521,CUST3298,Tablet,Electronics,Central,Bhopal,Consumer,4,185.53,0,742.13,23.62,35.9,Debit Card,Completed,27,3.6
2024-09-15,ORD01279,CUST3358,Headphones,Electronics,Central,Bhopal,Consumer,1,1345.59,0,1345.59,25.66,310.57,UPI,Completed,26,3.8
2024-09-15,ORD00033,CUST1901,Cookware Set,Home & Kitchen,South,Chennai,Consumer,2,235.7,5,471.4,24.83,34.67,UPI,Completed,19,4.8
2024-09-16,ORD01118,CUST2512,T-Shirt,Fashion,East,Guwahati,Small Business,4,93.46,15,373.82,45.37,-19.02,UPI,Completed,45,3.0
2024-09-16,ORD03769,CUST1387,T-Shirt,Fashion,East,Kolkata,Consumer,3,103.04,5,309.11,22.07,-7.5,UPI,Completed,51,4.1
2024-09-16,ORD03899,CUST2684,Moisturizer,Beauty,Central,Bhopal,Consumer,1,213.24,15,213.24,27.61,-41.85,Credit Card,Returned,23,4.7
2024-09-16,ORD02929,CUST2932,Air Fryer,Home & Kitchen,East,Kolkata,Consumer,3,203.98,10,611.95,39.72,-45.71,Cash on Delivery,Completed,20,4.2
2024-09-16,ORD02020,CUST2457,Vacuum Cleaner,Home & Kitchen,North,Jaipur,Consumer,3,233.5,10,700.51,13.9,-24.75,Debit Card,Completed,48,4.2
2024-09-16,ORD02675,CUST3364,Sneakers,Fashion,East,Kolkata,Small Business,3,122.87,5,368.62,38.64,21.2,Debit Card,Completed,35,4.1
2024-09-16,ORD00205,CUST3118,Smartphone,Electronics,North,Jaipur,Consumer,2,455.96,10,911.92,11.18,97.92,Credit Card,Completed,41,4.1
2024-09-16,ORD01380,CUST1123,Sneakers,Fashion,West,Pune,Consumer,4,111.62,15,446.48,22.03,-28.74,UPI,Completed,58,4.7
2024-09-16,ORD02230,CUST1682,Tablet,Electronics,East,Guwahati,Corporate,5,720.96,5,3604.82,53.16,758.39,PayPal,Completed,53,4.6
2024-09-16,ORD02018,CUST3059,Shampoo,Beauty,South,Hyderabad,Consumer,1,158.72,10,158.72,12.29,6.43,UPI,Completed,18,3.9
2024-09-16,ORD01492,CUST2074,Keyboard,Office Supplies,East,Kolkata,Consumer,2,12.97,20,25.93,15.73,-15.13,UPI,Completed,42,4.2
2024-09-16,ORD02542,CUST3418,Sneakers,Fashion,North,Delhi,Consumer,2,157.39,10,314.78,32.48,3.58,UPI,Completed,45,2.8
2024-09-16,ORD00816,CUST2027,Jacket,Fashion,Central,Indore,Corporate,2,184.49,0,368.98,22.08,31.01,Debit Card,Completed,51,4.3
2024-09-16,ORD03019,CUST2155,Laptop,Electronics,North,Chandigarh,Consumer,4,859.33,10,3437.32,23.95,361.35,UPI,Completed,49,3.8
2024-09-16,ORD04721,CUST1844,Jeans,Fashion,East,Guwahati,Consumer,3,23.04,5,69.11,13.95,0.92,Debit Card,Returned,62,4.4
2024-09-16,ORD00979,CUST3124,Printer,Office Supplies,South,Chennai,Corporate,2,402.17,10,804.34,12.41,-9.86,PayPal,Completed,60,4.8
2024-09-17,ORD04585,CUST1631,Blender,Home & Kitchen,South,Chennai,Corporate,4,85.98,20,343.92,40.57,-60.09,UPI,Completed,46,3.4
2024-09-17,ORD04881,CUST2158,Backpack,Fashion,West,Mumbai,Consumer,3,73.69,0,221.07,40.72,-20.66,Credit Card,Completed,25,3.5
2024-09-17,ORD04216,CUST3172,Shampoo,Beauty,East,Bhubaneswar,Consumer,4,60.73,10,242.91,42.89,0.71,PayPal,Completed,48,3.1
2024-09-17,ORD03787,CUST1106,Smartwatch,Electronics,West,Mumbai,Small Business,4,479.99,5,1919.96,30.55,171.67,Debit Card,Returned,20,3.6
2024-09-17,ORD02513,CUST1823,Shampoo,Beauty,Central,Indore,Consumer,2,42.76,0,85.51,32.39,-22.86,UPI,Completed,59,3.4
2024-09-17,ORD02307,CUST2011,Yoga Mat,Sports,West,Ahmedabad,Consumer,5,344.9,5,1724.5,29.57,102.49,Debit Card,Completed,44,2.9
2024-09-17,ORD03049,CUST1556,Tablet,Electronics,West,Pune,Consumer,4,453.39,10,1813.56,35.14,134.8,UPI,Completed,56,3.3
2024-09-17,ORD03234,CUST3443,Vacuum Cleaner,Home & Kitchen,Central,Indore,Corporate,5,335.33,5,1676.66,10.21,117.99,Cash on Delivery,Completed,55,3.6
2024-09-17,ORD01204,CUST2499,Jacket,Fashion,South,Chennai,Consumer,2,128.69,0,257.39,22.91,32.42,Debit Card,Completed,40,3.2
2024-09-17,ORD00095,CUST3403,Vacuum Cleaner,Home & Kitchen,West,Pune,Corporate,5,467.62,5,2338.12,32.39,241.25,Credit Card,Returned,52,5.0
2024-09-17,ORD03222,CUST1006,Fitness Band,Sports,West,Ahmedabad,Small Business,4,172.2,15,688.8,51.31,-30.3,Debit Card,Completed,55,4.9
2024-09-18,ORD03925,CUST3424,Dumbbells,Sports,Central,Lucknow,Corporate,3,76.49,5,229.47,33.12,7.38,Credit Card,Completed,61,3.8
2024-09-18,ORD01846,CUST1841,Backpack,Fashion,North,Jaipur,Consumer,4,189.58,0,758.34,40.03,71.17,Cash on Delivery,Completed,62,4.2
2024-09-18,ORD03445,CUST2432,Jacket,Fashion,West,Ahmedabad,Small Business,3,158.49,5,475.48,20.81,64.57,Debit Card,Completed,32,5.0
2024-09-18,ORD00116,CUST2850,Office Chair,Office Supplies,East,Kolkata,Consumer,4,69.75,0,278.99,28.49,16.93,Debit Card,Returned,54,5.0
2024-09-18,ORD02867,CUST2958,Coffee Maker,Home & Kitchen,East,Kolkata,Small Business,1,442.71,10,442.71,19.6,-23.63,Debit Card,Completed,24,4.0
2024-09-18,ORD04684,CUST3460,Desk Lamp,Office Supplies,Central,Lucknow,Small Business,2,177.78,15,355.56,26.02,-31.3,Cash on Delivery,Completed,61,4.4
2024-09-18,ORD04668,CUST2480,Yoga Mat,Sports,South,Chennai,Corporate,5,210.32,20,1051.6,14.99,48.05,UPI,Completed,52,2.7
2024-09-18,ORD03872,CUST2451,Shampoo,Beauty,West,Ahmedabad,Consumer,1,29.23,15,29.23,32.05,-32.13,Debit Card,Completed,26,3.6
2024-09-19,ORD01990,CUST1059,Yoga Mat,Sports,South,Chennai,Small Business,5,38.57,15,192.86,32.43,-33.54,UPI,Completed,35,3.6
2024-09-19,ORD02426,CUST2948,Keyboard,Office Supplies,Central,Indore,Corporate,2,398.78,10,797.56,20.06,86.49,UPI,Cancelled,25,4.9
2024-09-19,ORD04593,CUST3338,Laptop,Electronics,South,Bengaluru,Consumer,3,1178.24,15,3534.73,27.58,87.39,UPI,Cancelled,61,4.2
2024-09-20,ORD01387,CUST1739,Backpack,Fashion,West,Pune,Small Business,1,32.42,10,32.42,30.04,-24.45,Debit Card,Completed,34,3.7
2024-09-20,ORD00062,CUST2713,Coffee Maker,Home & Kitchen,West,Pune,Corporate,2,58.94,10,117.89,29.63,-24.95,UPI,Completed,28,4.9
2024-09-20,ORD00434,CUST1789,Notebook,Office Supplies,East,Bhubaneswar,Consumer,5,239.05,5,1195.26,40.52,146.92,UPI,Completed,43,4.1
2024-09-20,ORD02280,CUST1289,Laptop,Electronics,East,Kolkata,Consumer,1,1080.99,0,1080.99,24.99,114.3,Cash on Delivery,Completed,62,5.0
2024-09-20,ORD03186,CUST2495,Desk Lamp,Office Supplies,South,Chennai,Consumer,3,204.86,10,614.58,37.29,14.19,Credit Card,Completed,43,3.7
2024-09-20,ORD01835,CUST3288,Vacuum Cleaner,Home & Kitchen,East,Bhubaneswar,Consumer,1,212.28,5,212.28,30.89,8.49,Credit Card,Completed,24,2.7
2024-09-20,ORD04213,CUST2599,Sneakers,Fashion,East,Bhubaneswar,Consumer,2,143.75,20,287.51,30.91,-29.06,UPI,Returned,63,3.9
2024-09-21,ORD03532,CUST1169,Backpack,Fashion,Central,Indore,Consumer,2,220.58,5,441.15,26.38,17.6,Credit Card,Completed,52,4.3
2024-09-21,ORD00532,CUST3006,Backpack,Fashion,Central,Lucknow,Consumer,3,202.87,5,608.61,9.83,62.21,Cash on Delivery,Completed,45,2.3
2024-09-21,ORD01788,CUST2306,Smartwatch,Electronics,North,Delhi,Corporate,4,878.08,5,3512.31,53.93,339.86,UPI,Completed,46,3.8
2024-09-21,ORD03397,CUST1692,Desk Lamp,Office Supplies,South,Hyderabad,Small Business,1,232.6,10,232.6,30.57,-7.18,Credit Card,Completed,53,4.2
2024-09-21,ORD03022,CUST3322,Notebook,Office Supplies,East,Bhubaneswar,Consumer,2,251.77,10,503.54,23.39,18.13,Credit Card,Completed,52,4.7
2024-09-21,ORD01598,CUST3262,Headphones,Electronics,West,Ahmedabad,Small Business,1,1263.15,15,1263.15,38.04,12.39,Credit Card,Completed,44,3.6
2024-09-22,ORD03444,CUST2433,Headphones,Electronics,West,Mumbai,Consumer,1,463.3,10,463.3,23.81,47.52,UPI,Completed,50,3.2
2024-09-22,ORD04014,CUST2878,Perfume,Beauty,South,Chennai,Corporate,4,179.86,0,719.45,44.06,113.73,Credit Card,Returned,19,2.2
2024-09-22,ORD04022,CUST3411,Jacket,Fashion,South,Bengaluru,Corporate,5,177.83,15,889.14,39.74,74.54,PayPal,Completed,54,4.6
2024-09-22,ORD01234,CUST2737,Office Chair,Office Supplies,East,Bhubaneswar,Small Business,5,439.48,15,2197.39,18.42,102.77,Credit Card,Completed,21,4.0
2024-09-22,ORD04320,CUST2721,Smartwatch,Electronics,Central,Lucknow,Corporate,4,391.5,5,1566.0,43.84,61.91,Cash on Delivery,Completed,18,3.5
2024-09-22,ORD04160,CUST1325,Cookware Set,Home & Kitchen,North,Delhi,Small Business,5,494.84,5,2474.2,42.95,170.93,UPI,Completed,63,3.7
2024-09-22,ORD03107,CUST3192,Moisturizer,Beauty,East,Bhubaneswar,Consumer,3,51.04,15,153.12,27.18,-25.78,Credit Card,Completed,21,4.9
2024-09-22,ORD02371,CUST2378,Fitness Band,Sports,South,Bengaluru,Corporate,5,267.31,15,1336.53,42.24,72.24,Debit Card,Completed,27,4.2
2024-09-22,ORD00743,CUST1555,Vacuum Cleaner,Home & Kitchen,East,Guwahati,Consumer,4,213.44,5,853.75,41.11,119.55,Credit Card,Returned,23,4.5
2024-09-23,ORD00481,CUST3442,Cookware Set,Home & Kitchen,North,Jaipur,Corporate,3,438.22,15,1314.67,40.46,-45.02,Debit Card,Cancelled,27,3.4
2024-09-23,ORD00240,CUST1421,Desk Lamp,Office Supplies,North,Jaipur,Corporate,3,62.41,0,187.22,21.38,21.6,Debit Card,Cancelled,31,4.7
2024-09-23,ORD04717,CUST2799,Smartwatch,Electronics,East,Bhubaneswar,Consumer,1,381.0,5,381.0,15.44,13.78,Cash on Delivery,Completed,51,4.5
2024-09-23,ORD03330,CUST3110,Air Fryer,Home & Kitchen,East,Guwahati,Consumer,3,490.66,10,1471.97,28.75,147.4,UPI,Completed,42,4.4
2024-09-23,ORD01858,CUST2587,Backpack,Fashion,Central,Lucknow,Small Business,1,140.05,5,140.05,20.63,6.87,Credit Card,Returned,57,3.4
2024-09-23,ORD01761,CUST2340,Keyboard,Office Supplies,South,Hyderabad,Consumer,1,272.24,0,272.24,30.43,35.41,PayPal,Completed,42,4.8
2024-09-23,ORD04245,CUST1224,Cookware Set,Home & Kitchen,Central,Bhopal,Consumer,5,107.23,10,536.14,33.04,-23.34,Debit Card,Completed,58,3.1
2024-09-23,ORD03051,CUST2385,Shampoo,Beauty,East,Kolkata,Consumer,2,184.7,15,369.39,32.31,-38.71,Debit Card,Returned,44,3.4
2024-09-23,ORD02876,CUST3055,Backpack,Fashion,South,Hyderabad,Consumer,5,173.95,5,869.75,23.55,72.63,Cash on Delivery,Completed,53,4.0
2024-09-23,ORD04722,CUST1585,Face Serum,Beauty,South,Hyderabad,Consumer,4,53.29,0,213.15,46.1,-1.26,UPI,Completed,45,4.1
2024-09-23,ORD03089,CUST1969,Cookware Set,Home & Kitchen,East,Bhubaneswar,Small Business,2,492.09,5,984.18,15.69,187.94,Cash on Delivery,Completed,45,3.4
2024-09-24,ORD03637,CUST2983,T-Shirt,Fashion,West,Mumbai,Corporate,3,198.65,15,595.94,11.78,-5.54,UPI,Completed,37,4.0
2024-09-24,ORD04953,CUST3131,Jacket,Fashion,West,Mumbai,Corporate,1,190.27,5,190.27,37.33,-22.85,Cash on Delivery,Completed,35,3.3
2024-09-24,ORD02990,CUST2657,Printer,Office Supplies,Central,Bhopal,Small Business,2,435.54,0,871.09,26.37,191.98,Debit Card,Completed,58,5.0
2024-09-24,ORD01046,CUST3030,Air Fryer,Home & Kitchen,North,Chandigarh,Corporate,2,388.76,20,777.53,26.53,-4.7,Credit Card,Completed,46,2.5
2024-09-24,ORD03106,CUST1716,Air Fryer,Home & Kitchen,South,Hyderabad,Corporate,4,301.73,0,1206.91,33.59,136.82,UPI,Cancelled,52,4.1
2024-09-24,ORD00677,CUST2420,Notebook,Office Supplies,North,Delhi,Consumer,4,366.06,10,1464.26,19.16,93.31,Debit Card,Completed,19,3.2
2024-09-25,ORD00935,CUST1546,Blender,Home & Kitchen,North,Jaipur,Consumer,4,88.16,5,352.63,47.42,5.26,UPI,Completed,32,4.7
2024-09-25,ORD02097,CUST1300,Printer,Office Supplies,Central,Lucknow,Consumer,3,215.93,10,647.78,14.79,64.61,UPI,Returned,29,4.6
2024-09-25,ORD00657,CUST1644,Printer,Office Supplies,North,Jaipur,Consumer,1,399.53,10,399.53,26.53,8.17,UPI,Cancelled,64,4.9
2024-09-25,ORD04043,CUST2910,Cookware Set,Home & Kitchen,North,Chandigarh,Consumer,1,250.07,10,250.07,9.25,26.74,PayPal,Completed,59,3.4
2024-09-25,ORD03111,CUST3201,Moisturizer,Beauty,North,Jaipur,Small Business,5,203.77,0,1018.87,51.17,109.89,Cash on Delivery,Completed,52,4.0
2024-09-25,ORD00102,CUST2283,Office Chair,Office Supplies,Central,Lucknow,Small Business,5,232.29,20,1161.45,41.05,-25.27,UPI,Completed,22,3.6
2024-09-25,ORD02201,CUST3043,Cookware Set,Home & Kitchen,Central,Bhopal,Consumer,5,308.72,10,1543.59,26.68,0.89,Cash on Delivery,Completed,58,2.6
2024-09-25,ORD03425,CUST3103,Tablet,Electronics,Central,Bhopal,Small Business,4,707.05,5,2828.19,38.81,302.08,UPI,Completed,51,3.5
2024-09-25,ORD04053,CUST1682,Keyboard,Office Supplies,North,Chandigarh,Consumer,4,447.68,5,1790.73,37.24,191.16,Cash on Delivery,Completed,40,3.4
2024-09-26,ORD02722,CUST3479,Headphones,Electronics,East,Kolkata,Small Business,4,693.06,10,2772.22,18.28,422.93,Debit Card,Cancelled,32,4.0
2024-09-26,ORD04892,CUST3410,T-Shirt,Fashion,East,Guwahati,Consumer,2,179.26,20,358.52,27.04,-53.33,Debit Card,Completed,22,4.0
2024-09-26,ORD04011,CUST3157,Yoga Mat,Sports,East,Kolkata,Small Business,4,192.38,5,769.54,25.93,84.99,Debit Card,Completed,19,4.0
2024-09-26,ORD02207,CUST3436,Air Fryer,Home & Kitchen,South,Bengaluru,Consumer,2,477.53,5,955.06,12.94,73.53,PayPal,Completed,31,4.7
2024-09-26,ORD01305,CUST3453,Coffee Maker,Home & Kitchen,West,Pune,Corporate,2,491.82,0,983.64,20.21,246.13,UPI,Completed,49,4.0
2024-09-26,ORD03085,CUST1415,Tablet,Electronics,East,Guwahati,Consumer,5,709.52,0,3547.62,52.83,763.98,Debit Card,Completed,49,4.1
2024-09-26,ORD00801,CUST3019,Dumbbells,Sports,East,Kolkata,Consumer,1,279.35,10,279.35,22.08,-23.21,Credit Card,Completed,59,3.7
2024-09-26,ORD04441,CUST1767,Vacuum Cleaner,Home & Kitchen,West,Ahmedabad,Consumer,1,178.6,10,178.6,32.75,-22.6,Credit Card,Completed,24,4.1
2024-09-26,ORD02013,CUST2704,Yoga Mat,Sports,West,Ahmedabad,Corporate,5,246.49,10,1232.47,29.47,56.21,Cash on Delivery,Completed,53,4.5
2024-09-26,ORD04486,CUST2671,Coffee Maker,Home & Kitchen,West,Mumbai,Consumer,2,271.34,0,542.68,25.67,88.61,UPI,Completed,25,4.3
2024-09-26,ORD00306,CUST1664,Moisturizer,Beauty,Central,Bhopal,Corporate,4,134.34,10,537.36,44.19,-18.57,UPI,Cancelled,60,3.9
2024-09-26,ORD03410,CUST1107,Yoga Mat,Sports,North,Chandigarh,Consumer,5,142.23,10,711.16,33.39,-41.69,Credit Card,Completed,58,3.6
2024-09-26,ORD02582,CUST1061,Smartwatch,Electronics,South,Chennai,Consumer,1,1117.88,15,1117.88,29.08,-93.4,Debit Card,Completed,31,3.6
2024-09-26,ORD03527,CUST1466,Fitness Band,Sports,South,Bengaluru,Consumer,2,172.59,20,345.19,20.93,-46.59,UPI,Returned,52,4.2
2024-09-27,ORD00510,CUST2286,Desk Lamp,Office Supplies,North,Jaipur,Consumer,5,420.58,10,2102.9,10.4,188.54,UPI,Completed,29,3.0
2024-09-27,ORD01037,CUST2958,Sports Bottle,Sports,East,Bhubaneswar,Corporate,1,236.77,15,236.77,28.84,-27.47,Debit Card,Completed,47,5.0
2024-09-27,ORD01181,CUST2407,Laptop,Electronics,East,Bhubaneswar,Small Business,3,721.4,10,2164.2,44.74,-11.14,Credit Card,Completed,32,2.7
2024-09-27,ORD02913,CUST2385,Smartphone,Electronics,East,Bhubaneswar,Corporate,2,367.49,0,734.98,35.47,159.38,Credit Card,Returned,40,3.7
2024-09-27,ORD01516,CUST2555,Notebook,Office Supplies,West,Mumbai,Small Business,1,208.32,10,208.32,31.95,-13.42,Cash on Delivery,Cancelled,50,2.9
2024-09-27,ORD04004,CUST2788,Sports Bottle,Sports,East,Guwahati,Consumer,2,229.4,15,458.81,31.59,-9.06,UPI,Completed,40,2.7
2024-09-27,ORD04297,CUST1237,Jeans,Fashion,West,Mumbai,Consumer,4,240.07,10,960.28,19.31,34.89,PayPal,Completed,35,4.5
2024-09-27,ORD00270,CUST2689,Dumbbells,Sports,South,Chennai,Corporate,1,291.66,0,291.66,32.75,10.55,Credit Card,Completed,54,2.8
2024-09-27,ORD02196,CUST1131,Jacket,Fashion,South,Chennai,Consumer,3,173.89,10,521.68,33.67,20.29,Credit Card,Returned,54,4.4
2024-09-28,ORD01902,CUST2894,Laptop,Electronics,South,Bengaluru,Consumer,4,1031.99,0,4127.96,15.29,951.74,UPI,Completed,26,4.6
2024-09-28,ORD01811,CUST3334,T-Shirt,Fashion,East,Guwahati,Consumer,5,241.69,5,1208.46,37.74,132.49,Credit Card,Completed,39,2.7
2024-09-28,ORD01845,CUST3061,Laptop,Electronics,East,Guwahati,Consumer,3,646.61,20,1939.83,21.8,35.21,UPI,Completed,26,4.6
2024-09-28,ORD01623,CUST2795,Jacket,Fashion,West,Mumbai,Consumer,3,237.98,15,713.94,39.82,-46.45,Cash on Delivery,Completed,62,4.1
2024-09-28,ORD03656,CUST3110,Coffee Maker,Home & Kitchen,South,Hyderabad,Small Business,4,133.9,20,535.62,25.57,-37.92,Debit Card,Completed,44,2.8
2024-09-28,ORD03023,CUST2461,Headphones,Electronics,North,Chandigarh,Consumer,1,882.68,10,882.68,11.52,129.52,Credit Card,Completed,29,5.0
2024-09-28,ORD00796,CUST2570,Sneakers,Fashion,South,Hyderabad,Small Business,1,57.47,5,57.47,32.38,-25.64,UPI,Completed,50,4.0
2024-09-28,ORD03161,CUST2046,Vacuum Cleaner,Home & Kitchen,Central,Bhopal,Consumer,2,411.64,15,823.27,35.08,-79.79,Debit Card,Cancelled,60,3.5
2024-09-28,ORD01796,CUST1419,Tablet,Electronics,West,Pune,Consumer,2,1195.29,5,2390.57,27.23,318.56,Cash on Delivery,Returned,36,4.4
2024-09-29,ORD00177,CUST2029,Notebook,Office Supplies,South,Hyderabad,Consumer,5,23.25,20,116.23,48.04,-55.81,Debit Card,Completed,54,4.3
2024-09-29,ORD01026,CUST2692,Vacuum Cleaner,Home & Kitchen,East,Kolkata,Consumer,3,97.43,0,292.28,39.08,36.12,Credit Card,Returned,29,2.2
2024-09-29,ORD00667,CUST1421,Backpack,Fashion,North,Delhi,Consumer,1,84.62,10,84.62,32.0,-31.19,UPI,Completed,44,4.4
2024-09-29,ORD00828,CUST2557,Jeans,Fashion,North,Chandigarh,Consumer,1,192.77,5,192.77,33.47,-16.41,UPI,Returned,64,3.3
2024-09-29,ORD02382,CUST3238,T-Shirt,Fashion,East,Bhubaneswar,Consumer,5,182.92,15,914.58,46.41,70.07,UPI,Completed,39,3.4
2024-09-29,ORD04739,CUST1094,Smartwatch,Electronics,East,Kolkata,Consumer,2,365.55,0,731.1,20.75,170.32,Debit Card,Completed,44,3.9
2024-09-29,ORD04755,CUST2195,Smartwatch,Electronics,North,Delhi,Consumer,3,987.65,5,2962.95,43.09,289.05,Credit Card,Completed,48,4.5
2024-09-29,ORD00580,CUST2142,T-Shirt,Fashion,Central,Lucknow,Consumer,5,240.3,10,1201.49,24.05,91.51,Credit Card,Completed,36,5.0
2024-09-29,ORD00303,CUST2901,Shampoo,Beauty,South,Chennai,Consumer,2,114.48,10,228.96,19.98,-0.47,Debit Card,Cancelled,46,2.5
2024-09-29,ORD01393,CUST1487,Desk Lamp,Office Supplies,West,Pune,Small Business,1,269.22,5,269.22,9.5,19.1,Credit Card,Completed,44,3.9
2024-09-29,ORD01132,CUST2422,Yoga Mat,Sports,Central,Bhopal,Consumer,1,326.23,0,326.23,35.53,4.83,UPI,Completed,56,5.0
2024-09-29,ORD03684,CUST2119,Jeans,Fashion,North,Jaipur,Consumer,2,64.76,20,129.53,14.51,-18.22,Debit Card,Returned,52,4.7
2024-09-30,ORD03348,CUST1220,Smartphone,Electronics,East,Guwahati,Corporate,3,323.86,0,971.57,40.95,85.71,Credit Card,Completed,38,4.2
2024-09-30,ORD04182,CUST3187,Printer,Office Supplies,North,Jaipur,Small Business,4,406.14,10,1624.55,24.32,51.25,Debit Card,Completed,33,2.9
2024-09-30,ORD00642,CUST3224,Vacuum Cleaner,Home & Kitchen,East,Bhubaneswar,Corporate,2,186.41,10,372.81,34.26,-40.41,Cash on Delivery,Cancelled,46,4.6
2024-09-30,ORD04580,CUST2736,Desk Lamp,Office Supplies,Central,Lucknow,Consumer,2,93.96,10,187.92,37.87,-4.4,Credit Card,Completed,20,4.8
2024-09-30,ORD04535,CUST1982,Cookware Set,Home & Kitchen,West,Pune,Consumer,4,296.73,10,1186.91,25.77,118.42,Debit Card,Completed,49,3.7
2024-09-30,ORD01485,CUST2256,Sneakers,Fashion,East,Kolkata,Consumer,3,242.45,5,727.35,38.83,-7.69,Debit Card,Returned,27,4.1
2024-09-30,ORD04518,CUST2840,Yoga Mat,Sports,East,Guwahati,Consumer,5,243.85,0,1219.25,48.89,232.6,UPI,Completed,27,4.1
2024-09-30,ORD04890,CUST2344,Dumbbells,Sports,Central,Lucknow,Consumer,2,258.42,15,516.83,14.5,-42.24,Credit Card,Completed,42,4.3
2024-09-30,ORD02866,CUST1114,Perfume,Beauty,South,Hyderabad,Consumer,3,79.68,20,239.04,42.53,-53.37,UPI,Returned,32,3.5
2024-09-30,ORD04645,CUST2464,Yoga Mat,Sports,East,Guwahati,Consumer,1,26.51,5,26.51,17.37,-13.67,PayPal,Completed,42,3.4
2024-10-01,ORD02503,CUST1687,Sports Bottle,Sports,South,Chennai,Consumer,4,292.51,15,1170.02,36.66,51.78,Credit Card,Completed,37,5.0
2024-10-01,ORD03427,CUST3188,Sports Bottle,Sports,West,Pune,Consumer,1,135.8,15,135.8,29.32,-17.89,UPI,Completed,40,3.2
2024-10-01,ORD04349,CUST1286,Jeans,Fashion,West,Pune,Small Business,4,87.56,5,350.24,29.76,10.65,PayPal,Completed,32,3.8
2024-10-01,ORD02597,CUST2051,Vacuum Cleaner,Home & Kitchen,North,Delhi,Small Business,4,205.11,5,820.45,14.75,13.89,Debit Card,Completed,42,4.1
2024-10-01,ORD04294,CUST2271,Smartphone,Electronics,South,Chennai,Consumer,1,1235.63,20,1235.63,8.39,-86.2,UPI,Completed,27,5.0
2024-10-01,ORD03568,CUST2045,Lipstick,Beauty,West,Ahmedabad,Consumer,3,150.94,10,452.81,15.0,40.03,UPI,Completed,62,4.8
2024-10-01,ORD04228,CUST2527,Smartphone,Electronics,East,Kolkata,Corporate,3,418.53,0,1255.6,22.12,94.61,Credit Card,Completed,27,4.4
2024-10-01,ORD01214,CUST2617,Face Serum,Beauty,North,Delhi,Consumer,2,202.59,0,405.18,24.79,39.03,Cash on Delivery,Completed,55,4.8
2024-10-01,ORD00604,CUST2588,Running Shoes,Sports,South,Hyderabad,Small Business,1,60.66,10,60.66,15.18,-9.82,Cash on Delivery,Completed,20,4.7
2024-10-01,ORD03385,CUST2857,T-Shirt,Fashion,North,Jaipur,Small Business,1,23.39,5,23.39,20.66,-19.31,UPI,Completed,59,3.2
2024-10-01,ORD00634,CUST2075,Smartwatch,Electronics,Central,Lucknow,Small Business,1,1207.97,10,1207.97,25.08,72.67,Credit Card,Returned,43,4.8
2024-10-01,ORD00566,CUST1070,Tablet,Electronics,East,Guwahati,Consumer,4,1021.64,5,4086.56,34.08,636.28,Cash on Delivery,Completed,59,3.1
2024-10-02,ORD00453,CUST2953,Vacuum Cleaner,Home & Kitchen,West,Mumbai,Small Business,2,282.71,5,565.41,41.59,7.65,Credit Card,Completed,28,5.0
2024-10-02,ORD02079,CUST1510,Jeans,Fashion,East,Bhubaneswar,Corporate,5,147.17,10,735.86,18.04,11.54,UPI,Completed,20,4.7
2024-10-02,ORD02205,CUST1873,Cookware Set,Home & Kitchen,West,Ahmedabad,Corporate,5,406.16,20,2030.78,41.83,-91.83,Credit Card,Cancelled,23,4.1
2024-10-02,ORD02428,CUST2001,Running Shoes,Sports,East,Bhubaneswar,Corporate,4,206.68,10,826.7,23.97,46.07,Cash on Delivery,Completed,31,3.5
2024-10-02,ORD02414,CUST1497,Cookware Set,Home & Kitchen,South,Bengaluru,Consumer,3,365.09,10,1095.28,26.72,5.93,Cash on Delivery,Completed,42,5.0
2024-10-02,ORD03168,CUST1763,Printer,Office Supplies,North,Jaipur,Consumer,5,171.68,0,858.42,42.2,148.57,UPI,Completed,32,5.0
2024-10-02,ORD00774,CUST1232,Smartwatch,Electronics,Central,Lucknow,Corporate,5,605.15,0,3025.74,41.53,627.72,Credit Card,Completed,40,5.0
2024-10-02,ORD04990,CUST3252,Sports Bottle,Sports,South,Chennai,Consumer,3,257.89,0,773.66,29.99,46.13,Cash on Delivery,Returned,42,3.4
2024-10-03,ORD01033,CUST3361,Printer,Office Supplies,East,Kolkata,Small Business,3,378.54,10,1135.63,35.82,31.78,PayPal,Completed,40,4.0
2024-10-03,ORD04428,CUST2371,Desk Lamp,Office Supplies,South,Hyderabad,Corporate,2,251.24,15,502.49,37.46,-58.87,Credit Card,Completed,37,3.1
2024-10-03,ORD04329,CUST3044,Sneakers,Fashion,South,Bengaluru,Consumer,4,203.53,20,814.11,20.22,15.95,UPI,Completed,43,4.0
2024-10-03,ORD03711,CUST3239,Desk Lamp,Office Supplies,South,Hyderabad,Consumer,1,252.55,5,252.55,32.88,11.98,Debit Card,Completed,42,4.2
2024-10-03,ORD02965,CUST3375,Sneakers,Fashion,East,Guwahati,Consumer,1,57.24,10,57.24,16.52,-12.54,Cash on Delivery,Completed,34,5.0
2024-10-03,ORD01013,CUST2947,Running Shoes,Sports,North,Chandigarh,Consumer,3,344.21,15,1032.64,26.45,54.71,Cash on Delivery,Completed,24,4.1
2024-10-03,ORD03827,CUST3315,Desk Lamp,Office Supplies,Central,Lucknow,Consumer,5,286.36,5,1431.8,32.99,173.09,UPI,Completed,48,3.9
2024-10-03,ORD04355,CUST3338,Coffee Maker,Home & Kitchen,Central,Bhopal,Consumer,4,202.95,10,811.81,35.87,93.7,Credit Card,Completed,43,5.0
2024-10-04,ORD00239,CUST1523,Sports Bottle,Sports,West,Ahmedabad,Corporate,4,342.01,5,1368.03,28.85,257.73,Debit Card,Completed,49,3.7
2024-10-04,ORD00589,CUST2621,Cookware Set,Home & Kitchen,East,Bhubaneswar,Consumer,4,331.06,0,1324.22,25.06,252.6,Cash on Delivery,Completed,60,4.4
2024-10-04,ORD04416,CUST2944,Jeans,Fashion,East,Guwahati,Consumer,1,44.0,15,44.0,15.05,-14.36,Cash on Delivery,Completed,45,3.4
2024-10-04,ORD00675,CUST3180,Sneakers,Fashion,West,Pune,Consumer,3,234.82,10,704.46,18.46,44.76,PayPal,Completed,24,1.6
2024-10-04,ORD02191,CUST2114,Moisturizer,Beauty,North,Jaipur,Consumer,1,77.31,0,77.31,10.35,1.15,Credit Card,Completed,58,3.2
2024-10-04,ORD04276,CUST2273,Office Chair,Office Supplies,Central,Indore,Corporate,3,35.11,15,105.34,24.25,-11.0,Debit Card,Completed,62,4.7
2024-10-04,ORD03572,CUST2927,Blender,Home & Kitchen,West,Mumbai,Small Business,1,317.74,20,317.74,17.39,-47.94,Debit Card,Completed,35,4.0
2024-10-04,ORD02596,CUST1140,Air Fryer,Home & Kitchen,North,Chandigarh,Consumer,2,160.6,20,321.21,30.38,-60.92,Credit Card,Completed,59,3.6
2024-10-04,ORD04317,CUST3034,Lipstick,Beauty,North,Jaipur,Small Business,3,89.33,5,267.99,28.27,0.34,UPI,Completed,28,4.0
2024-10-04,ORD01424,CUST3237,Sneakers,Fashion,South,Hyderabad,Consumer,1,231.83,15,231.83,37.74,-20.08,Credit Card,Returned,40,4.1
2024-10-04,ORD00226,CUST2462,Fitness Band,Sports,West,Mumbai,Consumer,1,42.79,5,42.79,11.03,-1.92,Credit Card,Completed,18,3.8
2024-10-04,ORD01532,CUST1360,Keyboard,Office Supplies,East,Bhubaneswar,Consumer,3,413.14,15,1239.41,36.17,8.83,Credit Card,Completed,53,4.2
2024-10-05,ORD02275,CUST2311,Cookware Set,Home & Kitchen,South,Hyderabad,Corporate,1,278.42,5,278.42,14.55,3.09,Cash on Delivery,Returned,19,4.6
2024-10-05,ORD03771,CUST2243,Keyboard,Office Supplies,East,Bhubaneswar,Consumer,3,424.96,20,1274.87,11.68,69.39,Debit Card,Completed,64,4.2
2024-10-05,ORD01771,CUST1710,Dumbbells,Sports,South,Hyderabad,Consumer,3,213.71,15,641.13,35.72,-55.33,UPI,Returned,44,3.9
2024-10-05,ORD03526,CUST3097,Sneakers,Fashion,North,Delhi,Consumer,4,237.74,15,950.95,51.69,26.28,PayPal,Completed,18,3.6
2024-10-05,ORD02989,CUST2188,Printer,Office Supplies,Central,Bhopal,Consumer,1,355.83,5,355.83,18.3,7.52,Credit Card,Completed,44,3.7
2024-10-05,ORD02908,CUST1687,Lipstick,Beauty,East,Guwahati,Consumer,2,52.56,10,105.12,25.18,-6.7,Credit Card,Completed,53,3.9
2024-10-05,ORD00567,CUST3349,Perfume,Beauty,South,Hyderabad,Consumer,1,198.65,0,198.65,29.7,24.61,UPI,Returned,30,2.8
2024-10-05,ORD04389,CUST2592,Cookware Set,Home & Kitchen,Central,Lucknow,Corporate,2,64.16,5,128.32,17.87,2.02,Credit Card,Completed,63,3.0
2024-10-05,ORD00570,CUST1442,Air Fryer,Home & Kitchen,Central,Bhopal,Small Business,1,260.56,10,260.56,29.31,-10.84,Debit Card,Completed,58,4.2
2024-10-05,ORD03802,CUST3201,Coffee Maker,Home & Kitchen,West,Pune,Consumer,3,328.96,5,986.87,24.16,93.23,PayPal,Completed,39,3.7
2024-10-05,ORD02203,CUST2878,Dumbbells,Sports,Central,Indore,Small Business,2,155.74,15,311.48,21.44,-37.97,Credit Card,Completed,52,3.4
2024-10-05,ORD02861,CUST3017,T-Shirt,Fashion,West,Ahmedabad,Consumer,3,144.44,15,433.32,19.69,31.88,Credit Card,Completed,64,2.9
2024-10-05,ORD02190,CUST2078,Blender,Home & Kitchen,Central,Bhopal,Consumer,2,77.29,5,154.57,31.39,-18.82,Credit Card,Completed,61,4.9
2024-10-06,ORD04209,CUST1991,Headphones,Electronics,West,Pune,Small Business,5,1243.65,15,6218.23,43.51,192.17,Debit Card,Completed,53,4.5
2024-10-06,ORD00836,CUST1023,Smartphone,Electronics,West,Mumbai,Corporate,5,476.95,10,2384.77,33.12,128.49,Cash on Delivery,Completed,35,4.0
2024-10-06,ORD00463,CUST3391,T-Shirt,Fashion,North,Delhi,Corporate,5,178.33,15,891.63,49.44,31.35,Credit Card,Completed,19,4.9
2024-10-06,ORD00842,CUST1131,Coffee Maker,Home & Kitchen,North,Delhi,Corporate,3,364.11,15,1092.32,16.99,55.2,Credit Card,Completed,29,4.1
2024-10-06,ORD01989,CUST3438,Printer,Office Supplies,North,Chandigarh,Consumer,1,166.73,5,166.73,13.49,8.38,UPI,Completed,61,4.4
2024-10-07,ORD01290,CUST2383,T-Shirt,Fashion,West,Ahmedabad,Small Business,3,177.14,10,531.43,40.25,23.84,Cash on Delivery,Completed,44,4.4
2024-10-07,ORD02637,CUST1005,Desk Lamp,Office Supplies,Central,Indore,Consumer,2,296.07,20,592.14,22.26,11.83,PayPal,Completed,49,3.2
2024-10-07,ORD03728,CUST2209,Shampoo,Beauty,South,Hyderabad,Corporate,1,157.59,0,157.59,33.07,7.72,Debit Card,Completed,41,3.8
2024-10-07,ORD00901,CUST2812,Smartphone,Electronics,South,Chennai,Small Business,4,1270.22,10,5080.89,44.05,136.11,Credit Card,Completed,24,3.6
2024-10-07,ORD04944,CUST2723,Desk Lamp,Office Supplies,North,Chandigarh,Corporate,1,127.45,15,127.45,7.98,-8.57,Cash on Delivery,Completed,39,4.7
2024-10-07,ORD03948,CUST1916,T-Shirt,Fashion,North,Jaipur,Consumer,5,149.58,5,747.89,37.54,67.36,UPI,Returned,22,4.0
2024-10-07,ORD02119,CUST3114,Backpack,Fashion,East,Kolkata,Consumer,2,195.43,15,390.86,15.27,-17.15,UPI,Completed,60,3.6
2024-10-07,ORD03988,CUST1971,Coffee Maker,Home & Kitchen,West,Ahmedabad,Small Business,2,149.89,0,299.78,28.98,27.86,Credit Card,Completed,31,3.0
2024-10-07,ORD01502,CUST2634,Laptop,Electronics,South,Chennai,Small Business,3,861.98,15,2585.95,23.35,-156.24,Debit Card,Completed,18,4.1
2024-10-07,ORD00846,CUST2933,Backpack,Fashion,South,Chennai,Small Business,2,185.55,5,371.1,29.85,-4.43,Credit Card,Returned,52,4.3
2024-10-07,ORD00028,CUST2887,Sneakers,Fashion,West,Ahmedabad,Consumer,2,75.23,0,150.47,14.57,2.94,Cash on Delivery,Completed,36,4.0
2024-10-08,ORD00246,CUST2227,Backpack,Fashion,South,Hyderabad,Corporate,3,138.39,5,415.17,26.26,42.92,PayPal,Completed,54,4.6
2024-10-08,ORD03626,CUST3372,Running Shoes,Sports,Central,Lucknow,Small Business,5,141.74,20,708.71,35.95,-102.17,Cash on Delivery,Completed,34,3.6
2024-10-08,ORD04319,CUST2294,Dumbbells,Sports,West,Ahmedabad,Consumer,3,207.8,0,623.4,35.46,25.05,UPI,Completed,53,5.0
2024-10-08,ORD00238,CUST1995,Sneakers,Fashion,West,Pune,Consumer,1,69.69,5,69.69,22.8,-13.39,Debit Card,Completed,34,3.4
2024-10-08,ORD03045,CUST1138,Blender,Home & Kitchen,West,Ahmedabad,Corporate,4,354.42,10,1417.67,20.0,20.31,PayPal,Completed,23,3.7
2024-10-08,ORD00156,CUST3064,Sneakers,Fashion,East,Guwahati,Consumer,2,114.75,0,229.5,25.32,8.52,PayPal,Completed,56,2.5
2024-10-08,ORD02084,CUST2268,Sneakers,Fashion,North,Delhi,Consumer,5,149.83,5,749.17,47.47,57.03,Credit Card,Completed,39,4.2
2024-10-08,ORD01874,CUST1784,Desk Lamp,Office Supplies,Central,Bhopal,Corporate,2,37.63,10,75.26,39.14,-39.58,UPI,Completed,63,3.6
2024-10-08,ORD04749,CUST1873,Fitness Band,Sports,Central,Bhopal,Small Business,5,322.69,5,1613.44,29.72,38.46,Credit Card,Completed,21,4.5
2024-10-08,ORD00282,CUST1132,Jeans,Fashion,East,Bhubaneswar,Corporate,2,53.47,5,106.94,13.51,-0.88,Credit Card,Completed,50,4.4
2024-10-08,ORD02344,CUST3337,T-Shirt,Fashion,Central,Bhopal,Corporate,2,68.69,5,137.39,19.99,0.49,UPI,Returned,58,2.7
2024-10-09,ORD01544,CUST3254,Keyboard,Office Supplies,Central,Indore,Consumer,1,98.69,0,98.69,9.02,5.24,PayPal,Completed,37,4.9
2024-10-09,ORD04874,CUST3003,Jeans,Fashion,North,Jaipur,Corporate,4,83.58,5,334.34,45.52,-0.24,UPI,Completed,45,3.6
2024-10-09,ORD04367,CUST1975,Shampoo,Beauty,West,Ahmedabad,Consumer,5,181.63,5,908.14,35.6,106.17,Debit Card,Completed,62,5.0
2024-10-09,ORD00844,CUST2752,Tablet,Electronics,Central,Indore,Corporate,2,538.89,0,1077.78,23.58,158.43,Debit Card,Completed,20,4.8
2024-10-09,ORD00037,CUST3116,Vacuum Cleaner,Home & Kitchen,North,Chandigarh,Small Business,4,317.82,15,1271.28,16.97,37.83,Debit Card,Completed,40,4.5
2024-10-09,ORD03441,CUST2099,Cookware Set,Home & Kitchen,North,Delhi,Corporate,4,102.24,10,408.98,34.44,-31.69,UPI,Completed,53,3.3
2024-10-09,ORD03731,CUST3288,Jeans,Fashion,West,Pune,Consumer,2,215.96,0,431.93,32.34,6.81,Credit Card,Cancelled,48,4.1
2024-10-09,ORD03484,CUST3182,Shampoo,Beauty,West,Pune,Small Business,1,200.86,5,200.86,30.02,9.73,PayPal,Returned,33,4.1
2024-10-09,ORD03635,CUST1834,Keyboard,Office Supplies,Central,Bhopal,Corporate,5,132.18,0,660.9,39.82,24.03,PayPal,Completed,50,3.8
2024-10-09,ORD00557,CUST1268,Backpack,Fashion,Central,Indore,Corporate,1,81.13,15,81.13,9.41,-14.2,Cash on Delivery,Completed,47,4.6
2024-10-09,ORD03306,CUST1941,Lipstick,Beauty,East,Bhubaneswar,Consumer,4,142.82,15,571.28,28.9,-27.76,PayPal,Completed,23,2.7
2024-10-09,ORD01474,CUST2605,Sneakers,Fashion,East,Kolkata,Consumer,4,29.78,0,119.11,32.46,-21.77,Credit Card,Completed,33,5.0
2024-10-10,ORD02045,CUST3194,Smartphone,Electronics,North,Chandigarh,Consumer,5,972.2,5,4861.01,34.32,511.88,Cash on Delivery,Completed,57,4.3
2024-10-10,ORD01916,CUST2642,Blender,Home & Kitchen,Central,Lucknow,Consumer,4,140.24,5,560.95,15.94,32.4,PayPal,Completed,41,3.4
2024-10-10,ORD02486,CUST1330,Sports Bottle,Sports,South,Chennai,Small Business,3,290.92,0,872.75,39.6,189.84,PayPal,Returned,25,4.2
2024-10-10,ORD02195,CUST2920,Backpack,Fashion,North,Chandigarh,Consumer,5,147.17,5,735.84,30.85,97.75,Credit Card,Completed,24,3.2
2024-10-10,ORD00011,CUST1959,Blender,Home & Kitchen,West,Mumbai,Consumer,1,274.05,10,274.05,34.73,-21.03,UPI,Completed,52,4.0
2024-10-10,ORD03221,CUST3457,Smartphone,Electronics,West,Mumbai,Small Business,5,879.17,20,4395.84,42.35,-408.44,PayPal,Completed,27,5.0
2024-10-10,ORD01050,CUST2509,T-Shirt,Fashion,Central,Bhopal,Small Business,1,59.6,20,59.6,20.56,-26.32,UPI,Completed,62,3.9
2024-10-10,ORD00669,CUST1837,Jacket,Fashion,South,Chennai,Consumer,5,59.82,10,299.09,14.7,-18.53,Cash on Delivery,Completed,55,4.6
2024-10-10,ORD02690,CUST1775,T-Shirt,Fashion,North,Delhi,Consumer,1,146.01,10,146.01,8.72,4.57,PayPal,Completed,54,4.2
2024-10-10,ORD01009,CUST2211,Jeans,Fashion,West,Mumbai,Consumer,3,189.96,10,569.89,37.58,2.47,UPI,Returned,26,3.5
2024-10-10,ORD03225,CUST1651,Jeans,Fashion,East,Kolkata,Small Business,1,88.98,0,88.98,15.4,-1.33,UPI,Completed,29,3.8
2024-10-10,ORD00248,CUST1098,Headphones,Electronics,South,Bengaluru,Small Business,5,1381.83,5,6909.14,19.3,744.89,Credit Card,Completed,62,3.8
2024-10-10,ORD03478,CUST1170,Vacuum Cleaner,Home & Kitchen,Central,Bhopal,Consumer,4,148.03,15,592.11,11.81,-37.69,UPI,Returned,56,2.9
2024-10-10,ORD04110,CUST2949,Notebook,Office Supplies,West,Ahmedabad,Consumer,4,52.89,15,211.55,14.59,-26.21,Cash on Delivery,Returned,24,3.6
2024-10-11,ORD00467,CUST1329,Sneakers,Fashion,East,Bhubaneswar,Corporate,2,117.0,15,234.01,12.39,8.35,Debit Card,Completed,41,5.0
2024-10-11,ORD03240,CUST1315,Smartphone,Electronics,South,Hyderabad,Small Business,4,1021.32,0,4085.29,41.01,919.15,Cash on Delivery,Cancelled,57,4.1
2024-10-11,ORD01703,CUST3121,Cookware Set,Home & Kitchen,South,Bengaluru,Small Business,2,81.49,5,162.99,35.36,-4.48,Cash on Delivery,Completed,40,4.2
2024-10-11,ORD01405,CUST2129,Coffee Maker,Home & Kitchen,West,Pune,Consumer,3,85.56,10,256.68,14.2,29.91,Credit Card,Completed,35,4.1
2024-10-11,ORD03739,CUST1500,Perfume,Beauty,East,Kolkata,Small Business,1,95.47,10,95.47,28.97,-26.18,PayPal,Completed,23,4.1
2024-10-11,ORD01324,CUST3038,Headphones,Electronics,Central,Lucknow,Consumer,4,1211.49,5,4845.94,29.19,182.37,Debit Card,Completed,52,5.0
2024-10-11,ORD00331,CUST2297,Laptop,Electronics,South,Hyderabad,Corporate,1,132.52,0,132.52,32.87,-4.8,UPI,Completed,57,2.8
2024-10-11,ORD04390,CUST2469,Tablet,Electronics,West,Pune,Consumer,5,1190.67,20,5953.36,35.33,-108.37,Debit Card,Completed,26,4.9
2024-10-11,ORD04446,CUST2442,Smartwatch,Electronics,West,Mumbai,Consumer,5,696.54,5,3482.71,11.5,200.7,UPI,Completed,19,2.7
2024-10-11,ORD01138,CUST1563,Fitness Band,Sports,West,Ahmedabad,Corporate,3,343.31,0,1029.94,21.31,121.7,PayPal,Completed,44,5.0
2024-10-11,ORD02770,CUST3193,Jacket,Fashion,East,Bhubaneswar,Consumer,4,184.8,5,739.19,37.27,-1.88,UPI,Returned,27,4.8
2024-10-11,ORD00726,CUST1571,Headphones,Electronics,Central,Lucknow,Corporate,5,358.6,10,1792.99,28.01,203.01,Cash on Delivery,Completed,38,4.5
2024-10-11,ORD00882,CUST3176,Office Chair,Office Supplies,South,Chennai,Corporate,3,340.22,0,1020.65,39.38,44.26,Debit Card,Completed,47,5.0
2024-10-11,ORD03923,CUST2296,Smartwatch,Electronics,South,Hyderabad,Consumer,2,812.19,10,1624.38,36.81,-44.4,PayPal,Completed,37,3.6
2024-10-11,ORD03804,CUST2651,Dumbbells,Sports,West,Mumbai,Consumer,2,128.7,10,257.41,39.28,-22.95,Debit Card,Completed,32,3.6
2024-10-12,ORD00419,CUST1818,Shampoo,Beauty,West,Mumbai,Corporate,2,167.26,0,334.52,20.48,61.39,Credit Card,Completed,28,4.4
2024-10-12,ORD02656,CUST2479,Notebook,Office Supplies,West,Ahmedabad,Consumer,1,157.1,5,157.1,37.61,-8.94,Credit Card,Returned,57,4.0
2024-10-12,ORD00229,CUST1988,Blender,Home & Kitchen,North,Jaipur,Small Business,4,40.28,5,161.1,29.44,-11.16,PayPal,Completed,59,3.9
2024-10-12,ORD00693,CUST1753,Backpack,Fashion,East,Guwahati,Corporate,2,182.59,20,365.18,33.88,-14.99,Debit Card,Completed,42,4.2
2024-10-12,ORD02842,CUST2822,Vacuum Cleaner,Home & Kitchen,Central,Indore,Consumer,1,427.27,5,427.27,18.0,49.15,PayPal,Completed,55,3.8
2024-10-12,ORD03227,CUST1786,Vacuum Cleaner,Home & Kitchen,North,Jaipur,Consumer,5,235.94,15,1179.71,17.61,-72.54,Debit Card,Completed,57,2.8
2024-10-12,ORD02572,CUST3021,Blender,Home & Kitchen,North,Delhi,Consumer,4,423.75,20,1695.0,37.84,-229.47,PayPal,Completed,29,3.7
2024-10-12,ORD02415,CUST1660,T-Shirt,Fashion,West,Ahmedabad,Small Business,2,53.67,15,107.35,17.31,-16.0,Debit Card,Completed,35,3.8
2024-10-12,ORD01711,CUST3272,Dumbbells,Sports,West,Mumbai,Corporate,3,251.85,5,755.54,32.22,63.28,PayPal,Completed,24,3.3
2024-10-12,ORD02518,CUST2564,Smartphone,Electronics,North,Delhi,Corporate,1,897.63,20,897.63,33.19,-79.66,Debit Card,Returned,57,3.2
2024-10-13,ORD01607,CUST3078,Running Shoes,Sports,Central,Bhopal,Corporate,4,203.07,10,812.27,35.68,17.76,PayPal,Completed,19,3.1
2024-10-13,ORD03357,CUST1486,Backpack,Fashion,Central,Lucknow,Consumer,3,164.35,15,493.04,39.92,-62.39,UPI,Completed,32,4.3
2024-10-13,ORD04422,CUST3183,Running Shoes,Sports,West,Mumbai,Consumer,4,228.5,0,913.98,30.61,110.11,Credit Card,Completed,49,3.4
2024-10-13,ORD04075,CUST3048,Moisturizer,Beauty,North,Chandigarh,Consumer,1,123.19,10,123.19,36.0,-27.6,UPI,Completed,57,2.5
2024-10-13,ORD04176,CUST2351,Laptop,Electronics,Central,Indore,Consumer,1,1257.12,0,1257.12,9.15,310.04,UPI,Completed,18,2.3
2024-10-13,ORD03969,CUST3119,Headphones,Electronics,South,Chennai,Corporate,4,354.45,20,1417.78,18.98,81.92,Cash on Delivery,Completed,48,3.1
2024-10-13,ORD03475,CUST1885,Yoga Mat,Sports,Central,Bhopal,Consumer,3,99.08,5,297.24,20.63,-5.79,Credit Card,Returned,51,4.2
2024-10-13,ORD04138,CUST2617,Vacuum Cleaner,Home & Kitchen,East,Bhubaneswar,Small Business,5,280.79,10,1403.94,50.78,-37.72,Credit Card,Completed,27,4.4
2024-10-13,ORD02809,CUST1151,Face Serum,Beauty,West,Pune,Consumer,2,174.03,5,348.06,31.41,14.84,Credit Card,Returned,58,3.0
2024-10-14,ORD04647,CUST2288,Notebook,Office Supplies,North,Chandigarh,Consumer,5,425.93,15,2129.66,38.5,-139.52,Credit Card,Completed,53,3.9
2024-10-14,ORD03176,CUST3015,Keyboard,Office Supplies,Central,Lucknow,Consumer,4,371.03,10,1484.13,35.98,-45.78,PayPal,Completed,60,4.6
2024-10-14,ORD01527,CUST1424,Smartwatch,Electronics,Central,Lucknow,Corporate,2,1375.6,10,2751.19,34.72,365.07,UPI,Completed,57,5.0
2024-10-14,ORD01505,CUST1988,Dumbbells,Sports,Central,Lucknow,Corporate,1,155.42,10,155.42,7.94,-7.53,UPI,Completed,36,4.3
2024-10-14,ORD02315,CUST3279,Headphones,Electronics,West,Ahmedabad,Consumer,2,420.09,10,840.18,38.95,-35.9,Cash on Delivery,Completed,30,4.7
2024-10-14,ORD00775,CUST1522,Keyboard,Office Supplies,North,Jaipur,Small Business,3,208.82,5,626.45,46.19,32.58,Credit Card,Completed,54,4.6
2024-10-14,ORD04776,CUST1722,Lipstick,Beauty,East,Guwahati,Corporate,3,69.52,0,208.56,20.02,34.57,UPI,Returned,59,3.8
2024-10-15,ORD01172,CUST1205,Smartwatch,Electronics,East,Guwahati,Corporate,2,965.85,15,1931.69,23.2,-120.57,Debit Card,Completed,42,4.9
2024-10-15,ORD03395,CUST2604,Face Serum,Beauty,Central,Indore,Corporate,3,133.48,15,400.44,31.75,-35.16,Credit Card,Completed,41,4.9
2024-10-15,ORD03379,CUST1337,Coffee Maker,Home & Kitchen,Central,Bhopal,Small Business,1,40.71,15,40.71,33.04,-34.84,PayPal,Completed,29,4.8
2024-10-15,ORD01982,CUST2102,Jeans,Fashion,Central,Indore,Consumer,4,223.34,5,893.35,31.55,168.29,Debit Card,Completed,62,4.1
2024-10-15,ORD00307,CUST3029,Tablet,Electronics,East,Kolkata,Small Business,1,946.36,15,946.36,20.25,51.15,Debit Card,Completed,25,4.9
2024-10-15,ORD02452,CUST3019,Jeans,Fashion,East,Kolkata,Consumer,3,145.38,20,436.15,30.67,-11.51,Debit Card,Completed,24,4.8
2024-10-15,ORD02341,CUST3428,Backpack,Fashion,West,Pune,Consumer,1,94.8,10,94.8,34.07,-19.75,UPI,Returned,34,4.9
2024-10-15,ORD01712,CUST1317,Jeans,Fashion,West,Mumbai,Small Business,1,151.24,5,151.24,7.32,6.12,Cash on Delivery,Cancelled,59,4.9
2024-10-15,ORD03775,CUST2628,Keyboard,Office Supplies,East,Guwahati,Consumer,1,347.57,10,347.57,35.61,-7.27,PayPal,Completed,52,4.1
2024-10-15,ORD01109,CUST2050,Shampoo,Beauty,South,Bengaluru,Consumer,2,206.75,0,413.5,12.24,36.27,Cash on Delivery,Cancelled,21,3.6
2024-10-15,ORD00838,CUST2864,Vacuum Cleaner,Home & Kitchen,North,Chandigarh,Consumer,5,102.4,15,512.0,45.2,-29.74,Debit Card,Returned,57,3.9
2024-10-15,ORD00104,CUST1723,Laptop,Electronics,North,Delhi,Corporate,5,657.75,10,3288.76,47.74,441.45,Debit Card,Completed,45,4.1
2024-10-15,ORD02087,CUST2903,Printer,Office Supplies,Central,Bhopal,Small Business,3,430.07,20,1290.22,31.52,-129.09,Cash on Delivery,Completed,20,5.0
2024-10-15,ORD03660,CUST3277,Smartphone,Electronics,South,Bengaluru,Consumer,4,724.24,0,2896.97,51.91,389.81,Credit Card,Completed,21,2.8
2024-10-15,ORD01125,CUST1361,Keyboard,Office Supplies,East,Kolkata,Consumer,4,173.6,0,694.39,24.2,102.28,Credit Card,Completed,48,4.6
2024-10-15,ORD02638,CUST2367,Dumbbells,Sports,North,Delhi,Corporate,2,188.54,10,377.08,28.69,-7.54,UPI,Completed,49,4.1
2024-10-15,ORD00910,CUST2741,Headphones,Electronics,West,Pune,Small Business,1,603.88,5,603.88,8.3,118.08,Credit Card,Completed,38,3.0
2024-10-16,ORD00311,CUST1995,Desk Lamp,Office Supplies,South,Bengaluru,Corporate,4,329.57,5,1318.29,34.11,149.67,UPI,Completed,57,3.6
2024-10-16,ORD03915,CUST1766,Backpack,Fashion,North,Delhi,Small Business,3,121.81,15,365.42,23.5,10.05,Credit Card,Completed,61,4.3
2024-10-16,ORD02268,CUST2509,Lipstick,Beauty,East,Bhubaneswar,Consumer,4,144.79,0,579.16,24.7,54.41,UPI,Completed,41,3.1
2024-10-16,ORD00578,CUST1884,Dumbbells,Sports,West,Ahmedabad,Small Business,2,309.98,5,619.95,36.69,7.55,UPI,Completed,49,3.9
2024-10-16,ORD00703,CUST2714,Face Serum,Beauty,Central,Lucknow,Corporate,4,120.16,5,480.63,26.87,-10.76,Debit Card,Returned,43,3.1
2024-10-16,ORD04212,CUST3413,Fitness Band,Sports,Central,Bhopal,Consumer,2,192.68,15,385.36,39.58,-63.05,Cash on Delivery,Returned,47,3.0
2024-10-16,ORD03417,CUST1779,Smartphone,Electronics,Central,Indore,Corporate,5,301.34,15,1506.71,25.29,-68.41,Credit Card,Completed,23,5.0
2024-10-16,ORD04922,CUST2119,Perfume,Beauty,West,Mumbai,Corporate,2,54.27,0,108.54,13.63,10.24,PayPal,Completed,41,3.2
2024-10-16,ORD01767,CUST2120,Lipstick,Beauty,South,Bengaluru,Corporate,5,74.1,10,370.51,29.6,33.28,Debit Card,Returned,18,3.6
2024-10-17,ORD04784,CUST2659,Printer,Office Supplies,South,Bengaluru,Consumer,2,311.57,10,623.15,26.77,75.92,Debit Card,Completed,27,3.6
2024-10-17,ORD04556,CUST1737,Jeans,Fashion,North,Chandigarh,Consumer,5,52.57,20,262.87,25.78,-20.16,UPI,Completed,32,4.4
2024-10-17,ORD03009,CUST3102,Tablet,Electronics,East,Guwahati,Consumer,3,1103.46,10,3310.38,32.01,-84.71,Debit Card,Completed,27,5.0
2024-10-17,ORD03919,CUST2366,Cookware Set,Home & Kitchen,North,Delhi,Corporate,5,471.8,0,2359.01,31.47,358.58,UPI,Completed,41,3.2
2024-10-17,ORD04625,CUST2802,Moisturizer,Beauty,South,Chennai,Corporate,3,81.21,5,243.62,38.46,16.86,UPI,Completed,57,4.4
2024-10-17,ORD03265,CUST1665,Blender,Home & Kitchen,South,Hyderabad,Corporate,1,427.91,5,427.91,26.56,31.67,Cash on Delivery,Completed,28,3.7
2024-10-17,ORD04036,CUST3083,Dumbbells,Sports,Central,Bhopal,Consumer,2,29.38,5,58.76,23.17,-16.92,Debit Card,Completed,24,4.2
2024-10-17,ORD01705,CUST2418,Air Fryer,Home & Kitchen,West,Pune,Corporate,3,234.17,20,702.51,13.12,-21.65,Debit Card,Returned,48,4.5
2024-10-18,ORD00995,CUST1081,Smartphone,Electronics,West,Mumbai,Small Business,2,260.74,10,521.49,32.04,9.11,UPI,Completed,47,2.8
2024-10-18,ORD02952,CUST3184,Office Chair,Office Supplies,West,Mumbai,Small Business,4,138.11,10,552.42,42.21,-16.02,Debit Card,Returned,50,2.6
2024-10-18,ORD04564,CUST2414,Air Fryer,Home & Kitchen,East,Kolkata,Corporate,1,178.62,5,178.62,36.65,-11.29,Cash on Delivery,Completed,29,4.2
2024-10-18,ORD02537,CUST2806,Sneakers,Fashion,Central,Bhopal,Consumer,3,233.38,10,700.13,31.74,-4.61,UPI,Completed,58,2.8
2024-10-18,ORD00942,CUST2464,Smartwatch,Electronics,North,Jaipur,Corporate,5,643.71,10,3218.53,39.25,113.13,PayPal,Completed,22,4.9
2024-10-18,ORD01776,CUST2941,Sports Bottle,Sports,West,Mumbai,Small Business,5,139.11,10,695.54,46.87,72.93,Credit Card,Completed,60,4.9
2024-10-18,ORD03056,CUST1986,Printer,Office Supplies,Central,Bhopal,Small Business,1,122.34,20,122.34,19.93,-24.49,UPI,Completed,58,4.2
2024-10-18,ORD04479,CUST2556,Backpack,Fashion,Central,Indore,Corporate,3,224.08,20,672.25,42.7,-89.4,Credit Card,Completed,48,3.3
2024-10-19,ORD03575,CUST1789,Blender,Home & Kitchen,South,Bengaluru,Consumer,4,51.45,15,205.81,18.14,-11.62,UPI,Cancelled,35,4.3
2024-10-19,ORD00993,CUST2719,Keyboard,Office Supplies,East,Guwahati,Small Business,4,390.98,5,1563.93,27.4,57.26,UPI,Completed,43,3.3
2024-10-19,ORD02225,CUST2875,Desk Lamp,Office Supplies,South,Chennai,Corporate,2,287.43,10,574.87,29.73,2.54,Credit Card,Completed,51,4.6
2024-10-19,ORD00767,CUST1956,Jeans,Fashion,West,Mumbai,Corporate,2,27.9,5,55.81,12.03,-0.88,UPI,Completed,24,4.9
2024-10-19,ORD01907,CUST2051,Face Serum,Beauty,Central,Bhopal,Corporate,1,93.46,10,93.46,12.11,-4.69,Credit Card,Completed,50,4.3
2024-10-19,ORD01257,CUST2812,Air Fryer,Home & Kitchen,North,Chandigarh,Small Business,4,492.86,5,1971.45,42.07,84.63,PayPal,Completed,40,3.4
2024-10-19,ORD03257,CUST3126,T-Shirt,Fashion,North,Delhi,Consumer,2,120.76,20,241.53,24.61,-35.03,Credit Card,Completed,26,4.1
2024-10-19,ORD01320,CUST3016,Jacket,Fashion,South,Hyderabad,Consumer,2,83.26,5,166.52,13.44,6.04,Credit Card,Completed,57,3.5
2024-10-20,ORD03237,CUST2175,Smartwatch,Electronics,North,Delhi,Small Business,4,705.2,10,2820.82,14.14,222.31,Credit Card,Completed,35,3.3
2024-10-20,ORD02757,CUST1815,Sneakers,Fashion,North,Chandigarh,Consumer,5,114.08,5,570.39,32.1,31.93,PayPal,Completed,41,4.2
2024-10-20,ORD01426,CUST1699,Tablet,Electronics,Central,Bhopal,Consumer,5,1226.22,0,6131.11,28.5,532.26,Debit Card,Completed,52,4.2
2024-10-20,ORD02472,CUST1606,T-Shirt,Fashion,Central,Bhopal,Corporate,5,37.29,0,186.45,28.65,16.7,Credit Card,Completed,43,4.1
2024-10-20,ORD02448,CUST3181,Coffee Maker,Home & Kitchen,West,Pune,Consumer,4,303.99,15,1215.95,44.88,-102.72,PayPal,Completed,63,2.9
2024-10-20,ORD00429,CUST2329,T-Shirt,Fashion,North,Jaipur,Corporate,5,185.94,5,929.71,19.88,143.21,Credit Card,Completed,50,3.7
2024-10-20,ORD01071,CUST3422,Sneakers,Fashion,East,Bhubaneswar,Corporate,5,44.73,20,223.66,40.24,-36.76,UPI,Completed,27,4.6
2024-10-20,ORD03602,CUST1997,Backpack,Fashion,East,Bhubaneswar,Corporate,4,135.48,5,541.92,27.22,38.82,Credit Card,Returned,30,4.5
2024-10-20,ORD04803,CUST2669,Backpack,Fashion,North,Delhi,Consumer,1,186.44,10,186.44,27.47,-9.87,UPI,Completed,44,5.0
2024-10-20,ORD03678,CUST2188,Laptop,Electronics,East,Bhubaneswar,Consumer,1,896.8,20,896.8,19.19,-65.31,Credit Card,Completed,21,3.7
2024-10-20,ORD03808,CUST2718,Headphones,Electronics,East,Bhubaneswar,Consumer,4,1257.21,10,5028.82,19.83,684.45,Cash on Delivery,Returned,24,4.0
2024-10-20,ORD04509,CUST2422,Air Fryer,Home & Kitchen,Central,Indore,Corporate,3,337.94,0,1013.82,13.45,165.31,Credit Card,Completed,26,3.2
2024-10-20,ORD03669,CUST3272,Jacket,Fashion,Central,Lucknow,Small Business,3,45.22,10,135.65,15.66,-10.35,Cash on Delivery,Completed,57,1.8
2024-10-21,ORD01110,CUST2231,Sports Bottle,Sports,Central,Indore,Consumer,1,83.1,15,83.1,18.19,-22.4,Cash on Delivery,Completed,62,5.0
2024-10-21,ORD02401,CUST2799,Jeans,Fashion,East,Bhubaneswar,Consumer,3,216.96,0,650.87,26.66,103.07,PayPal,Completed,54,4.4
2024-10-21,ORD02706,CUST2081,Smartphone,Electronics,East,Kolkata,Small Business,1,1374.22,15,1374.22,6.45,128.75,UPI,Completed,55,3.3
2024-10-21,ORD01235,CUST1527,Keyboard,Office Supplies,East,Bhubaneswar,Small Business,4,119.68,10,478.73,36.61,-8.53,UPI,Completed,44,4.9
2024-10-21,ORD04048,CUST1938,Shampoo,Beauty,East,Guwahati,Consumer,2,121.35,0,242.7,38.12,11.84,UPI,Completed,50,3.7
2024-10-21,ORD01262,CUST1170,Jacket,Fashion,North,Jaipur,Consumer,5,111.25,5,556.25,20.84,6.26,Cash on Delivery,Completed,49,3.9
2024-10-21,ORD02292,CUST1829,Fitness Band,Sports,South,Hyderabad,Small Business,1,92.2,20,92.2,35.22,-40.39,Debit Card,Completed,20,3.8
2024-10-21,ORD01468,CUST3022,Headphones,Electronics,West,Ahmedabad,Small Business,4,977.66,5,3910.64,40.24,743.49,Cash on Delivery,Completed,56,4.6
2024-10-21,ORD00296,CUST1020,Keyboard,Office Supplies,North,Jaipur,Corporate,2,265.1,10,530.2,7.11,2.15,Credit Card,Returned,61,5.0
2024-10-21,ORD03598,CUST1775,Office Chair,Office Supplies,South,Bengaluru,Corporate,2,274.94,15,549.89,27.7,-11.11,Credit Card,Completed,51,3.6
2024-10-21,ORD01022,CUST3245,Yoga Mat,Sports,North,Chandigarh,Corporate,1,205.76,5,205.76,30.43,13.73,UPI,Returned,46,2.4
2024-10-22,ORD03699,CUST3062,Tablet,Electronics,East,Kolkata,Consumer,4,732.7,5,2930.8,36.74,503.53,Debit Card,Cancelled,34,4.4
2024-10-22,ORD02768,CUST1340,Sports Bottle,Sports,East,Guwahati,Consumer,1,135.28,10,135.28,34.97,-12.77,UPI,Completed,32,4.8
2024-10-22,ORD03891,CUST2439,Running Shoes,Sports,East,Guwahati,Corporate,3,242.69,0,728.08,20.39,47.5,Credit Card,Completed,59,4.5
2024-10-22,ORD01783,CUST3388,T-Shirt,Fashion,West,Mumbai,Consumer,4,143.1,0,572.4,22.2,108.05,Credit Card,Completed,34,3.6
2024-10-22,ORD00169,CUST1235,Desk Lamp,Office Supplies,East,Guwahati,Corporate,2,54.43,0,108.86,17.5,7.74,Debit Card,Completed,47,2.9
2024-10-22,ORD04639,CUST1039,Running Shoes,Sports,East,Guwahati,Consumer,3,128.71,0,386.13,34.71,-2.82,Credit Card,Completed,40,4.8
2024-10-22,ORD01373,CUST2945,Headphones,Electronics,North,Jaipur,Consumer,3,1368.49,5,4105.47,33.08,304.67,UPI,Completed,24,4.1
2024-10-22,ORD00658,CUST1462,T-Shirt,Fashion,West,Ahmedabad,Small Business,2,206.11,0,412.22,36.13,44.78,UPI,Cancelled,63,4.0
2024-10-22,ORD04203,CUST3121,Desk Lamp,Office Supplies,South,Hyderabad,Corporate,4,355.99,10,1423.94,36.05,192.33,Debit Card,Completed,34,3.7
2024-10-22,ORD03664,CUST1700,Tablet,Electronics,East,Kolkata,Small Business,4,1008.3,5,4033.19,26.04,216.22,UPI,Completed,31,3.0
2024-10-22,ORD01873,CUST2228,Blender,Home & Kitchen,North,Chandigarh,Corporate,5,174.1,20,870.48,31.03,-63.24,PayPal,Returned,18,4.5
2024-10-22,ORD02177,CUST2379,T-Shirt,Fashion,West,Ahmedabad,Corporate,4,243.31,10,973.25,26.13,9.88,PayPal,Completed,46,4.1
2024-10-22,ORD01550,CUST1579,Headphones,Electronics,West,Pune,Consumer,3,1379.6,15,4138.79,18.71,-281.58,Credit Card,Completed,53,2.4
2024-10-23,ORD03897,CUST2795,Perfume,Beauty,South,Bengaluru,Consumer,1,208.27,10,208.27,16.08,15.25,UPI,Completed,21,3.7
2024-10-23,ORD01030,CUST1322,Backpack,Fashion,Central,Lucknow,Consumer,4,136.07,5,544.27,38.93,70.73,PayPal,Completed,42,4.2
2024-10-23,ORD03482,CUST2465,Coffee Maker,Home & Kitchen,East,Kolkata,Consumer,2,236.25,10,472.51,35.36,-7.49,UPI,Completed,53,5.0
2024-10-23,ORD01137,CUST2142,Office Chair,Office Supplies,East,Guwahati,Corporate,4,107.44,5,429.75,31.62,46.12,Debit Card,Completed,37,3.6
2024-10-23,ORD01047,CUST2604,Desk Lamp,Office Supplies,Central,Indore,Small Business,5,333.4,0,1666.99,11.36,151.12,Debit Card,Completed,35,3.6
2024-10-23,ORD01223,CUST2019,Jacket,Fashion,East,Guwahati,Consumer,5,24.81,0,124.03,36.67,-24.33,Debit Card,Completed,32,3.9
2024-10-24,ORD04657,CUST1333,Smartphone,Electronics,South,Bengaluru,Consumer,1,703.05,5,703.05,13.47,59.04,Cash on Delivery,Completed,52,4.1
2024-10-24,ORD02317,CUST2050,Air Fryer,Home & Kitchen,North,Chandigarh,Consumer,4,183.0,0,731.99,28.06,172.42,UPI,Completed,25,3.6
2024-10-24,ORD04302,CUST2751,Laptop,Electronics,North,Jaipur,Small Business,1,518.22,10,518.22,21.03,66.0,Cash on Delivery,Completed,52,4.1
2024-10-24,ORD04637,CUST2218,Perfume,Beauty,Central,Lucknow,Consumer,1,42.7,10,42.7,17.24,-14.8,Credit Card,Completed,36,4.0
2024-10-24,ORD03359,CUST3077,Jacket,Fashion,East,Kolkata,Consumer,5,143.94,5,719.7,43.62,3.6,UPI,Completed,37,3.1
2024-10-24,ORD02879,CUST2977,Jeans,Fashion,South,Hyderabad,Consumer,3,158.11,5,474.32,34.73,-17.64,UPI,Completed,46,3.4
2024-10-24,ORD02383,CUST3417,Headphones,Electronics,North,Delhi,Consumer,3,359.09,0,1077.27,37.65,171.97,Credit Card,Completed,31,4.9
2024-10-25,ORD04249,CUST2757,Coffee Maker,Home & Kitchen,South,Bengaluru,Consumer,1,432.18,0,432.18,24.34,20.89,Credit Card,Completed,60,3.7
2024-10-25,ORD01224,CUST3474,Perfume,Beauty,West,Pune,Consumer,2,112.32,0,224.65,34.06,19.42,Debit Card,Completed,57,4.4
2024-10-25,ORD01415,CUST3164,Yoga Mat,Sports,Central,Bhopal,Small Business,2,194.22,10,388.45,30.27,-12.37,Cash on Delivery,Completed,31,5.0
2024-10-25,ORD04401,CUST2022,Headphones,Electronics,South,Chennai,Corporate,4,928.51,5,3714.03,30.06,427.89,UPI,Completed,37,4.8
2024-10-25,ORD01780,CUST2345,Keyboard,Office Supplies,West,Pune,Small Business,3,193.96,5,581.89,11.93,112.28,UPI,Completed,63,3.9
2024-10-25,ORD04069,CUST1583,Air Fryer,Home & Kitchen,West,Ahmedabad,Consumer,4,325.29,10,1301.15,30.16,34.46,PayPal,Completed,30,4.6
2024-10-25,ORD02357,CUST1707,Running Shoes,Sports,West,Mumbai,Consumer,2,138.65,0,277.3,30.97,45.69,UPI,Completed,22,4.1
2024-10-26,ORD02747,CUST1360,Running Shoes,Sports,Central,Lucknow,Consumer,2,176.95,10,353.9,22.25,-5.01,Cash on Delivery,Returned,22,5.0
2024-10-26,ORD04733,CUST1576,Tablet,Electronics,West,Ahmedabad,Corporate,2,892.53,5,1785.06,20.83,105.13,Credit Card,Completed,42,4.1
2024-10-26,ORD00404,CUST1814,Vacuum Cleaner,Home & Kitchen,East,Guwahati,Consumer,2,429.29,0,858.58,9.24,118.53,Credit Card,Completed,25,4.8
2024-10-26,ORD04252,CUST1540,Notebook,Office Supplies,North,Chandigarh,Consumer,1,243.72,0,243.72,20.95,19.63,UPI,Completed,22,3.5
2024-10-26,ORD00897,CUST1128,Perfume,Beauty,South,Chennai,Consumer,2,78.42,10,156.84,30.54,-29.87,Credit Card,Completed,55,5.0
2024-10-26,ORD03580,CUST1216,T-Shirt,Fashion,North,Jaipur,Corporate,1,185.83,15,185.83,25.67,-16.96,UPI,Returned,57,3.8
2024-10-26,ORD02810,CUST2775,T-Shirt,Fashion,Central,Bhopal,Small Business,3,39.07,10,117.2,34.94,-33.68,Credit Card,Completed,32,4.8
2024-10-26,ORD02951,CUST3207,Running Shoes,Sports,East,Bhubaneswar,Consumer,5,284.54,20,1422.72,49.21,-45.06,UPI,Completed,59,3.8
2024-10-27,ORD04356,CUST3308,Fitness Band,Sports,West,Ahmedabad,Consumer,5,197.06,0,985.31,30.54,245.25,Cash on Delivery,Completed,49,4.0
2024-10-27,ORD01615,CUST2925,Moisturizer,Beauty,East,Bhubaneswar,Corporate,2,100.41,10,200.82,19.1,-5.11,UPI,Completed,56,5.0
2024-10-27,ORD00695,CUST1305,Fitness Band,Sports,Central,Lucknow,Small Business,5,274.19,0,1370.93,35.71,263.57,Debit Card,Completed,34,3.8
2024-10-27,ORD00972,CUST1607,Face Serum,Beauty,East,Guwahati,Consumer,2,40.09,10,80.19,17.2,-6.53,Debit Card,Returned,61,2.9
2024-10-27,ORD01833,CUST2624,T-Shirt,Fashion,East,Bhubaneswar,Consumer,4,174.97,15,699.88,22.75,-43.39,UPI,Completed,37,4.7
2024-10-27,ORD04830,CUST1162,Vacuum Cleaner,Home & Kitchen,West,Pune,Consumer,3,442.75,10,1328.24,34.04,44.34,Debit Card,Completed,31,2.6
2024-10-27,ORD04954,CUST2611,Perfume,Beauty,West,Mumbai,Consumer,5,60.23,5,301.13,19.49,28.3,Credit Card,Completed,29,3.7
2024-10-27,ORD04151,CUST3429,Air Fryer,Home & Kitchen,North,Delhi,Consumer,3,152.3,10,456.91,14.3,-17.94,UPI,Completed,61,4.3
2024-10-27,ORD02859,CUST1955,Tablet,Electronics,South,Chennai,Consumer,5,1100.48,0,5502.41,26.71,450.13,Debit Card,Returned,55,4.8
2024-10-27,ORD02131,CUST3308,Headphones,Electronics,West,Pune,Corporate,4,955.46,0,3821.85,26.61,419.3,UPI,Completed,38,4.0
2024-10-27,ORD01338,CUST3414,Blender,Home & Kitchen,South,Bengaluru,Consumer,5,108.16,5,540.79,29.84,0.95,UPI,Completed,29,3.5
2024-10-28,ORD03154,CUST1709,Backpack,Fashion,South,Chennai,Consumer,1,181.37,10,181.37,17.15,-2.17,UPI,Completed,29,3.5
2024-10-28,ORD03133,CUST3491,T-Shirt,Fashion,Central,Indore,Consumer,1,30.19,5,30.19,23.98,-19.34,Cash on Delivery,Completed,39,3.4
2024-10-28,ORD04185,CUST2234,Printer,Office Supplies,East,Bhubaneswar,Small Business,1,137.55,5,137.55,29.04,-9.44,Credit Card,Returned,55,3.1
2024-10-28,ORD00374,CUST2109,Desk Lamp,Office Supplies,North,Delhi,Consumer,3,136.85,10,410.55,18.7,5.9,UPI,Completed,50,4.6
2024-10-28,ORD00076,CUST2603,Face Serum,Beauty,South,Chennai,Consumer,5,137.39,10,686.97,31.5,1.62,Cash on Delivery,Completed,53,3.5
2024-10-28,ORD00639,CUST2987,Running Shoes,Sports,North,Jaipur,Small Business,1,55.17,5,55.17,24.51,-16.06,Cash on Delivery,Completed,38,4.4
2024-10-28,ORD01303,CUST1649,Jacket,Fashion,South,Bengaluru,Consumer,2,38.53,10,77.06,13.83,-14.09,Credit Card,Completed,28,4.8
2024-10-28,ORD01236,CUST1658,Backpack,Fashion,Central,Lucknow,Corporate,4,149.19,0,596.77,25.78,32.33,UPI,Completed,21,3.7
2024-10-28,ORD04012,CUST2798,Face Serum,Beauty,West,Pune,Consumer,4,114.79,5,459.18,8.67,82.66,PayPal,Completed,24,3.4
2024-10-28,ORD00805,CUST2566,Yoga Mat,Sports,West,Mumbai,Corporate,2,338.2,5,676.39,28.94,40.5,Cash on Delivery,Cancelled,53,3.2
2024-10-28,ORD04461,CUST1962,Cookware Set,Home & Kitchen,West,Ahmedabad,Corporate,4,443.85,0,1775.42,33.99,270.7,UPI,Completed,46,2.9
2024-10-28,ORD04026,CUST1360,Shampoo,Beauty,West,Ahmedabad,Small Business,3,170.65,0,511.95,32.02,102.65,Debit Card,Completed,19,3.1
2024-10-28,ORD01855,CUST2796,Desk Lamp,Office Supplies,West,Ahmedabad,Corporate,5,231.8,5,1159.02,50.14,105.09,UPI,Completed,43,3.4
2024-10-29,ORD01369,CUST3288,Air Fryer,Home & Kitchen,West,Mumbai,Consumer,5,373.12,15,1865.62,49.55,16.17,Debit Card,Returned,48,3.4
2024-10-29,ORD03341,CUST1424,Backpack,Fashion,North,Delhi,Corporate,4,90.56,10,362.24,30.72,4.64,UPI,Completed,41,4.6
2024-10-29,ORD02492,CUST2646,Headphones,Electronics,Central,Lucknow,Consumer,1,826.55,20,826.55,34.69,-35.05,Debit Card,Completed,19,3.5
2024-10-29,ORD02463,CUST2234,Keyboard,Office Supplies,West,Ahmedabad,Consumer,5,59.14,5,295.68,39.35,12.69,PayPal,Returned,28,4.8
2024-10-29,ORD00066,CUST3334,Tablet,Electronics,East,Guwahati,Small Business,1,968.16,0,968.16,25.22,129.03,Debit Card,Completed,46,3.4
2024-10-29,ORD04442,CUST3396,Dumbbells,Sports,South,Hyderabad,Corporate,4,276.57,10,1106.3,34.26,119.81,PayPal,Cancelled,31,4.5
2024-10-29,ORD01946,CUST1369,Sports Bottle,Sports,South,Hyderabad,Corporate,3,100.83,0,302.5,14.28,10.21,UPI,Completed,60,4.1
2024-10-30,ORD04055,CUST3024,Blender,Home & Kitchen,East,Guwahati,Consumer,3,332.41,5,997.23,14.32,53.63,Debit Card,Completed,54,5.0
2024-10-30,ORD04821,CUST3037,Yoga Mat,Sports,East,Bhubaneswar,Consumer,2,213.37,5,426.74,12.16,38.37,UPI,Completed,26,3.8
2024-10-30,ORD02352,CUST2179,Smartwatch,Electronics,West,Mumbai,Corporate,4,695.59,15,2782.34,21.27,332.25,UPI,Completed,40,5.0
2024-10-30,ORD00638,CUST3444,Lipstick,Beauty,Central,Indore,Consumer,3,190.07,10,570.22,20.22,77.5,Credit Card,Completed,57,3.6
2024-10-30,ORD04886,CUST3104,Smartwatch,Electronics,East,Guwahati,Consumer,1,1099.3,0,1099.3,12.94,155.26,Credit Card,Returned,52,3.7
2024-10-30,ORD00458,CUST1578,Jacket,Fashion,North,Delhi,Consumer,5,241.71,0,1208.54,40.75,201.57,Debit Card,Completed,61,2.9
2024-10-31,ORD02025,CUST1603,Smartphone,Electronics,North,Chandigarh,Corporate,4,1214.74,5,4858.98,24.23,689.94,Debit Card,Completed,42,3.4
2024-10-31,ORD00741,CUST3114,Smartwatch,Electronics,East,Bhubaneswar,Corporate,2,575.28,10,1150.56,25.12,150.8,UPI,Completed,34,4.5
2024-10-31,ORD04351,CUST2081,Backpack,Fashion,South,Chennai,Consumer,5,43.12,20,215.6,46.43,-71.15,PayPal,Completed,40,5.0
2024-10-31,ORD04155,CUST2932,Smartphone,Electronics,South,Hyderabad,Corporate,5,250.08,0,1250.41,50.91,242.13,Debit Card,Completed,21,4.7
2024-10-31,ORD04154,CUST1413,Tablet,Electronics,East,Kolkata,Small Business,4,527.09,20,2108.37,24.58,-141.78,UPI,Completed,21,3.8
2024-11-01,ORD03100,CUST1177,Vacuum Cleaner,Home & Kitchen,Central,Indore,Consumer,5,284.18,15,1420.9,30.34,106.48,Debit Card,Completed,50,4.8
2024-11-01,ORD01057,CUST2973,Dumbbells,Sports,East,Kolkata,Small Business,3,237.27,5,711.81,41.08,94.53,PayPal,Completed,26,3.0
2024-11-01,ORD00068,CUST2208,Keyboard,Office Supplies,West,Ahmedabad,Consumer,3,75.27,20,225.81,36.94,-21.05,UPI,Completed,61,3.4
2024-11-01,ORD03531,CUST1993,Sports Bottle,Sports,Central,Bhopal,Consumer,5,250.67,5,1253.37,36.63,123.08,Debit Card,Completed,18,4.2
2024-11-01,ORD02437,CUST1714,Perfume,Beauty,Central,Indore,Consumer,4,36.36,15,145.45,35.59,-22.82,PayPal,Completed,39,2.5
2024-11-01,ORD01458,CUST1201,Smartphone,Electronics,South,Hyderabad,Consumer,3,931.7,15,2795.11,26.57,-81.92,PayPal,Completed,60,3.8
2024-11-01,ORD03443,CUST1342,Running Shoes,Sports,South,Hyderabad,Consumer,5,129.13,0,645.66,21.57,86.49,UPI,Completed,24,3.3
2024-11-01,ORD00640,CUST2479,Jeans,Fashion,North,Chandigarh,Corporate,1,176.75,10,176.75,7.59,-0.66,UPI,Completed,18,3.1
2024-11-01,ORD04723,CUST2745,Tablet,Electronics,South,Chennai,Consumer,4,1374.38,10,5497.5,35.0,329.88,UPI,Returned,23,3.7
2024-11-01,ORD00616,CUST2605,Vacuum Cleaner,Home & Kitchen,North,Chandigarh,Consumer,4,491.91,5,1967.66,30.0,422.17,Cash on Delivery,Completed,62,4.2
2024-11-02,ORD00691,CUST3003,Dumbbells,Sports,South,Hyderabad,Consumer,1,135.61,15,135.61,34.6,-24.15,PayPal,Completed,61,3.9
2024-11-02,ORD02482,CUST2555,Smartwatch,Electronics,North,Chandigarh,Consumer,1,385.49,15,385.49,20.01,16.18,Credit Card,Completed,47,4.2
2024-11-02,ORD04397,CUST1178,Cookware Set,Home & Kitchen,North,Chandigarh,Small Business,2,165.97,20,331.94,27.95,-45.34,Debit Card,Completed,35,4.0
2024-11-02,ORD01318,CUST3146,Running Shoes,Sports,East,Kolkata,Corporate,4,263.24,0,1052.96,49.31,120.33,UPI,Completed,37,4.4
2024-11-02,ORD03987,CUST2414,Perfume,Beauty,Central,Lucknow,Consumer,4,43.61,20,174.46,16.66,-28.84,Debit Card,Completed,25,4.0
2024-11-02,ORD00495,CUST1350,Sneakers,Fashion,Central,Indore,Corporate,4,77.73,5,310.91,20.9,-11.35,Debit Card,Completed,38,3.6
2024-11-02,ORD02271,CUST2640,Notebook,Office Supplies,East,Guwahati,Small Business,4,292.23,10,1168.93,37.2,101.51,Debit Card,Cancelled,30,3.7
2024-11-02,ORD02089,CUST1909,Dumbbells,Sports,Central,Lucknow,Consumer,5,89.59,0,447.97,21.3,80.66,UPI,Completed,25,3.4
2024-11-02,ORD03105,CUST2871,Headphones,Electronics,South,Bengaluru,Corporate,5,824.08,15,4120.38,29.54,-44.31,UPI,Completed,33,4.0
2024-11-02,ORD03620,CUST1835,Notebook,Office Supplies,South,Chennai,Small Business,3,264.44,10,793.33,29.01,36.58,UPI,Completed,39,5.0
2024-11-03,ORD01514,CUST2330,Vacuum Cleaner,Home & Kitchen,East,Guwahati,Corporate,2,133.07,10,266.14,20.07,-7.73,UPI,Completed,21,3.2
2024-11-03,ORD02331,CUST1601,Blender,Home & Kitchen,East,Guwahati,Small Business,1,293.1,0,293.1,23.37,0.52,UPI,Completed,61,4.1
2024-11-03,ORD03896,CUST1365,Air Fryer,Home & Kitchen,North,Delhi,Corporate,2,101.63,10,203.27,34.15,-13.88,Cash on Delivery,Returned,47,3.9
2024-11-03,ORD00027,CUST1248,Headphones,Electronics,East,Bhubaneswar,Consumer,5,914.0,10,4569.98,29.3,705.7,Cash on Delivery,Completed,59,2.6
2024-11-03,ORD00574,CUST2375,Sports Bottle,Sports,Central,Indore,Small Business,3,67.76,10,203.28,42.79,-19.27,Cash on Delivery,Returned,40,3.4
2024-11-03,ORD01666,CUST1422,Smartwatch,Electronics,South,Chennai,Small Business,4,428.54,10,1714.16,23.17,-37.67,UPI,Completed,45,2.3
2024-11-03,ORD04757,CUST2201,Backpack,Fashion,West,Ahmedabad,Consumer,2,84.16,5,168.31,28.34,-10.23,Cash on Delivery,Completed,51,4.2
2024-11-03,ORD02587,CUST1581,Tablet,Electronics,South,Chennai,Small Business,4,683.45,15,2733.82,28.18,202.49,UPI,Completed,38,3.9
2024-11-04,ORD04682,CUST3053,Office Chair,Office Supplies,East,Guwahati,Consumer,5,398.95,5,1994.74,39.91,88.66,Cash on Delivery,Completed,58,3.3
2024-11-04,ORD00452,CUST2878,Face Serum,Beauty,West,Pune,Consumer,1,51.97,5,51.97,4.79,-0.14,UPI,Completed,59,4.2
2024-11-04,ORD00424,CUST3379,Smartwatch,Electronics,South,Hyderabad,Consumer,3,423.12,5,1269.36,24.74,227.08,PayPal,Completed,30,4.7
2024-11-04,ORD02187,CUST2947,Yoga Mat,Sports,Central,Lucknow,Corporate,2,292.35,5,584.71,26.17,1.99,Debit Card,Completed,19,3.6
2024-11-04,ORD00059,CUST1519,Blender,Home & Kitchen,South,Hyderabad,Consumer,2,145.78,15,291.56,27.89,-37.48,UPI,Completed,46,4.2
2024-11-04,ORD00724,CUST2759,Laptop,Electronics,North,Jaipur,Small Business,3,585.48,10,1756.45,22.19,119.4,UPI,Completed,41,3.9
2024-11-04,ORD01136,CUST3349,Coffee Maker,Home & Kitchen,West,Mumbai,Consumer,4,339.16,0,1356.66,20.23,186.38,PayPal,Completed,34,4.2
2024-11-04,ORD02337,CUST2449,Printer,Office Supplies,South,Hyderabad,Consumer,5,376.59,0,1882.95,39.59,144.68,Credit Card,Completed,38,5.0
2024-11-04,ORD01011,CUST3224,Notebook,Office Supplies,North,Chandigarh,Consumer,3,438.72,5,1316.15,39.64,180.5,UPI,Completed,41,3.7
2024-11-05,ORD04192,CUST2507,Blender,Home & Kitchen,East,Kolkata,Small Business,5,96.03,15,480.14,26.87,1.08,Debit Card,Completed,18,3.9
2024-11-05,ORD02003,CUST1573,Yoga Mat,Sports,South,Chennai,Small Business,2,107.46,5,214.92,19.03,22.76,UPI,Completed,28,5.0
2024-11-05,ORD01749,CUST1247,Dumbbells,Sports,West,Mumbai,Consumer,3,239.21,0,717.63,35.76,37.14,UPI,Completed,23,3.3
2024-11-05,ORD01198,CUST2606,Laptop,Electronics,South,Bengaluru,Small Business,5,1212.07,0,6060.33,51.0,699.59,Credit Card,Completed,28,3.3
2024-11-05,ORD01748,CUST1943,Jeans,Fashion,Central,Bhopal,Small Business,2,173.39,10,346.78,28.05,30.51,PayPal,Completed,62,3.5
2024-11-05,ORD01820,CUST1593,Cookware Set,Home & Kitchen,West,Ahmedabad,Consumer,1,175.35,5,175.35,7.11,26.42,UPI,Completed,30,4.8
2024-11-05,ORD00245,CUST2743,Coffee Maker,Home & Kitchen,East,Kolkata,Consumer,1,486.23,10,486.23,20.51,43.46,Debit Card,Completed,35,4.2
2024-11-06,ORD03614,CUST1448,Desk Lamp,Office Supplies,North,Delhi,Consumer,2,119.08,15,238.17,26.36,-42.34,Credit Card,Completed,45,5.0
2024-11-06,ORD04946,CUST3416,Jacket,Fashion,West,Pune,Consumer,4,225.47,15,901.89,43.55,22.15,UPI,Completed,22,4.4
2024-11-06,ORD00998,CUST1387,Office Chair,Office Supplies,South,Bengaluru,Consumer,4,404.54,15,1618.17,33.91,35.14,Cash on Delivery,Completed,21,4.6
2024-11-06,ORD01477,CUST2943,Sneakers,Fashion,South,Bengaluru,Consumer,2,183.47,10,366.93,40.61,3.88,Cash on Delivery,Completed,48,4.1
2024-11-06,ORD03503,CUST2403,Yoga Mat,Sports,Central,Bhopal,Consumer,5,293.5,0,1467.52,40.04,127.03,Debit Card,Completed,51,3.6
2024-11-06,ORD00994,CUST2237,Printer,Office Supplies,South,Hyderabad,Consumer,5,250.06,15,1250.3,18.73,87.15,PayPal,Completed,32,4.2
2024-11-06,ORD02193,CUST1260,Notebook,Office Supplies,South,Bengaluru,Consumer,1,253.35,0,253.35,7.66,33.05,Debit Card,Completed,36,3.7
2024-11-06,ORD00312,CUST1536,Shampoo,Beauty,Central,Indore,Consumer,2,71.78,5,143.55,20.99,8.91,PayPal,Completed,50,5.0
2024-11-06,ORD03582,CUST3250,T-Shirt,Fashion,North,Delhi,Consumer,4,95.48,10,381.91,36.25,26.07,Cash on Delivery,Completed,44,4.7
2024-11-06,ORD03296,CUST3416,Keyboard,Office Supplies,North,Chandigarh,Consumer,1,22.58,15,22.58,21.19,-22.25,PayPal,Completed,19,2.9
2024-11-07,ORD04587,CUST1868,Jacket,Fashion,West,Mumbai,Corporate,3,88.59,5,265.76,10.5,0.43,Debit Card,Completed,31,3.6
2024-11-07,ORD01409,CUST2166,Shampoo,Beauty,West,Mumbai,Consumer,2,154.17,15,308.33,37.34,-32.48,UPI,Completed,39,2.7
2024-11-07,ORD03584,CUST1258,Notebook,Office Supplies,Central,Indore,Small Business,4,286.36,15,1145.43,22.24,-53.52,Debit Card,Completed,51,5.0
2024-11-07,ORD02953,CUST1257,Smartphone,Electronics,South,Bengaluru,Small Business,3,517.59,15,1552.78,27.84,-79.59,Debit Card,Completed,45,4.9
2024-11-07,ORD03251,CUST1403,Smartwatch,Electronics,Central,Indore,Consumer,5,1191.26,5,5956.29,32.88,886.68,Credit Card,Completed,29,3.0
2024-11-07,ORD01006,CUST2766,Headphones,Electronics,West,Ahmedabad,Consumer,4,966.52,0,3866.08,43.98,527.88,Credit Card,Returned,55,3.6
2024-11-07,ORD00938,CUST1581,Shampoo,Beauty,North,Jaipur,Small Business,3,167.89,5,503.67,41.08,52.14,Credit Card,Completed,22,4.7
2024-11-07,ORD03300,CUST2345,Smartwatch,Electronics,South,Hyderabad,Small Business,3,574.8,10,1724.4,27.23,59.92,Credit Card,Returned,36,4.5
2024-11-08,ORD01651,CUST2930,Desk Lamp,Office Supplies,North,Jaipur,Consumer,3,338.56,10,1015.69,39.37,36.96,Credit Card,Completed,56,4.3
2024-11-08,ORD02915,CUST1551,Notebook,Office Supplies,Central,Bhopal,Consumer,3,215.85,15,647.56,20.82,-56.61,Credit Card,Returned,18,4.1
2024-11-08,ORD02654,CUST2627,Moisturizer,Beauty,South,Hyderabad,Consumer,4,21.62,10,86.46,19.06,-20.48,UPI,Completed,54,2.9
2024-11-08,ORD03506,CUST1026,Jeans,Fashion,West,Ahmedabad,Small Business,4,42.94,10,171.77,33.96,-34.38,UPI,Completed,41,4.2
2024-11-08,ORD03920,CUST2589,Tablet,Electronics,Central,Lucknow,Consumer,4,1244.79,10,4979.18,20.46,747.16,PayPal,Cancelled,18,5.0
2024-11-08,ORD04945,CUST2457,Keyboard,Office Supplies,East,Kolkata,Small Business,3,430.47,10,1291.42,21.29,88.41,Credit Card,Returned,51,5.0
2024-11-08,ORD04875,CUST2923,Backpack,Fashion,Central,Bhopal,Consumer,4,242.42,5,969.7,17.99,97.7,Credit Card,Completed,20,3.2
2024-11-08,ORD03517,CUST1873,Printer,Office Supplies,South,Hyderabad,Corporate,5,396.84,0,1984.19,33.05,310.76,Debit Card,Completed,56,3.0
2024-11-09,ORD02209,CUST3327,Desk Lamp,Office Supplies,Central,Bhopal,Corporate,1,12.83,15,12.83,26.4,-25.39,Credit Card,Completed,29,3.0
2024-11-09,ORD03057,CUST2858,Tablet,Electronics,West,Ahmedabad,Consumer,3,985.49,15,2956.46,23.28,306.86,Credit Card,Returned,61,4.4
2024-11-09,ORD01356,CUST2324,Air Fryer,Home & Kitchen,Central,Lucknow,Consumer,1,490.23,5,490.23,22.08,52.3,Credit Card,Completed,24,3.2
2024-11-09,ORD04038,CUST3046,Vacuum Cleaner,Home & Kitchen,Central,Bhopal,Consumer,1,337.11,10,337.11,24.95,26.51,Debit Card,Completed,23,2.5
2024-11-09,ORD01127,CUST2621,T-Shirt,Fashion,Central,Bhopal,Consumer,5,53.97,10,269.83,27.26,-20.85,UPI,Cancelled,20,3.5
2024-11-09,ORD03430,CUST2017,Jacket,Fashion,Central,Bhopal,Small Business,1,93.49,10,93.49,12.18,-8.82,Credit Card,Cancelled,43,3.4
2024-11-09,ORD04964,CUST2294,Face Serum,Beauty,North,Jaipur,Consumer,3,109.71,0,329.12,37.46,50.23,Debit Card,Returned,59,4.3
2024-11-09,ORD00091,CUST3256,Desk Lamp,Office Supplies,East,Bhubaneswar,Consumer,2,312.67,5,625.34,26.43,98.39,Cash on Delivery,Completed,28,4.5
2024-11-09,ORD03099,CUST2614,Jacket,Fashion,East,Bhubaneswar,Small Business,4,246.8,10,987.19,47.99,-32.72,Credit Card,Completed,28,3.5
2024-11-09,ORD03121,CUST1466,Sports Bottle,Sports,East,Bhubaneswar,Consumer,1,215.12,15,215.12,13.2,-9.84,UPI,Completed,22,2.8
2024-11-09,ORD01251,CUST1010,Running Shoes,Sports,North,Chandigarh,Corporate,3,321.07,20,963.22,44.8,7.44,UPI,Completed,53,4.0
2024-11-09,ORD03010,CUST2085,Shampoo,Beauty,East,Bhubaneswar,Consumer,3,205.44,0,616.33,48.57,86.24,UPI,Completed,59,3.2
2024-11-09,ORD04481,CUST1107,Running Shoes,Sports,North,Delhi,Consumer,3,127.68,15,383.03,10.94,-3.83,Cash on Delivery,Completed,45,3.1
2024-11-09,ORD00776,CUST1729,Jeans,Fashion,North,Delhi,Consumer,5,144.67,5,723.35,44.22,120.38,Debit Card,Completed,30,2.7
2024-11-09,ORD01153,CUST1018,Desk Lamp,Office Supplies,East,Bhubaneswar,Consumer,3,411.44,10,1234.31,15.15,58.91,UPI,Completed,23,3.3
2024-11-10,ORD02132,CUST1605,Blender,Home & Kitchen,Central,Bhopal,Consumer,2,61.05,20,122.09,20.83,-27.58,PayPal,Completed,32,4.4
2024-11-10,ORD02669,CUST1613,Backpack,Fashion,East,Bhubaneswar,Corporate,1,54.12,10,54.12,19.04,-16.92,Credit Card,Completed,53,3.8
2024-11-10,ORD02689,CUST2772,Backpack,Fashion,East,Guwahati,Small Business,1,85.28,15,85.28,25.38,-16.65,Credit Card,Completed,48,4.2
2024-11-10,ORD04392,CUST2150,Sneakers,Fashion,Central,Indore,Consumer,1,212.22,10,212.22,13.57,-1.7,Cash on Delivery,Completed,28,4.0
2024-11-10,ORD04310,CUST2971,Yoga Mat,Sports,West,Ahmedabad,Corporate,4,251.62,0,1006.48,39.12,215.69,Cash on Delivery,Completed,22,5.0
2024-11-10,ORD04394,CUST1826,Headphones,Electronics,South,Bengaluru,Consumer,4,319.41,0,1277.64,30.0,301.11,UPI,Completed,43,3.1
2024-11-10,ORD00327,CUST2936,Face Serum,Beauty,South,Hyderabad,Corporate,5,37.66,10,188.31,48.38,-36.09,UPI,Completed,21,4.6
2024-11-10,ORD03393,CUST2895,Sneakers,Fashion,South,Bengaluru,Consumer,5,233.88,10,1169.42,38.88,-34.89,Debit Card,Completed,50,4.3
2024-11-11,ORD02880,CUST2065,Jeans,Fashion,South,Bengaluru,Corporate,5,77.13,20,385.67,36.18,-63.39,Cash on Delivery,Cancelled,55,3.2
2024-11-11,ORD03666,CUST2894,Smartwatch,Electronics,North,Delhi,Corporate,2,164.18,0,328.37,23.03,9.37,Credit Card,Completed,64,4.0
2024-11-11,ORD04451,CUST3396,Headphones,Electronics,Central,Bhopal,Corporate,5,476.78,10,2383.88,34.93,-48.5,UPI,Completed,50,3.0
2024-11-11,ORD00473,CUST2856,Fitness Band,Sports,Central,Bhopal,Small Business,5,63.46,15,317.31,37.55,-16.57,Debit Card,Completed,45,4.2
2024-11-11,ORD00195,CUST3077,Laptop,Electronics,West,Pune,Consumer,2,1227.92,5,2455.84,31.4,338.52,Credit Card,Completed,59,4.5
2024-11-11,ORD01187,CUST1067,Sneakers,Fashion,South,Chennai,Consumer,1,20.33,0,20.33,16.66,-11.36,Credit Card,Returned,32,3.2
2024-11-11,ORD03955,CUST1818,Laptop,Electronics,West,Mumbai,Consumer,3,947.14,10,2841.42,21.83,-37.4,Cash on Delivery,Completed,49,4.6
2024-11-11,ORD04846,CUST2789,Sports Bottle,Sports,East,Bhubaneswar,Consumer,3,333.5,5,1000.49,35.76,65.86,UPI,Completed,59,4.6
2024-11-11,ORD01863,CUST2446,Running Shoes,Sports,North,Jaipur,Small Business,4,141.31,5,565.24,29.13,65.8,Credit Card,Completed,61,3.2
2024-11-12,ORD01368,CUST1251,Smartwatch,Electronics,Central,Lucknow,Consumer,1,407.13,15,407.13,29.52,9.44,PayPal,Completed,62,3.7
2024-11-12,ORD04940,CUST3117,T-Shirt,Fashion,South,Bengaluru,Corporate,5,99.93,10,499.66,48.89,-42.61,Debit Card,Returned,19,4.7
2024-11-12,ORD01533,CUST2253,Backpack,Fashion,North,Jaipur,Consumer,3,247.67,10,743.02,28.98,92.77,UPI,Completed,45,3.8
2024-11-12,ORD01007,CUST2319,Sneakers,Fashion,Central,Indore,Corporate,4,72.63,10,290.51,18.66,-0.99,Credit Card,Completed,57,4.3
2024-11-12,ORD03280,CUST2095,Tablet,Electronics,West,Mumbai,Consumer,1,1229.69,10,1229.69,9.19,190.37,PayPal,Completed,60,4.6
2024-11-12,ORD00821,CUST1605,Shampoo,Beauty,South,Hyderabad,Consumer,4,33.57,10,134.28,27.43,-10.76,Credit Card,Completed,57,3.0
2024-11-12,ORD01613,CUST3467,Air Fryer,Home & Kitchen,West,Ahmedabad,Corporate,1,340.97,5,340.97,9.69,42.77,Cash on Delivery,Completed,46,5.0
2024-11-12,ORD03719,CUST3497,Face Serum,Beauty,East,Guwahati,Corporate,3,54.97,10,164.91,36.17,-26.68,Credit Card,Completed,21,4.6
2024-11-12,ORD03314,CUST3227,Fitness Band,Sports,East,Bhubaneswar,Consumer,2,316.09,0,632.19,37.09,119.57,Debit Card,Completed,53,3.9
2024-11-13,ORD04345,CUST3089,Tablet,Electronics,West,Ahmedabad,Corporate,4,515.36,5,2061.46,36.08,238.5,Debit Card,Completed,35,3.7
2024-11-13,ORD01243,CUST3385,Printer,Office Supplies,South,Hyderabad,Consumer,1,286.24,10,286.24,5.22,-1.97,Debit Card,Returned,28,3.5
2024-11-13,ORD04876,CUST3183,Face Serum,Beauty,West,Mumbai,Consumer,3,201.58,10,604.75,16.57,59.46,PayPal,Completed,44,3.1
2024-11-13,ORD02881,CUST2860,Notebook,Office Supplies,East,Bhubaneswar,Consumer,1,102.32,15,102.32,12.17,-10.57,Credit Card,Completed,60,5.0
2024-11-13,ORD02817,CUST2383,Running Shoes,Sports,South,Bengaluru,Small Business,5,268.23,0,1341.17,40.52,108.01,Debit Card,Cancelled,62,5.0
2024-11-13,ORD03774,CUST2595,Tablet,Electronics,South,Chennai,Consumer,5,461.05,5,2305.25,57.07,218.84,Debit Card,Completed,28,4.8
2024-11-13,ORD01672,CUST2214,Headphones,Electronics,West,Pune,Consumer,1,981.19,5,981.19,20.43,204.41,Credit Card,Completed,60,3.2
2024-11-13,ORD01119,CUST2133,Backpack,Fashion,North,Delhi,Corporate,3,93.21,20,279.62,38.8,-54.07,Cash on Delivery,Returned,26,2.7
2024-11-14,ORD03563,CUST1620,Moisturizer,Beauty,West,Ahmedabad,Corporate,3,45.54,0,136.61,31.47,-11.75,UPI,Completed,37,3.2
2024-11-14,ORD03918,CUST1631,Dumbbells,Sports,East,Guwahati,Small Business,1,91.48,0,91.48,20.33,-5.9,Credit Card,Returned,40,3.2
2024-11-14,ORD04735,CUST1555,Printer,Office Supplies,South,Hyderabad,Consumer,3,446.31,5,1338.94,14.38,76.82,Credit Card,Completed,41,4.4
2024-11-14,ORD03175,CUST2069,Laptop,Electronics,East,Bhubaneswar,Small Business,1,814.43,15,814.43,26.72,33.9,Cash on Delivery,Completed,60,4.5
2024-11-14,ORD00680,CUST3419,Shampoo,Beauty,South,Bengaluru,Corporate,2,65.75,5,131.5,38.55,-17.05,Credit Card,Completed,18,5.0
2024-11-14,ORD03279,CUST2692,Running Shoes,Sports,East,Bhubaneswar,Consumer,4,213.16,5,852.63,27.06,69.59,Credit Card,Completed,26,4.3
2024-11-14,ORD01798,CUST2868,Jacket,Fashion,Central,Indore,Consumer,2,80.78,10,161.57,19.86,-8.56,Debit Card,Completed,39,4.8
2024-11-14,ORD03760,CUST1722,Vacuum Cleaner,Home & Kitchen,East,Kolkata,Consumer,2,228.44,5,456.89,27.58,7.87,Debit Card,Cancelled,57,4.4
2024-11-14,ORD01652,CUST3104,Desk Lamp,Office Supplies,South,Bengaluru,Consumer,3,60.78,0,182.33,21.0,0.82,Cash on Delivery,Returned,41,4.8
2024-11-14,ORD00866,CUST2395,Shampoo,Beauty,West,Ahmedabad,Consumer,1,193.08,10,193.08,16.4,5.91,Debit Card,Completed,30,4.5
2024-11-15,ORD04168,CUST2118,Coffee Maker,Home & Kitchen,Central,Indore,Consumer,2,344.29,10,688.57,21.87,9.49,Credit Card,Completed,39,3.6
2024-11-15,ORD01113,CUST3407,Headphones,Electronics,South,Bengaluru,Small Business,3,1360.02,10,4080.06,16.38,-16.49,UPI,Completed,51,5.0
2024-11-15,ORD01416,CUST2577,Blender,Home & Kitchen,Central,Indore,Consumer,1,321.96,5,321.96,24.41,43.77,UPI,Completed,45,3.7
2024-11-15,ORD00620,CUST1711,Laptop,Electronics,Central,Lucknow,Consumer,3,1255.73,15,3767.2,31.97,316.96,UPI,Completed,27,4.2
2024-11-15,ORD04893,CUST2478,Shampoo,Beauty,Central,Bhopal,Consumer,1,198.71,0,198.71,26.29,20.62,Credit Card,Completed,32,4.1
2024-11-15,ORD01905,CUST3070,Dumbbells,Sports,Central,Bhopal,Consumer,3,282.96,10,848.87,23.17,-9.51,Cash on Delivery,Cancelled,27,3.6
2024-11-15,ORD03212,CUST1837,Dumbbells,Sports,East,Kolkata,Corporate,1,234.98,5,234.98,13.55,28.78,Cash on Delivery,Completed,38,2.3
2024-11-15,ORD04020,CUST1834,Shampoo,Beauty,West,Pune,Consumer,4,214.02,10,856.09,19.42,63.36,UPI,Cancelled,63,4.7
2024-11-15,ORD03695,CUST1918,Perfume,Beauty,South,Chennai,Corporate,1,159.67,15,159.67,15.98,-17.69,UPI,Returned,29,4.4
2024-11-16,ORD03615,CUST3023,Face Serum,Beauty,West,Mumbai,Small Business,3,121.36,15,364.08,36.63,2.88,Credit Card,Completed,45,4.6
2024-11-16,ORD02134,CUST3415,Smartphone,Electronics,North,Jaipur,Small Business,5,1044.93,15,5224.64,54.1,604.58,PayPal,Completed,44,2.8
2024-11-16,ORD00894,CUST3270,Dumbbells,Sports,Central,Indore,Corporate,3,225.87,0,677.6,18.16,55.25,UPI,Completed,63,4.7
2024-11-16,ORD04500,CUST1794,Laptop,Electronics,West,Pune,Consumer,5,429.9,0,2149.52,33.16,336.51,UPI,Completed,50,2.7
2024-11-16,ORD02727,CUST1085,Coffee Maker,Home & Kitchen,Central,Lucknow,Consumer,4,155.66,15,622.63,40.66,-4.71,Cash on Delivery,Completed,44,3.9
2024-11-16,ORD03242,CUST1315,Keyboard,Office Supplies,East,Kolkata,Consumer,3,173.1,5,519.29,18.85,62.16,UPI,Completed,64,5.0
2024-11-16,ORD04031,CUST3418,Keyboard,Office Supplies,North,Chandigarh,Consumer,3,90.76,0,272.28,17.74,27.09,UPI,Returned,55,5.0
2024-11-16,ORD03196,CUST2760,Jeans,Fashion,South,Bengaluru,Consumer,3,74.68,5,224.05,17.54,-1.58,UPI,Completed,36,3.6
2024-11-17,ORD01513,CUST2786,Coffee Maker,Home & Kitchen,South,Bengaluru,Consumer,4,352.85,0,1411.4,23.9,281.9,PayPal,Completed,45,4.0
2024-11-17,ORD02471,CUST1206,Sneakers,Fashion,West,Ahmedabad,Small Business,2,159.62,15,319.24,36.65,-58.12,UPI,Completed,39,5.0
2024-11-17,ORD03518,CUST3407,Moisturizer,Beauty,North,Chandigarh,Consumer,1,83.29,0,83.29,36.75,-22.29,Debit Card,Returned,20,3.5
2024-11-17,ORD04366,CUST2399,Sports Bottle,Sports,Central,Bhopal,Consumer,3,258.89,15,776.66,20.42,-44.36,Debit Card,Completed,64,3.7
2024-11-17,ORD03228,CUST2909,Moisturizer,Beauty,North,Jaipur,Consumer,4,129.65,0,518.62,14.28,61.48,Cash on Delivery,Completed,54,4.7
2024-11-17,ORD02088,CUST2054,Coffee Maker,Home & Kitchen,West,Pune,Consumer,1,303.19,15,303.19,34.37,-18.78,Debit Card,Completed,48,4.7
2024-11-17,ORD02483,CUST1668,Running Shoes,Sports,Central,Bhopal,Small Business,1,300.7,10,300.7,22.62,-0.88,Debit Card,Completed,33,4.0
2024-11-18,ORD01825,CUST1694,Dumbbells,Sports,West,Pune,Consumer,4,76.71,15,306.84,27.61,-40.48,Debit Card,Completed,35,2.9
2024-11-18,ORD03717,CUST3304,Air Fryer,Home & Kitchen,East,Kolkata,Corporate,5,352.44,10,1762.19,18.37,211.29,Credit Card,Completed,28,4.0
2024-11-18,ORD02992,CUST3227,Running Shoes,Sports,West,Ahmedabad,Consumer,5,311.74,10,1558.69,32.05,212.03,UPI,Completed,62,2.9
2024-11-18,ORD02762,CUST1593,T-Shirt,Fashion,West,Ahmedabad,Small Business,3,47.91,20,143.74,19.64,-32.51,UPI,Completed,48,3.4
2024-11-18,ORD00012,CUST2895,Blender,Home & Kitchen,West,Pune,Consumer,5,236.96,5,1184.82,41.57,34.13,UPI,Cancelled,19,4.2
2024-11-18,ORD04528,CUST3362,Cookware Set,Home & Kitchen,North,Delhi,Consumer,5,197.09,5,985.46,55.18,-23.29,PayPal,Completed,62,3.3
2024-11-18,ORD04817,CUST2298,Desk Lamp,Office Supplies,West,Mumbai,Corporate,1,251.14,5,251.14,27.25,8.97,PayPal,Completed,26,3.5
2024-11-18,ORD02632,CUST1344,Running Shoes,Sports,South,Chennai,Consumer,1,182.45,0,182.45,6.78,12.98,UPI,Completed,45,4.3
2024-11-18,ORD03697,CUST2542,Smartphone,Electronics,South,Hyderabad,Corporate,3,768.39,5,2305.18,38.8,135.88,UPI,Completed,57,5.0
2024-11-18,ORD04496,CUST2684,Backpack,Fashion,South,Chennai,Consumer,1,179.58,15,179.58,21.55,-18.49,PayPal,Completed,28,3.3
2024-11-19,ORD00112,CUST1989,Sports Bottle,Sports,West,Mumbai,Consumer,1,231.83,5,231.83,8.32,30.47,Debit Card,Completed,45,3.9
2024-11-19,ORD03436,CUST2997,Yoga Mat,Sports,West,Pune,Small Business,5,155.32,5,776.58,27.82,99.92,Cash on Delivery,Returned,24,4.6
2024-11-19,ORD02445,CUST1498,Cookware Set,Home & Kitchen,South,Bengaluru,Corporate,3,325.44,10,976.33,36.07,-33.04,Debit Card,Returned,31,4.0
2024-11-19,ORD04993,CUST2400,T-Shirt,Fashion,West,Ahmedabad,Consumer,1,115.2,15,115.2,8.69,-6.44,PayPal,Completed,28,3.7
2024-11-19,ORD04187,CUST2953,Perfume,Beauty,South,Hyderabad,Consumer,1,26.44,15,26.44,15.7,-14.23,PayPal,Completed,30,3.6
2024-11-19,ORD01157,CUST2305,Sneakers,Fashion,North,Chandigarh,Consumer,2,65.18,15,130.37,29.99,-28.35,Credit Card,Completed,22,3.5
2024-11-19,ORD04972,CUST1956,Laptop,Electronics,East,Bhubaneswar,Small Business,4,428.47,10,1713.86,22.0,-28.27,Credit Card,Completed,25,3.5
2024-11-19,ORD01636,CUST1617,Coffee Maker,Home & Kitchen,Central,Indore,Consumer,1,120.24,5,120.24,9.75,2.08,UPI,Completed,47,3.9
2024-11-19,ORD02730,CUST1707,Notebook,Office Supplies,West,Ahmedabad,Consumer,4,115.85,15,463.41,30.9,-42.71,UPI,Completed,54,1.9
2024-11-19,ORD00108,CUST2058,Keyboard,Office Supplies,Central,Bhopal,Consumer,4,375.8,10,1503.22,12.18,231.23,Cash on Delivery,Completed,40,3.0
2024-11-19,ORD01365,CUST2926,T-Shirt,Fashion,South,Hyderabad,Consumer,1,46.98,10,46.98,12.86,-11.23,UPI,Completed,62,4.2
2024-11-19,ORD02984,CUST3056,Notebook,Office Supplies,South,Hyderabad,Consumer,5,58.91,0,294.56,47.64,22.96,Cash on Delivery,Returned,22,4.2
2024-11-19,ORD04364,CUST2068,Air Fryer,Home & Kitchen,South,Bengaluru,Consumer,5,207.16,5,1035.79,31.31,16.62,UPI,Completed,22,4.7
2024-11-20,ORD03686,CUST1004,Moisturizer,Beauty,North,Delhi,Consumer,3,110.31,5,330.93,22.2,19.39,Debit Card,Completed,23,4.3
2024-11-20,ORD03327,CUST2691,Jeans,Fashion,Central,Lucknow,Consumer,5,56.57,10,282.85,33.44,-23.54,UPI,Completed,32,3.3
2024-11-20,ORD03141,CUST1983,Blender,Home & Kitchen,South,Hyderabad,Small Business,4,335.23,10,1340.92,41.52,-40.36,Debit Card,Completed,21,3.0
2024-11-20,ORD00420,CUST1578,Cookware Set,Home & Kitchen,South,Bengaluru,Consumer,4,95.56,5,382.23,30.98,27.69,UPI,Completed,34,3.4
2024-11-20,ORD03474,CUST1002,Running Shoes,Sports,East,Bhubaneswar,Corporate,3,46.44,5,139.33,27.11,-3.02,UPI,Completed,28,1.8
2024-11-20,ORD01815,CUST1780,Lipstick,Beauty,East,Guwahati,Corporate,3,201.41,15,604.23,21.59,5.92,Debit Card,Completed,49,4.3
2024-11-20,ORD00349,CUST1441,Laptop,Electronics,West,Pune,Consumer,5,1125.66,0,5628.28,18.51,933.39,Credit Card,Completed,34,3.5
2024-11-20,ORD00290,CUST1213,Backpack,Fashion,North,Delhi,Corporate,1,80.42,0,80.42,25.36,-6.24,PayPal,Completed,21,4.1
2024-11-20,ORD02644,CUST2028,Jacket,Fashion,Central,Bhopal,Corporate,5,76.24,0,381.22,35.41,60.81,PayPal,Completed,59,5.0
2024-11-20,ORD04161,CUST1240,Coffee Maker,Home & Kitchen,Central,Lucknow,Corporate,3,266.57,10,799.72,41.0,86.67,Credit Card,Returned,40,4.0
2024-11-20,ORD04617,CUST2104,Jeans,Fashion,East,Guwahati,Consumer,5,137.33,20,686.65,12.23,-77.57,UPI,Completed,29,3.8
2024-11-20,ORD02584,CUST3391,Sneakers,Fashion,North,Chandigarh,Small Business,5,204.94,15,1024.68,42.23,-43.14,Debit Card,Completed,29,2.7
2024-11-20,ORD02266,CUST3247,T-Shirt,Fashion,South,Bengaluru,Corporate,1,68.4,15,68.4,12.62,-4.29,Credit Card,Completed,45,5.0
2024-11-20,ORD01288,CUST1380,Sneakers,Fashion,West,Mumbai,Corporate,3,100.99,10,302.98,35.4,1.36,UPI,Completed,58,3.7
2024-11-20,ORD01232,CUST1279,Yoga Mat,Sports,North,Chandigarh,Consumer,1,336.55,5,336.55,37.22,31.12,UPI,Completed,22,4.9
2024-11-21,ORD02048,CUST3333,Fitness Band,Sports,North,Chandigarh,Corporate,1,348.64,5,348.64,8.81,51.36,UPI,Cancelled,18,4.8
2024-11-21,ORD04804,CUST3050,Desk Lamp,Office Supplies,North,Jaipur,Consumer,3,63.62,5,190.85,30.58,-10.89,Credit Card,Completed,54,3.8
2024-11-21,ORD01404,CUST2590,Air Fryer,Home & Kitchen,East,Kolkata,Consumer,5,174.75,10,873.77,49.45,97.76,UPI,Completed,25,4.2
2024-11-21,ORD02524,CUST1166,Vacuum Cleaner,Home & Kitchen,North,Delhi,Consumer,5,389.38,5,1946.92,17.84,78.62,Debit Card,Completed,27,4.1
2024-11-21,ORD04495,CUST3185,Jacket,Fashion,West,Ahmedabad,Small Business,4,194.81,20,779.25,40.88,-54.33,Cash on Delivery,Completed,30,3.2
2024-11-21,ORD01581,CUST2787,Laptop,Electronics,North,Jaipur,Consumer,5,185.23,10,926.13,50.22,30.69,Cash on Delivery,Returned,22,3.1
2024-11-21,ORD00199,CUST2534,Desk Lamp,Office Supplies,South,Bengaluru,Consumer,3,247.73,15,743.2,43.43,-18.99,UPI,Cancelled,44,3.7
2024-11-22,ORD01311,CUST3290,Notebook,Office Supplies,North,Chandigarh,Consumer,2,373.39,10,746.77,16.72,43.65,Debit Card,Completed,30,3.7
2024-11-22,ORD01980,CUST1857,T-Shirt,Fashion,North,Delhi,Corporate,4,182.98,10,731.93,48.73,51.07,PayPal,Returned,18,2.9
2024-11-22,ORD00554,CUST1969,Printer,Office Supplies,Central,Lucknow,Consumer,4,293.95,10,1175.78,36.22,46.56,UPI,Completed,33,2.8
2024-11-22,ORD03259,CUST1241,Yoga Mat,Sports,North,Delhi,Consumer,3,341.01,5,1023.03,28.78,93.0,Debit Card,Completed,46,3.1
2024-11-22,ORD04557,CUST2919,Coffee Maker,Home & Kitchen,Central,Bhopal,Consumer,3,234.39,10,703.17,35.18,-3.0,Cash on Delivery,Completed,46,2.6
2024-11-22,ORD01010,CUST2628,Face Serum,Beauty,East,Guwahati,Small Business,3,71.16,20,213.49,18.55,-30.11,UPI,Completed,23,3.3
2024-11-22,ORD01801,CUST3159,Smartwatch,Electronics,East,Bhubaneswar,Consumer,4,840.12,15,3360.47,11.44,30.89,Credit Card,Completed,49,2.7
2024-11-22,ORD02232,CUST2163,Office Chair,Office Supplies,East,Bhubaneswar,Consumer,5,46.76,10,233.8,26.9,-16.02,Cash on Delivery,Completed,24,3.7
2024-11-22,ORD02536,CUST3127,Face Serum,Beauty,South,Chennai,Corporate,1,219.93,15,219.93,28.86,-23.5,UPI,Completed,26,3.4
2024-11-22,ORD04571,CUST1871,Moisturizer,Beauty,North,Jaipur,Consumer,1,163.34,10,163.34,11.6,-3.9,Debit Card,Cancelled,39,4.5
2024-11-22,ORD04000,CUST1099,Jeans,Fashion,Central,Indore,Consumer,5,244.03,10,1220.14,37.36,102.71,Debit Card,Completed,62,4.3
2024-11-22,ORD01447,CUST1036,Blender,Home & Kitchen,North,Jaipur,Consumer,4,199.87,10,799.47,24.07,90.84,PayPal,Completed,55,3.1
2024-11-22,ORD04237,CUST1938,Lipstick,Beauty,East,Kolkata,Small Business,1,54.89,10,54.89,18.08,-9.1,Credit Card,Completed,29,3.4
2024-11-23,ORD01126,CUST2324,Coffee Maker,Home & Kitchen,South,Bengaluru,Consumer,3,307.69,15,923.06,17.47,81.33,Debit Card,Completed,63,3.8
2024-11-23,ORD04959,CUST1440,Smartwatch,Electronics,South,Hyderabad,Small Business,4,460.72,5,1842.9,22.47,268.09,Debit Card,Completed,28,5.0
2024-11-23,ORD02739,CUST3215,Face Serum,Beauty,West,Pune,Small Business,1,58.06,15,58.06,24.52,-18.46,UPI,Completed,60,3.7
2024-11-23,ORD01093,CUST2804,Air Fryer,Home & Kitchen,Central,Lucknow,Small Business,3,439.95,0,1319.84,42.76,126.48,Cash on Delivery,Completed,32,4.3
2024-11-23,ORD00174,CUST2799,Vacuum Cleaner,Home & Kitchen,West,Ahmedabad,Consumer,2,328.57,0,657.14,27.92,29.91,Cash on Delivery,Completed,45,4.4
2024-11-23,ORD00494,CUST1669,Yoga Mat,Sports,Central,Lucknow,Consumer,2,215.12,10,430.24,34.3,42.41,UPI,Completed,30,4.4
2024-11-23,ORD04452,CUST2111,Printer,Office Supplies,South,Bengaluru,Corporate,4,188.62,10,754.47,30.03,-2.06,PayPal,Completed,20,5.0
2024-11-23,ORD01701,CUST1861,Jacket,Fashion,East,Bhubaneswar,Small Business,1,220.7,0,220.7,26.88,13.22,Cash on Delivery,Completed,34,4.4
2024-11-23,ORD02860,CUST2921,Smartphone,Electronics,West,Pune,Consumer,5,922.99,0,4614.96,38.14,870.55,Debit Card,Completed,51,3.5
2024-11-24,ORD03053,CUST2679,Lipstick,Beauty,East,Guwahati,Corporate,1,124.4,15,124.4,31.11,-33.69,PayPal,Returned,25,4.6
2024-11-24,ORD01528,CUST2975,Running Shoes,Sports,West,Pune,Consumer,5,215.0,20,1075.0,11.24,10.56,Credit Card,Completed,20,2.4
2024-11-24,ORD00087,CUST1962,Desk Lamp,Office Supplies,North,Delhi,Consumer,3,46.35,10,139.06,44.15,-40.6,Debit Card,Completed,42,3.5
2024-11-24,ORD04343,CUST2863,Smartphone,Electronics,East,Bhubaneswar,Consumer,4,708.01,0,2832.05,11.65,537.42,Debit Card,Completed,27,4.4
2024-11-24,ORD02159,CUST2493,Face Serum,Beauty,South,Bengaluru,Corporate,2,69.67,10,139.34,30.6,-31.12,Credit Card,Returned,60,4.4
2024-11-24,ORD03486,CUST2838,Coffee Maker,Home & Kitchen,South,Chennai,Consumer,3,394.1,15,1182.3,15.09,-35.83,Debit Card,Completed,28,3.4
2024-11-24,ORD00820,CUST2308,Sports Bottle,Sports,West,Ahmedabad,Consumer,1,335.75,5,335.75,24.22,17.73,Credit Card,Returned,62,4.4
2024-11-24,ORD00684,CUST1930,Headphones,Electronics,East,Guwahati,Consumer,3,523.29,15,1569.88,23.42,164.21,UPI,Completed,27,4.0
2024-11-24,ORD00996,CUST2911,Office Chair,Office Supplies,East,Guwahati,Consumer,4,119.97,15,479.9,36.58,5.56,Credit Card,Completed,54,3.3
2024-11-25,ORD01342,CUST3474,Jeans,Fashion,South,Bengaluru,Small Business,4,231.23,0,924.94,43.07,158.33,UPI,Completed,20,5.0
2024-11-25,ORD03396,CUST3200,Printer,Office Supplies,North,Jaipur,Consumer,1,440.29,5,440.29,33.54,2.81,UPI,Completed,34,3.2
2024-11-25,ORD02937,CUST2904,Cookware Set,Home & Kitchen,East,Bhubaneswar,Small Business,2,183.27,5,366.53,21.4,43.65,UPI,Completed,56,3.6
2024-11-25,ORD04701,CUST1617,T-Shirt,Fashion,Central,Indore,Small Business,4,188.54,0,754.16,16.86,150.14,Credit Card,Completed,31,4.3
2024-11-25,ORD01635,CUST1148,Fitness Band,Sports,North,Delhi,Small Business,2,116.6,20,233.21,34.57,-19.33,UPI,Completed,53,4.0
2024-11-25,ORD02673,CUST2179,Dumbbells,Sports,North,Jaipur,Consumer,1,300.27,5,300.27,5.04,5.81,Cash on Delivery,Cancelled,31,5.0
2024-11-25,ORD03201,CUST2355,Blender,Home & Kitchen,North,Jaipur,Consumer,1,111.13,10,111.13,11.87,-3.52,PayPal,Completed,61,4.2
2024-11-25,ORD02494,CUST3056,Lipstick,Beauty,East,Bhubaneswar,Consumer,4,194.24,0,776.96,20.96,183.47,Credit Card,Completed,25,5.0
2024-11-25,ORD02545,CUST2142,Sneakers,Fashion,East,Kolkata,Consumer,4,171.0,10,683.99,30.14,-34.15,Credit Card,Returned,38,3.8
2024-11-26,ORD02122,CUST1778,Yoga Mat,Sports,South,Hyderabad,Consumer,3,227.83,10,683.5,33.13,32.96,Debit Card,Completed,25,3.2
2024-11-26,ORD03322,CUST3178,Yoga Mat,Sports,Central,Bhopal,Consumer,2,161.99,10,323.98,27.89,16.57,Credit Card,Returned,33,2.8
2024-11-26,ORD01754,CUST2775,Coffee Maker,Home & Kitchen,East,Bhubaneswar,Corporate,1,135.25,10,135.25,20.89,-6.48,Debit Card,Completed,53,4.0
2024-11-26,ORD01674,CUST1889,Backpack,Fashion,Central,Indore,Corporate,1,107.46,20,107.46,32.5,-25.58,UPI,Completed,45,5.0
2024-11-26,ORD04659,CUST1953,Desk Lamp,Office Supplies,North,Chandigarh,Consumer,1,253.42,15,253.42,20.9,-33.51,Credit Card,Completed,32,3.5
2024-11-26,ORD02580,CUST3173,Notebook,Office Supplies,West,Mumbai,Small Business,5,67.05,10,335.25,36.73,-28.88,Debit Card,Cancelled,26,4.5
2024-11-26,ORD01551,CUST1192,Dumbbells,Sports,South,Bengaluru,Small Business,3,324.76,20,974.27,16.15,-28.88,Debit Card,Completed,22,3.6
2024-11-26,ORD02653,CUST1391,Face Serum,Beauty,East,Kolkata,Consumer,3,83.25,5,249.75,20.99,26.62,Cash on Delivery,Completed,40,4.8
2024-11-26,ORD01134,CUST2652,Dumbbells,Sports,South,Bengaluru,Consumer,3,313.75,10,941.24,35.1,115.81,UPI,Completed,19,5.0
2024-11-26,ORD01644,CUST1943,Headphones,Electronics,West,Mumbai,Consumer,2,541.2,5,1082.39,36.41,147.27,UPI,Cancelled,26,4.3
2024-11-27,ORD02816,CUST2071,Running Shoes,Sports,West,Ahmedabad,Consumer,3,141.38,10,424.15,42.15,-44.84,UPI,Completed,24,3.3
2024-11-27,ORD02027,CUST1958,Jacket,Fashion,South,Hyderabad,Small Business,3,51.73,5,155.18,18.13,-0.13,Credit Card,Completed,50,5.0
2024-11-27,ORD02488,CUST2194,Keyboard,Office Supplies,North,Chandigarh,Corporate,3,332.22,15,996.66,28.36,66.44,Debit Card,Completed,32,3.9
2024-11-27,ORD00197,CUST2173,Sneakers,Fashion,West,Pune,Corporate,2,152.68,0,305.37,26.96,53.49,Debit Card,Completed,33,4.7
2024-11-27,ORD02039,CUST3091,Jacket,Fashion,South,Hyderabad,Small Business,5,75.55,15,377.75,14.81,11.79,PayPal,Completed,27,3.5
2024-11-27,ORD01032,CUST1114,Keyboard,Office Supplies,East,Kolkata,Consumer,5,257.54,0,1287.68,21.17,248.85,Cash on Delivery,Completed,21,4.1
2024-11-27,ORD01317,CUST1712,Sneakers,Fashion,South,Chennai,Small Business,2,28.24,5,56.48,38.79,-31.08,Debit Card,Completed,45,4.7
2024-11-27,ORD03078,CUST1166,Jacket,Fashion,East,Guwahati,Consumer,4,219.75,0,879.01,36.24,68.56,UPI,Completed,40,4.1
2024-11-28,ORD02149,CUST2683,Yoga Mat,Sports,Central,Bhopal,Consumer,4,338.17,5,1352.67,27.21,97.18,Credit Card,Completed,53,4.9
2024-11-28,ORD02310,CUST1744,Tablet,Electronics,East,Guwahati,Consumer,4,476.07,5,1904.3,25.74,92.94,UPI,Completed,58,3.9
2024-11-28,ORD01472,CUST2789,Yoga Mat,Sports,North,Jaipur,Small Business,1,260.65,5,260.65,13.55,3.98,UPI,Completed,28,5.0
2024-11-28,ORD01237,CUST3419,Dumbbells,Sports,South,Hyderabad,Small Business,1,197.72,0,197.72,34.36,15.82,UPI,Completed,28,4.1
2024-11-28,ORD03914,CUST1367,Cookware Set,Home & Kitchen,East,Bhubaneswar,Consumer,4,274.9,20,1099.61,46.65,-152.05,Credit Card,Completed,47,4.1
2024-11-28,ORD00509,CUST1561,Smartwatch,Electronics,West,Ahmedabad,Small Business,3,938.71,0,2816.13,26.57,733.14,Debit Card,Cancelled,64,4.9
2024-11-28,ORD02328,CUST2973,Jacket,Fashion,West,Pune,Consumer,4,44.23,20,176.93,34.43,-31.96,PayPal,Returned,42,5.0
2024-11-28,ORD00711,CUST1480,Sports Bottle,Sports,West,Pune,Corporate,3,320.64,5,961.92,35.09,102.8,Credit Card,Completed,41,3.9
2024-11-29,ORD00107,CUST3269,Air Fryer,Home & Kitchen,South,Bengaluru,Consumer,4,363.7,10,1454.78,26.21,31.17,Cash on Delivery,Returned,58,3.0
2024-11-29,ORD04991,CUST3306,Laptop,Electronics,North,Delhi,Consumer,3,785.47,15,2356.4,42.31,-32.38,PayPal,Cancelled,29,3.1
2024-11-29,ORD00663,CUST1564,Lipstick,Beauty,North,Chandigarh,Consumer,4,215.42,0,861.69,17.72,118.25,Debit Card,Returned,19,3.3
2024-11-29,ORD00232,CUST3126,Laptop,Electronics,South,Hyderabad,Consumer,1,170.96,0,170.96,20.34,-1.84,Credit Card,Cancelled,40,3.0
2024-11-29,ORD01128,CUST2252,Tablet,Electronics,South,Hyderabad,Corporate,5,415.19,5,2075.97,24.67,281.62,UPI,Completed,50,3.6
2024-11-29,ORD02827,CUST2020,Keyboard,Office Supplies,South,Chennai,Consumer,1,98.36,5,98.36,14.07,5.77,Cash on Delivery,Completed,40,4.8
2024-11-29,ORD00904,CUST2827,Perfume,Beauty,South,Hyderabad,Corporate,2,35.63,0,71.26,37.0,-22.92,UPI,Completed,40,4.5
2024-11-29,ORD04752,CUST3269,Tablet,Electronics,West,Ahmedabad,Small Business,3,775.83,15,2327.5,43.62,166.63,UPI,Cancelled,62,4.1
2024-11-29,ORD04920,CUST1409,Keyboard,Office Supplies,North,Delhi,Corporate,1,173.18,15,173.18,33.67,-39.52,Credit Card,Completed,34,4.5
2024-11-29,ORD04328,CUST2022,Cookware Set,Home & Kitchen,North,Chandigarh,Small Business,2,373.74,10,747.47,14.46,18.28,PayPal,Completed,19,3.0
2024-11-29,ORD00286,CUST2460,Cookware Set,Home & Kitchen,South,Hyderabad,Corporate,1,444.52,10,444.52,31.0,-25.7,Cash on Delivery,Completed,38,4.5
2024-11-29,ORD04177,CUST2040,Coffee Maker,Home & Kitchen,South,Hyderabad,Consumer,3,275.67,10,827.0,28.22,115.88,Credit Card,Completed,46,3.2
2024-11-29,ORD02932,CUST2448,Coffee Maker,Home & Kitchen,South,Bengaluru,Consumer,5,171.31,15,856.55,26.95,20.71,PayPal,Completed,47,4.8
2024-11-30,ORD00689,CUST3065,Air Fryer,Home & Kitchen,North,Chandigarh,Corporate,2,127.61,10,255.21,31.44,6.6,Credit Card,Completed,18,4.4
2024-11-30,ORD04807,CUST1798,Backpack,Fashion,North,Chandigarh,Consumer,5,247.92,10,1239.6,38.88,144.89,Debit Card,Returned,46,4.6
2024-11-30,ORD04950,CUST2730,Cookware Set,Home & Kitchen,South,Hyderabad,Consumer,5,101.83,5,509.14,26.53,83.81,UPI,Cancelled,39,5.0
2024-11-30,ORD04078,CUST1030,Tablet,Electronics,East,Guwahati,Corporate,2,584.7,15,1169.39,22.02,12.81,Credit Card,Completed,39,3.9
2024-11-30,ORD00602,CUST1595,Vacuum Cleaner,Home & Kitchen,West,Mumbai,Consumer,5,126.95,0,634.74,39.8,102.52,Debit Card,Cancelled,49,3.9
2024-11-30,ORD01418,CUST1409,Yoga Mat,Sports,North,Jaipur,Small Business,2,202.53,0,405.05,30.36,2.4,Debit Card,Completed,26,4.5
2024-11-30,ORD02435,CUST1178,Coffee Maker,Home & Kitchen,South,Chennai,Consumer,1,275.84,0,275.84,18.1,11.32,Debit Card,Completed,29,4.3
2024-12-01,ORD04624,CUST2897,Backpack,Fashion,South,Chennai,Small Business,3,184.58,0,553.75,45.43,42.93,Cash on Delivery,Completed,59,4.4
2024-12-01,ORD00920,CUST1961,Jacket,Fashion,South,Bengaluru,Consumer,1,248.15,0,248.15,22.08,6.46,Debit Card,Completed,40,4.6
2024-12-01,ORD03797,CUST3487,Tablet,Electronics,North,Delhi,Corporate,1,478.17,15,478.17,36.01,-16.52,Debit Card,Completed,51,4.6
2024-12-01,ORD01543,CUST1166,Lipstick,Beauty,West,Pune,Consumer,4,116.57,5,466.27,37.17,11.07,Credit Card,Completed,33,4.1
2024-12-01,ORD00484,CUST3456,Office Chair,Office Supplies,East,Guwahati,Corporate,3,240.18,10,720.53,27.62,88.94,PayPal,Completed,23,3.8
2024-12-01,ORD00384,CUST2458,Smartwatch,Electronics,East,Guwahati,Small Business,5,1123.46,5,5617.3,20.41,454.99,Credit Card,Completed,59,3.2
2024-12-01,ORD02489,CUST2216,Vacuum Cleaner,Home & Kitchen,West,Pune,Consumer,4,199.17,5,796.68,40.6,106.4,Debit Card,Completed,38,3.4
2024-12-01,ORD03999,CUST2022,Perfume,Beauty,West,Mumbai,Consumer,3,120.13,5,360.39,38.96,37.54,Debit Card,Completed,51,3.8
2024-12-01,ORD04766,CUST1229,Lipstick,Beauty,Central,Bhopal,Consumer,1,43.74,0,43.74,6.76,2.09,Credit Card,Completed,28,4.6
2024-12-02,ORD02008,CUST2994,Face Serum,Beauty,North,Jaipur,Corporate,3,99.74,20,299.21,12.31,-28.92,Cash on Delivery,Cancelled,56,4.3
2024-12-02,ORD04952,CUST3401,Vacuum Cleaner,Home & Kitchen,Central,Indore,Consumer,2,151.61,10,303.22,10.53,26.73,Cash on Delivery,Completed,47,5.0
2024-12-02,ORD00980,CUST3373,Smartwatch,Electronics,North,Jaipur,Small Business,4,418.87,15,1675.49,34.67,112.82,Credit Card,Completed,50,3.7
2024-12-02,ORD03946,CUST1782,Fitness Band,Sports,East,Bhubaneswar,Consumer,5,193.9,20,969.51,32.05,-96.38,Debit Card,Returned,42,3.8
2024-12-02,ORD02686,CUST1096,Notebook,Office Supplies,South,Bengaluru,Consumer,3,397.55,0,1192.66,41.58,104.34,Credit Card,Completed,53,4.9
2024-12-02,ORD01852,CUST1318,Laptop,Electronics,East,Kolkata,Consumer,5,591.13,10,2955.65,27.92,109.31,PayPal,Returned,29,2.1
2024-12-02,ORD01814,CUST2454,T-Shirt,Fashion,Central,Bhopal,Consumer,5,177.21,15,886.05,50.07,-76.79,Cash on Delivery,Returned,45,4.7
2024-12-02,ORD02622,CUST3049,Shampoo,Beauty,Central,Indore,Consumer,4,155.97,15,623.88,49.72,-51.0,Credit Card,Returned,29,4.7
2024-12-02,ORD02363,CUST2895,Cookware Set,Home & Kitchen,Central,Bhopal,Consumer,4,338.77,10,1355.09,28.36,119.73,Debit Card,Cancelled,61,3.1
2024-12-02,ORD03218,CUST2435,Jeans,Fashion,South,Hyderabad,Small Business,1,229.08,5,229.08,24.99,-10.5,UPI,Completed,40,2.8
2024-12-02,ORD00120,CUST1880,Face Serum,Beauty,South,Bengaluru,Small Business,1,184.64,20,184.64,10.85,-1.47,Credit Card,Returned,22,5.0
2024-12-03,ORD04403,CUST2502,Laptop,Electronics,South,Hyderabad,Consumer,4,1139.76,0,4559.04,42.77,526.73,Debit Card,Returned,37,3.8
2024-12-03,ORD02692,CUST2579,Headphones,Electronics,South,Bengaluru,Small Business,3,479.56,10,1438.67,26.79,206.63,Debit Card,Completed,50,4.8
2024-12-03,ORD00592,CUST2376,Laptop,Electronics,East,Guwahati,Corporate,5,299.61,15,1498.07,26.49,163.96,PayPal,Completed,51,3.7
2024-12-03,ORD02046,CUST1290,Smartwatch,Electronics,North,Chandigarh,Corporate,3,1306.43,15,3919.28,37.28,259.78,UPI,Completed,40,4.4
2024-12-03,ORD02406,CUST3083,Vacuum Cleaner,Home & Kitchen,North,Delhi,Consumer,1,307.81,10,307.81,6.34,-6.83,Cash on Delivery,Completed,48,3.1
2024-12-03,ORD01891,CUST3455,Keyboard,Office Supplies,South,Bengaluru,Corporate,5,256.17,5,1280.87,33.6,102.98,Cash on Delivery,Completed,56,3.2
2024-12-03,ORD01756,CUST3340,Tablet,Electronics,West,Pune,Consumer,2,1385.95,5,2771.9,15.77,199.16,Credit Card,Returned,34,4.6
2024-12-03,ORD03566,CUST1598,Jeans,Fashion,North,Jaipur,Small Business,2,170.33,15,340.65,38.13,-13.24,Credit Card,Completed,60,5.0
2024-12-03,ORD01850,CUST1449,Moisturizer,Beauty,South,Bengaluru,Consumer,1,120.03,15,120.03,34.27,-35.42,Debit Card,Returned,29,3.7
2024-12-03,ORD04631,CUST1220,Smartwatch,Electronics,South,Hyderabad,Small Business,2,957.69,10,1915.38,32.97,236.59,Debit Card,Completed,60,4.0
2024-12-03,ORD00010,CUST1956,Office Chair,Office Supplies,Central,Bhopal,Consumer,1,14.05,0,14.05,25.25,-23.68,Credit Card,Completed,37,3.1
2024-12-04,ORD04816,CUST1699,Air Fryer,Home & Kitchen,West,Pune,Small Business,1,138.89,10,138.89,9.02,-0.46,Debit Card,Completed,33,4.3
2024-12-04,ORD01555,CUST1838,T-Shirt,Fashion,West,Pune,Consumer,2,227.33,10,454.65,35.53,-37.27,Credit Card,Completed,27,4.8
2024-12-04,ORD04333,CUST2586,Smartwatch,Electronics,Central,Bhopal,Small Business,2,1177.47,0,2354.94,28.07,463.33,UPI,Completed,48,4.0
2024-12-04,ORD04895,CUST3105,Lipstick,Beauty,West,Mumbai,Corporate,1,154.29,10,154.29,26.16,-15.96,Cash on Delivery,Completed,47,2.2
2024-12-04,ORD04295,CUST1444,Keyboard,Office Supplies,Central,Lucknow,Consumer,1,440.31,10,440.31,34.65,20.13,Debit Card,Completed,56,5.0
2024-12-04,ORD01755,CUST2166,Backpack,Fashion,North,Chandigarh,Corporate,1,69.71,10,69.71,36.67,-26.97,Credit Card,Completed,41,3.3
2024-12-04,ORD00516,CUST3347,Shampoo,Beauty,West,Ahmedabad,Consumer,1,61.07,15,61.07,13.43,-12.19,UPI,Completed,59,4.0
2024-12-04,ORD01321,CUST1078,Smartphone,Electronics,North,Delhi,Corporate,1,1221.11,10,1221.11,15.07,66.65,Credit Card,Completed,58,4.5
2024-12-04,ORD02855,CUST2682,Smartphone,Electronics,Central,Indore,Consumer,3,638.79,15,1916.36,21.87,52.83,Debit Card,Completed,46,4.8
2024-12-04,ORD01559,CUST2691,Dumbbells,Sports,East,Kolkata,Consumer,1,214.51,5,214.51,34.99,-3.06,Cash on Delivery,Completed,52,4.4
2024-12-04,ORD02657,CUST2349,Dumbbells,Sports,Central,Indore,Consumer,2,53.44,20,106.89,17.53,-12.8,Credit Card,Cancelled,19,3.2
2024-12-05,ORD01106,CUST2996,Backpack,Fashion,East,Bhubaneswar,Small Business,2,130.6,5,261.2,36.34,12.81,UPI,Completed,25,4.4
2024-12-05,ORD02733,CUST1886,Backpack,Fashion,North,Chandigarh,Consumer,5,206.54,5,1032.71,14.09,177.18,Credit Card,Returned,41,3.5
2024-12-05,ORD04440,CUST3453,Running Shoes,Sports,Central,Lucknow,Corporate,1,237.52,15,237.52,32.7,-48.0,Cash on Delivery,Completed,29,4.8
2024-12-05,ORD03246,CUST1454,Shampoo,Beauty,North,Jaipur,Corporate,2,43.38,15,86.75,28.93,-26.5,PayPal,Completed,54,3.6
2024-12-05,ORD04797,CUST2624,Fitness Band,Sports,East,Bhubaneswar,Consumer,4,109.42,10,437.66,29.03,40.89,UPI,Completed,21,3.1
2024-12-05,ORD02505,CUST1865,Sports Bottle,Sports,North,Delhi,Small Business,4,59.79,10,239.16,19.91,-7.63,UPI,Completed,55,3.9
2024-12-05,ORD00716,CUST1857,Tablet,Electronics,Central,Indore,Consumer,4,295.64,10,1182.55,23.73,-30.99,Cash on Delivery,Completed,37,3.4
2024-12-05,ORD04259,CUST1848,Keyboard,Office Supplies,North,Jaipur,Consumer,3,423.78,5,1271.34,20.71,39.58,Debit Card,Completed,45,3.3
2024-12-05,ORD03118,CUST1162,Laptop,Electronics,Central,Indore,Consumer,1,1114.22,0,1114.22,22.82,225.15,Credit Card,Completed,63,4.4
2024-12-05,ORD00712,CUST2689,Sneakers,Fashion,Central,Lucknow,Small Business,5,103.43,0,517.15,23.43,58.64,Debit Card,Cancelled,51,2.7
2024-12-06,ORD02629,CUST2964,Blender,Home & Kitchen,North,Jaipur,Corporate,3,338.93,5,1016.79,40.52,87.3,UPI,Completed,37,5.0
2024-12-06,ORD03876,CUST1756,Perfume,Beauty,Central,Lucknow,Consumer,4,64.36,5,257.46,30.07,20.72,Cash on Delivery,Completed,54,2.7
2024-12-06,ORD04413,CUST3111,Shampoo,Beauty,South,Hyderabad,Corporate,5,216.59,5,1082.93,45.06,112.28,PayPal,Completed,42,3.4
2024-12-06,ORD03307,CUST1605,Cookware Set,Home & Kitchen,South,Chennai,Consumer,1,137.22,15,137.22,20.13,-15.2,Debit Card,Completed,24,4.0
2024-12-06,ORD02412,CUST2360,Fitness Band,Sports,East,Bhubaneswar,Consumer,3,175.17,10,525.52,29.6,43.82,Credit Card,Returned,27,4.9
2024-12-06,ORD04032,CUST2952,Perfume,Beauty,East,Bhubaneswar,Consumer,2,78.98,10,157.96,15.11,4.15,PayPal,Completed,55,3.9
2024-12-07,ORD03592,CUST2053,Coffee Maker,Home & Kitchen,East,Bhubaneswar,Corporate,3,293.96,0,881.88,34.1,156.2,Debit Card,Returned,27,3.0
2024-12-07,ORD02500,CUST3209,Tablet,Electronics,East,Kolkata,Consumer,1,418.78,20,418.78,6.13,-48.87,Credit Card,Completed,62,4.7
2024-12-07,ORD04575,CUST1509,Shampoo,Beauty,North,Delhi,Corporate,5,203.99,10,1019.97,25.99,-24.63,Cash on Delivery,Completed,20,4.9
2024-12-07,ORD02359,CUST3187,Moisturizer,Beauty,South,Chennai,Consumer,1,143.28,10,143.28,25.41,-8.41,Debit Card,Completed,47,4.2
2024-12-07,ORD01473,CUST1458,Printer,Office Supplies,West,Ahmedabad,Corporate,3,189.89,10,569.66,18.24,-17.04,UPI,Cancelled,63,3.0
2024-12-07,ORD00425,CUST2036,Perfume,Beauty,North,Chandigarh,Consumer,4,31.95,10,127.79,49.19,-50.18,Cash on Delivery,Completed,25,5.0
2024-12-07,ORD04782,CUST2883,Notebook,Office Supplies,Central,Indore,Consumer,1,104.64,10,104.64,9.21,-0.4,PayPal,Completed,55,3.2
2024-12-07,ORD04736,CUST1670,Printer,Office Supplies,Central,Indore,Corporate,1,206.09,10,206.09,34.47,-17.58,Credit Card,Completed,34,4.0
2024-12-07,ORD00513,CUST3109,Tablet,Electronics,North,Delhi,Small Business,3,1078.16,0,3234.49,19.01,837.89,Debit Card,Cancelled,59,3.7
2024-12-07,ORD02936,CUST1146,Tablet,Electronics,South,Chennai,Consumer,1,328.07,0,328.07,26.25,23.86,UPI,Completed,47,3.6
2024-12-07,ORD00834,CUST1656,Air Fryer,Home & Kitchen,East,Guwahati,Consumer,5,326.34,15,1631.71,51.79,-32.86,Credit Card,Completed,40,3.7
2024-12-07,ORD02831,CUST2457,Sneakers,Fashion,West,Pune,Consumer,3,129.77,10,389.32,33.01,-1.92,Credit Card,Completed,48,4.6
2024-12-07,ORD04050,CUST3337,T-Shirt,Fashion,Central,Indore,Small Business,1,151.26,0,151.26,12.78,3.31,Credit Card,Completed,22,3.0
2024-12-07,ORD02252,CUST2290,Keyboard,Office Supplies,South,Hyderabad,Consumer,5,273.0,10,1364.99,36.9,139.53,UPI,Completed,62,2.8
2024-12-08,ORD01592,CUST1290,Office Chair,Office Supplies,South,Hyderabad,Consumer,2,40.83,10,81.65,38.33,-38.92,Debit Card,Completed,28,4.0
2024-12-08,ORD01626,CUST2248,Dumbbells,Sports,South,Hyderabad,Small Business,5,268.75,5,1343.74,16.32,288.83,UPI,Cancelled,28,3.1
2024-12-08,ORD03866,CUST2293,T-Shirt,Fashion,North,Delhi,Consumer,5,82.14,5,410.69,28.59,56.42,UPI,Cancelled,18,4.5
2024-12-08,ORD04308,CUST3386,Vacuum Cleaner,Home & Kitchen,South,Bengaluru,Consumer,5,270.75,10,1353.73,36.83,42.37,Credit Card,Completed,29,4.2
2024-12-08,ORD00072,CUST2349,Face Serum,Beauty,South,Chennai,Corporate,2,181.82,10,363.64,16.69,4.72,Cash on Delivery,Completed,40,4.8
2024-12-08,ORD03781,CUST2388,Cookware Set,Home & Kitchen,South,Bengaluru,Consumer,1,343.23,5,343.23,7.74,62.52,Cash on Delivery,Completed,23,3.5
2024-12-08,ORD01929,CUST2239,Jacket,Fashion,South,Hyderabad,Consumer,2,107.35,10,214.7,26.46,-5.97,Cash on Delivery,Cancelled,43,3.6
2024-12-08,ORD02837,CUST3216,Shampoo,Beauty,West,Mumbai,Small Business,4,177.96,5,711.85,46.36,50.95,UPI,Completed,39,2.1
2024-12-08,ORD03101,CUST3060,Jeans,Fashion,Central,Bhopal,Small Business,1,108.13,5,108.13,23.32,-0.83,UPI,Completed,25,4.0
2024-12-08,ORD04191,CUST3018,Vacuum Cleaner,Home & Kitchen,South,Bengaluru,Corporate,5,186.6,5,933.02,47.02,146.22,UPI,Returned,60,4.9
2024-12-08,ORD02667,CUST1083,Jacket,Fashion,Central,Bhopal,Consumer,2,42.54,15,85.09,35.31,-32.9,Cash on Delivery,Completed,31,3.4
2024-12-09,ORD02117,CUST1011,Tablet,Electronics,East,Bhubaneswar,Corporate,2,170.06,10,340.12,16.3,-19.01,PayPal,Completed,59,3.2
2024-12-09,ORD03597,CUST2182,Dumbbells,Sports,Central,Bhopal,Corporate,2,304.45,10,608.89,25.45,-32.97,PayPal,Completed,35,5.0
2024-12-09,ORD04033,CUST1958,Perfume,Beauty,East,Bhubaneswar,Corporate,2,61.38,15,122.76,30.49,-38.63,Credit Card,Completed,49,4.1
2024-12-09,ORD02194,CUST1775,Smartphone,Electronics,Central,Lucknow,Small Business,3,522.51,10,1567.53,45.54,18.3,PayPal,Completed,28,5.0
2024-12-09,ORD04174,CUST2514,Coffee Maker,Home & Kitchen,West,Pune,Consumer,4,216.14,5,864.56,36.94,35.09,Debit Card,Completed,40,4.1
2024-12-09,ORD04793,CUST3406,Cookware Set,Home & Kitchen,East,Kolkata,Corporate,3,440.88,15,1322.64,21.07,-69.93,Credit Card,Completed,30,3.9
2024-12-09,ORD02516,CUST1787,Moisturizer,Beauty,South,Hyderabad,Corporate,2,83.03,0,166.05,23.07,16.11,UPI,Completed,22,4.7
2024-12-09,ORD04835,CUST1909,Moisturizer,Beauty,North,Jaipur,Small Business,1,123.06,10,123.06,9.28,-5.15,Debit Card,Completed,39,3.2
2024-12-10,ORD00366,CUST2796,Notebook,Office Supplies,Central,Bhopal,Corporate,1,117.92,10,117.92,17.23,3.31,Debit Card,Completed,61,3.0
2024-12-10,ORD02922,CUST2044,Smartphone,Electronics,West,Mumbai,Corporate,4,546.64,15,2186.58,42.87,-144.35,Cash on Delivery,Completed,54,3.6
2024-12-10,ORD00587,CUST2576,Sneakers,Fashion,North,Delhi,Small Business,2,37.31,15,74.63,23.22,-27.21,Credit Card,Completed,46,4.1
2024-12-10,ORD01517,CUST2627,Air Fryer,Home & Kitchen,West,Mumbai,Small Business,5,346.37,15,1731.85,47.59,-29.05,Cash on Delivery,Cancelled,34,3.2
2024-12-10,ORD01265,CUST1976,Office Chair,Office Supplies,South,Hyderabad,Consumer,4,74.46,20,297.84,18.38,-42.22,Credit Card,Completed,47,4.2
2024-12-10,ORD01289,CUST1575,Laptop,Electronics,North,Chandigarh,Consumer,2,1135.53,15,2271.06,26.12,-39.65,Debit Card,Completed,22,3.8
2024-12-10,ORD04006,CUST2452,Printer,Office Supplies,South,Bengaluru,Small Business,4,204.36,15,817.44,38.47,63.63,UPI,Completed,43,3.1
2024-12-10,ORD02276,CUST2201,Jeans,Fashion,West,Mumbai,Small Business,4,51.86,5,207.44,35.61,-17.22,UPI,Completed,62,3.4
2024-12-11,ORD02567,CUST2803,Shampoo,Beauty,Central,Indore,Consumer,1,46.24,15,46.24,20.52,-21.91,Cash on Delivery,Completed,62,3.7
2024-12-11,ORD01385,CUST2780,Tablet,Electronics,North,Chandigarh,Consumer,5,718.53,20,3592.66,21.58,-284.03,Credit Card,Completed,44,4.6
2024-12-11,ORD03895,CUST3002,Printer,Office Supplies,Central,Bhopal,Corporate,4,144.21,5,576.83,18.31,44.27,Credit Card,Cancelled,60,4.9
2024-12-11,ORD02468,CUST2888,Tablet,Electronics,East,Kolkata,Small Business,2,437.94,5,875.89,22.79,31.55,Debit Card,Completed,55,3.2
2024-12-11,ORD03560,CUST2197,Tablet,Electronics,East,Kolkata,Consumer,5,938.25,10,4691.24,33.58,184.67,UPI,Returned,23,2.3
2024-12-11,ORD02595,CUST3380,T-Shirt,Fashion,West,Pune,Consumer,1,211.1,0,211.1,13.37,12.57,UPI,Completed,29,4.9
2024-12-11,ORD00002,CUST2363,Smartwatch,Electronics,Central,Indore,Corporate,3,609.55,0,1828.65,42.91,244.34,UPI,Returned,52,2.8
2024-12-11,ORD01273,CUST1248,Air Fryer,Home & Kitchen,North,Chandigarh,Corporate,4,447.19,5,1788.75,41.13,181.93,Cash on Delivery,Completed,21,4.4
2024-12-11,ORD03066,CUST2483,Smartwatch,Electronics,East,Bhubaneswar,Consumer,1,1118.42,10,1118.42,37.96,12.09,PayPal,Returned,56,3.3
2024-12-11,ORD04288,CUST2059,Smartwatch,Electronics,North,Delhi,Consumer,3,989.82,0,2969.46,44.29,250.74,UPI,Completed,37,4.0
2024-12-12,ORD00884,CUST3013,Blender,Home & Kitchen,Central,Bhopal,Consumer,1,211.48,10,211.48,35.28,-15.56,UPI,Cancelled,38,3.9
2024-12-12,ORD00959,CUST1734,Moisturizer,Beauty,South,Bengaluru,Small Business,5,189.11,15,945.57,30.78,43.03,Cash on Delivery,Cancelled,25,4.5
2024-12-12,ORD04640,CUST2675,Blender,Home & Kitchen,East,Bhubaneswar,Corporate,4,337.2,5,1348.81,36.54,106.14,UPI,Completed,21,4.5
2024-12-12,ORD03343,CUST3154,Keyboard,Office Supplies,East,Bhubaneswar,Consumer,2,345.46,15,690.92,15.49,-46.09,UPI,Completed,20,3.3
2024-12-12,ORD02699,CUST2159,Vacuum Cleaner,Home & Kitchen,Central,Bhopal,Consumer,5,79.36,15,396.81,45.32,-67.01,PayPal,Returned,53,4.6
2024-12-13,ORD04955,CUST2806,Shampoo,Beauty,South,Chennai,Small Business,3,210.66,20,631.99,24.31,-56.5,Credit Card,Completed,27,4.8
2024-12-13,ORD00006,CUST2496,Sports Bottle,Sports,Central,Indore,Small Business,3,59.29,5,177.86,29.93,-13.05,Debit Card,Completed,30,2.8
2024-12-13,ORD04385,CUST1734,Running Shoes,Sports,West,Pune,Small Business,3,257.21,10,771.63,34.54,77.24,Credit Card,Completed,58,3.7
2024-12-13,ORD03034,CUST2353,Sneakers,Fashion,South,Chennai,Consumer,5,85.71,10,428.53,29.04,-8.84,UPI,Completed,23,5.0
2024-12-13,ORD04759,CUST2702,Headphones,Electronics,East,Guwahati,Corporate,4,313.73,15,1254.91,23.29,-74.63,Debit Card,Completed,37,5.0
2024-12-13,ORD01862,CUST1325,Keyboard,Office Supplies,North,Chandigarh,Consumer,4,60.09,15,240.35,34.06,-9.01,Debit Card,Completed,39,4.5
2024-12-13,ORD00375,CUST1797,Jeans,Fashion,Central,Lucknow,Consumer,1,57.84,0,57.84,36.82,-30.86,Credit Card,Completed,35,2.8
2024-12-13,ORD03298,CUST1230,Vacuum Cleaner,Home & Kitchen,Central,Indore,Corporate,1,45.5,5,45.5,11.42,-4.61,Credit Card,Returned,54,3.7
2024-12-13,ORD01601,CUST2466,Face Serum,Beauty,North,Delhi,Consumer,5,198.07,5,990.33,41.06,111.16,Credit Card,Completed,47,5.0
2024-12-14,ORD01775,CUST2890,Perfume,Beauty,East,Bhubaneswar,Consumer,5,104.14,5,520.68,48.02,-2.41,Debit Card,Completed,31,3.4
2024-12-14,ORD02534,CUST2874,Printer,Office Supplies,East,Bhubaneswar,Small Business,2,109.43,15,218.85,25.8,-40.44,Debit Card,Completed,42,4.8
2024-12-14,ORD03630,CUST2789,Yoga Mat,Sports,Central,Bhopal,Consumer,5,246.76,10,1233.79,47.6,53.48,Cash on Delivery,Returned,48,4.3
2024-12-14,ORD00173,CUST2278,Desk Lamp,Office Supplies,North,Delhi,Consumer,2,355.68,5,711.37,42.2,27.16,UPI,Completed,38,3.7
2024-12-14,ORD04262,CUST2940,Face Serum,Beauty,South,Hyderabad,Small Business,1,43.62,20,43.62,24.56,-28.14,UPI,Returned,45,4.1
2024-12-14,ORD00325,CUST2465,Air Fryer,Home & Kitchen,West,Pune,Consumer,4,424.96,0,1699.83,16.81,388.71,UPI,Completed,53,3.2
2024-12-14,ORD00446,CUST1356,Backpack,Fashion,North,Jaipur,Consumer,2,172.65,5,345.3,22.51,-6.64,PayPal,Completed,31,4.5
2024-12-14,ORD04307,CUST2818,Sneakers,Fashion,North,Chandigarh,Corporate,1,186.13,0,186.13,27.89,-3.03,PayPal,Returned,43,3.3
2024-12-14,ORD00862,CUST1231,Jeans,Fashion,East,Kolkata,Corporate,3,40.65,10,121.96,38.09,-17.68,PayPal,Completed,38,4.3
2024-12-14,ORD03084,CUST2588,Smartphone,Electronics,West,Pune,Corporate,2,357.75,15,715.49,27.74,-32.55,Cash on Delivery,Completed,53,2.9
2024-12-14,ORD03638,CUST1405,Cookware Set,Home & Kitchen,Central,Lucknow,Consumer,3,299.43,0,898.28,36.07,36.04,UPI,Returned,29,3.1
2024-12-14,ORD03076,CUST2449,Lipstick,Beauty,East,Kolkata,Consumer,5,179.53,5,897.64,45.93,62.03,UPI,Cancelled,59,4.1
2024-12-15,ORD02987,CUST2071,Sneakers,Fashion,West,Pune,Corporate,5,152.37,10,761.86,32.96,6.7,Debit Card,Returned,63,3.5
2024-12-15,ORD01571,CUST1735,Vacuum Cleaner,Home & Kitchen,South,Hyderabad,Consumer,3,339.93,5,1019.79,44.65,13.24,UPI,Completed,52,4.0
2024-12-15,ORD04686,CUST1965,Headphones,Electronics,East,Kolkata,Small Business,2,612.22,0,1224.45,34.06,218.9,Cash on Delivery,Completed,54,3.5
2024-12-15,ORD03604,CUST2202,Fitness Band,Sports,South,Bengaluru,Consumer,3,84.4,5,253.21,39.79,-13.05,Credit Card,Returned,37,4.6
2024-12-15,ORD03287,CUST2971,Jacket,Fashion,East,Bhubaneswar,Corporate,1,88.89,10,88.89,31.4,-20.18,Credit Card,Completed,44,3.6
2024-12-15,ORD03648,CUST1585,Notebook,Office Supplies,West,Mumbai,Consumer,2,265.78,10,531.55,22.37,-21.01,Debit Card,Completed,61,3.2
2024-12-15,ORD04694,CUST2588,Keyboard,Office Supplies,West,Ahmedabad,Consumer,3,217.37,10,652.12,22.66,1.37,UPI,Completed,46,3.7
2024-12-15,ORD01184,CUST1585,Printer,Office Supplies,East,Kolkata,Small Business,1,171.65,0,171.65,12.91,25.94,Credit Card,Completed,23,4.3
2024-12-15,ORD01171,CUST1600,Sports Bottle,Sports,South,Bengaluru,Small Business,4,232.95,15,931.78,25.76,-86.4,Cash on Delivery,Completed,34,4.8
2024-12-15,ORD00612,CUST2223,Headphones,Electronics,East,Bhubaneswar,Consumer,2,1353.63,0,2707.26,10.46,619.16,Credit Card,Completed,42,4.5
2024-12-15,ORD00433,CUST1109,Face Serum,Beauty,East,Guwahati,Corporate,1,73.77,0,73.77,12.41,-4.98,Debit Card,Returned,40,3.2
2024-12-15,ORD04869,CUST2648,Smartwatch,Electronics,Central,Lucknow,Consumer,4,331.21,5,1324.84,35.34,131.42,Debit Card,Completed,24,5.0
2024-12-15,ORD01608,CUST3194,Office Chair,Office Supplies,West,Ahmedabad,Consumer,4,159.77,20,639.09,10.74,-28.64,Credit Card,Completed,41,5.0
2024-12-16,ORD00556,CUST3116,Perfume,Beauty,Central,Indore,Consumer,1,46.08,10,46.08,30.39,-29.0,Credit Card,Completed,53,3.4
2024-12-16,ORD02166,CUST3470,Yoga Mat,Sports,Central,Indore,Corporate,2,61.73,0,123.46,35.34,-11.84,Credit Card,Returned,42,3.0
2024-12-16,ORD00442,CUST1142,Air Fryer,Home & Kitchen,Central,Indore,Consumer,1,256.11,15,256.11,21.82,-13.85,Cash on Delivery,Completed,63,4.0
2024-12-16,ORD03274,CUST2555,T-Shirt,Fashion,South,Hyderabad,Consumer,1,49.65,10,49.65,9.43,-3.22,Cash on Delivery,Completed,23,4.4
2024-12-16,ORD02509,CUST2351,Smartphone,Electronics,North,Delhi,Small Business,2,351.2,15,702.41,37.72,-75.92,UPI,Completed,60,3.4
2024-12-16,ORD03939,CUST2766,Blender,Home & Kitchen,South,Hyderabad,Corporate,5,239.62,10,1198.09,36.53,7.62,Debit Card,Cancelled,63,4.5
2024-12-16,ORD00507,CUST3462,Desk Lamp,Office Supplies,North,Jaipur,Consumer,4,322.41,0,1289.65,30.59,74.86,Cash on Delivery,Completed,32,2.7
2024-12-16,ORD00437,CUST3146,Dumbbells,Sports,West,Ahmedabad,Corporate,4,308.43,0,1233.74,43.02,197.9,Credit Card,Completed,34,3.8
2024-12-17,ORD01292,CUST2878,Cookware Set,Home & Kitchen,Central,Indore,Small Business,3,446.0,5,1337.99,31.78,27.16,UPI,Completed,19,3.6
2024-12-17,ORD01141,CUST3094,Vacuum Cleaner,Home & Kitchen,South,Bengaluru,Corporate,4,373.65,20,1494.61,40.39,47.18,Cash on Delivery,Completed,57,3.4
2024-12-17,ORD02658,CUST2636,Fitness Band,Sports,West,Pune,Corporate,3,317.13,15,951.4,42.44,21.59,UPI,Completed,30,4.1
2024-12-17,ORD01586,CUST1540,Tablet,Electronics,Central,Bhopal,Consumer,4,128.33,0,513.31,35.42,77.78,Debit Card,Completed,62,4.3
2024-12-17,ORD04510,CUST2218,Sneakers,Fashion,Central,Bhopal,Consumer,1,133.17,5,133.17,12.66,13.08,PayPal,Completed,53,3.2
2024-12-17,ORD04554,CUST1823,Yoga Mat,Sports,South,Chennai,Consumer,3,48.91,15,146.73,10.45,-14.17,Debit Card,Returned,31,4.6
2024-12-18,ORD02986,CUST2166,Printer,Office Supplies,East,Kolkata,Consumer,1,346.99,5,346.99,26.17,-2.53,PayPal,Returned,30,4.1
2024-12-18,ORD03367,CUST2455,Office Chair,Office Supplies,Central,Indore,Consumer,5,348.74,15,1743.72,33.55,-74.64,Credit Card,Completed,62,5.0
2024-12-18,ORD01739,CUST2440,Blender,Home & Kitchen,South,Bengaluru,Consumer,2,265.66,0,531.31,8.2,50.27,PayPal,Completed,57,3.5
2024-12-18,ORD01751,CUST1023,Vacuum Cleaner,Home & Kitchen,North,Jaipur,Consumer,3,127.36,15,382.08,41.28,-50.71,Credit Card,Completed,55,2.7
2024-12-18,ORD02375,CUST1928,Blender,Home & Kitchen,East,Guwahati,Corporate,4,181.1,5,724.39,27.79,70.66,Credit Card,Completed,61,4.9
2024-12-18,ORD01062,CUST2488,Tablet,Electronics,East,Kolkata,Corporate,3,137.68,0,413.05,38.03,8.74,Credit Card,Returned,40,3.3
2024-12-18,ORD04181,CUST1747,Smartphone,Electronics,West,Pune,Corporate,3,1317.43,15,3952.3,17.55,-259.49,Credit Card,Cancelled,59,3.7
2024-12-18,ORD03529,CUST2243,Jacket,Fashion,North,Chandigarh,Consumer,5,208.5,10,1042.5,45.64,-36.16,Debit Card,Cancelled,49,3.4
2024-12-18,ORD03158,CUST3086,Smartwatch,Electronics,South,Bengaluru,Consumer,2,1341.56,20,2683.11,38.8,4.38,PayPal,Completed,63,4.6
2024-12-18,ORD00645,CUST2836,Sports Bottle,Sports,West,Ahmedabad,Consumer,2,131.79,20,263.58,18.48,-29.48,Debit Card,Completed,62,5.0
2024-12-19,ORD03911,CUST1848,Air Fryer,Home & Kitchen,West,Pune,Corporate,1,275.35,0,275.35,36.7,25.39,PayPal,Completed,53,2.8
2024-12-19,ORD00885,CUST2819,Running Shoes,Sports,Central,Indore,Consumer,5,73.07,10,365.36,42.32,22.68,PayPal,Completed,21,5.0
2024-12-19,ORD01647,CUST1734,Lipstick,Beauty,East,Guwahati,Consumer,1,77.26,5,77.26,34.83,-24.8,Cash on Delivery,Cancelled,56,3.5
2024-12-19,ORD02808,CUST3490,Dumbbells,Sports,North,Delhi,Consumer,5,129.21,15,646.04,14.97,-9.54,UPI,Completed,36,4.5
2024-12-19,ORD03361,CUST1718,Jacket,Fashion,North,Chandigarh,Consumer,5,246.26,10,1231.31,42.04,68.68,Debit Card,Completed,61,3.7
2024-12-19,ORD01104,CUST3318,Yoga Mat,Sports,South,Hyderabad,Consumer,3,283.6,10,850.81,26.91,-1.36,Debit Card,Completed,21,3.7
2024-12-19,ORD04406,CUST2653,Smartwatch,Electronics,South,Bengaluru,Consumer,3,889.48,10,2668.44,38.99,84.59,Credit Card,Completed,29,3.7
2024-12-19,ORD02060,CUST1978,Moisturizer,Beauty,North,Jaipur,Small Business,4,32.04,15,128.17,22.01,-19.21,Credit Card,Completed,57,2.7
2024-12-19,ORD03998,CUST2637,Face Serum,Beauty,Central,Bhopal,Consumer,1,85.9,20,85.9,36.52,-46.81,PayPal,Completed,62,4.2
2024-12-20,ORD04838,CUST2670,Dumbbells,Sports,East,Bhubaneswar,Consumer,4,54.03,15,216.11,28.07,-28.34,Credit Card,Cancelled,54,3.8
2024-12-20,ORD00630,CUST1558,Dumbbells,Sports,Central,Bhopal,Consumer,5,166.85,10,834.23,29.44,113.85,Credit Card,Returned,41,2.4
2024-12-20,ORD04184,CUST2573,Jacket,Fashion,Central,Indore,Consumer,2,38.24,5,76.47,25.42,-15.79,Credit Card,Cancelled,62,4.0
2024-12-20,ORD00493,CUST1702,Laptop,Electronics,Central,Bhopal,Consumer,1,135.06,10,135.06,29.18,-9.65,Debit Card,Completed,45,5.0
2024-12-20,ORD04653,CUST2757,Jeans,Fashion,East,Guwahati,Small Business,2,118.38,15,236.75,28.32,-8.3,Cash on Delivery,Completed,58,4.1
2024-12-20,ORD02501,CUST2016,Keyboard,Office Supplies,North,Chandigarh,Corporate,1,316.3,0,316.3,35.66,47.63,Credit Card,Returned,25,5.0
2024-12-20,ORD03829,CUST1555,Lipstick,Beauty,North,Delhi,Consumer,4,114.47,10,457.87,44.35,21.75,PayPal,Completed,62,3.8
2024-12-20,ORD02962,CUST1598,Backpack,Fashion,East,Bhubaneswar,Small Business,2,249.12,15,498.25,39.47,-8.25,Credit Card,Returned,45,4.3
2024-12-20,ORD00988,CUST1885,Perfume,Beauty,West,Mumbai,Small Business,2,114.8,15,229.6,23.95,-25.79,UPI,Completed,21,5.0
2024-12-20,ORD01293,CUST3068,Sneakers,Fashion,North,Jaipur,Small Business,5,147.13,0,735.66,36.14,69.6,UPI,Completed,39,4.4
2024-12-20,ORD04502,CUST1175,Jeans,Fashion,North,Delhi,Consumer,5,82.52,10,412.58,48.3,9.3,PayPal,Cancelled,47,5.0
2024-12-20,ORD03151,CUST2744,Yoga Mat,Sports,Central,Indore,Consumer,2,315.81,20,631.61,26.5,-32.86,UPI,Completed,35,5.0
2024-12-20,ORD00676,CUST2939,Dumbbells,Sports,South,Hyderabad,Corporate,3,83.45,20,250.35,18.26,-18.62,Debit Card,Completed,41,5.0
2024-12-20,ORD02839,CUST2371,Coffee Maker,Home & Kitchen,Central,Lucknow,Consumer,1,96.55,10,96.55,28.2,-24.88,Credit Card,Completed,31,4.6
2024-12-21,ORD02419,CUST2631,Office Chair,Office Supplies,West,Ahmedabad,Consumer,3,103.86,15,311.57,13.42,26.16,Cash on Delivery,Completed,37,3.4
2024-12-21,ORD02404,CUST3202,Fitness Band,Sports,East,Guwahati,Consumer,2,261.61,10,523.22,19.13,-11.32,Debit Card,Completed,50,3.7
2024-12-21,ORD03380,CUST2374,Air Fryer,Home & Kitchen,Central,Indore,Corporate,1,456.44,5,456.44,32.99,2.61,Credit Card,Completed,26,3.2
2024-12-21,ORD03681,CUST1476,Office Chair,Office Supplies,East,Guwahati,Small Business,4,344.58,5,1378.34,28.95,48.56,UPI,Completed,26,5.0
2024-12-21,ORD00764,CUST1645,Smartphone,Electronics,West,Mumbai,Small Business,1,431.88,5,431.88,6.64,15.47,Credit Card,Completed,46,3.5
2024-12-21,ORD04628,CUST2138,Notebook,Office Supplies,Central,Lucknow,Corporate,4,163.61,0,654.43,33.29,111.52,Cash on Delivery,Completed,25,4.8
2024-12-21,ORD02893,CUST2927,Office Chair,Office Supplies,East,Bhubaneswar,Corporate,1,119.79,15,119.79,29.15,-29.87,Debit Card,Completed,38,4.7
2024-12-21,ORD03957,CUST3023,Blender,Home & Kitchen,East,Kolkata,Corporate,3,373.87,5,1121.62,19.54,42.94,PayPal,Completed,63,3.8
2024-12-21,ORD00063,CUST1684,Office Chair,Office Supplies,West,Mumbai,Corporate,2,271.04,10,542.09,25.26,-0.43,UPI,Completed,35,4.4
2024-12-22,ORD03261,CUST2482,Coffee Maker,Home & Kitchen,Central,Lucknow,Consumer,5,335.07,10,1675.33,11.12,160.9,PayPal,Completed,37,5.0
2024-12-22,ORD01176,CUST1684,Backpack,Fashion,North,Chandigarh,Consumer,2,207.44,0,414.88,21.95,89.03,Debit Card,Completed,52,3.6
2024-12-22,ORD00524,CUST3486,Smartphone,Electronics,East,Guwahati,Consumer,2,283.65,10,567.31,21.97,13.72,PayPal,Completed,35,2.7
2024-12-22,ORD01063,CUST2366,Running Shoes,Sports,West,Pune,Consumer,5,34.31,0,171.53,41.53,-24.13,Credit Card,Completed,61,3.1
2024-12-22,ORD01226,CUST3466,Office Chair,Office Supplies,South,Chennai,Corporate,5,125.24,10,626.18,38.83,53.01,PayPal,Completed,54,4.3
2024-12-22,ORD02362,CUST3470,Sneakers,Fashion,North,Delhi,Consumer,5,243.17,5,1215.87,37.76,210.57,UPI,Completed,59,3.6
2024-12-22,ORD03003,CUST1296,Laptop,Electronics,East,Kolkata,Corporate,1,1218.32,0,1218.32,8.3,205.67,Credit Card,Completed,62,4.6
2024-12-22,ORD04573,CUST1890,Notebook,Office Supplies,South,Hyderabad,Small Business,3,40.03,0,120.09,39.91,-27.69,Debit Card,Completed,26,3.5
2024-12-22,ORD01600,CUST2609,Headphones,Electronics,Central,Bhopal,Consumer,1,248.9,10,248.9,34.68,-14.07,Debit Card,Completed,33,3.4
2024-12-22,ORD01706,CUST3055,Smartphone,Electronics,South,Chennai,Small Business,5,471.51,5,2357.54,33.84,118.56,Debit Card,Completed,21,4.7
2024-12-22,ORD04223,CUST2214,Dumbbells,Sports,Central,Indore,Small Business,2,159.98,10,319.96,29.99,-14.75,Credit Card,Completed,54,2.9
2024-12-22,ORD04718,CUST3216,Dumbbells,Sports,Central,Indore,Consumer,3,287.97,5,863.9,29.93,104.21,Credit Card,Completed,58,4.3
2024-12-22,ORD01896,CUST1592,Tablet,Electronics,South,Chennai,Consumer,3,437.29,15,1311.88,14.91,-84.67,Cash on Delivery,Completed,44,3.3
2024-12-22,ORD02665,CUST2828,Headphones,Electronics,West,Ahmedabad,Consumer,1,317.85,5,317.85,14.17,45.72,PayPal,Completed,28,3.3
2024-12-23,ORD03273,CUST1087,Fitness Band,Sports,Central,Bhopal,Small Business,1,118.8,5,118.8,35.27,-16.69,UPI,Completed,61,3.6
2024-12-23,ORD00674,CUST3248,Blender,Home & Kitchen,East,Kolkata,Consumer,2,342.4,15,684.8,35.38,-4.65,UPI,Completed,42,4.7
2024-12-23,ORD02047,CUST2082,Jeans,Fashion,East,Guwahati,Corporate,4,82.86,15,331.45,29.9,-33.19,UPI,Completed,25,4.7
2024-12-23,ORD03160,CUST1180,Moisturizer,Beauty,West,Ahmedabad,Consumer,4,119.31,5,477.24,17.54,39.26,PayPal,Completed,51,4.3
2024-12-23,ORD00561,CUST1377,Air Fryer,Home & Kitchen,South,Bengaluru,Consumer,2,182.4,5,364.8,23.25,56.83,Debit Card,Completed,54,5.0
2024-12-23,ORD04427,CUST2987,Blender,Home & Kitchen,East,Bhubaneswar,Consumer,4,403.91,15,1615.66,30.1,-139.89,Credit Card,Cancelled,53,2.7
2024-12-23,ORD02325,CUST2651,Fitness Band,Sports,South,Chennai,Consumer,4,67.27,5,269.06,33.54,-15.16,Credit Card,Completed,32,4.4
2024-12-23,ORD00964,CUST3030,Headphones,Electronics,Central,Bhopal,Consumer,1,431.74,5,431.74,29.1,62.57,Debit Card,Completed,19,4.5
2024-12-23,ORD01819,CUST2962,Printer,Office Supplies,West,Pune,Consumer,3,133.63,0,400.9,17.84,34.45,Credit Card,Completed,19,5.0
2024-12-23,ORD03577,CUST2645,Keyboard,Office Supplies,South,Bengaluru,Corporate,5,189.03,0,945.16,24.25,132.76,UPI,Completed,23,3.3
2024-12-24,ORD00826,CUST2341,Headphones,Electronics,South,Hyderabad,Corporate,2,289.6,15,579.2,31.86,-56.59,Cash on Delivery,Completed,57,3.2
2024-12-24,ORD00730,CUST1442,Headphones,Electronics,Central,Bhopal,Corporate,4,483.41,5,1933.66,34.56,225.25,Cash on Delivery,Completed,42,1.8
2024-12-24,ORD01804,CUST2212,Desk Lamp,Office Supplies,North,Delhi,Consumer,5,315.19,5,1575.93,17.27,203.37,UPI,Completed,50,4.0
2024-12-24,ORD01694,CUST2562,Smartwatch,Electronics,Central,Indore,Consumer,4,507.09,15,2028.35,29.88,230.54,Credit Card,Completed,21,4.9
2024-12-24,ORD02304,CUST1409,Sports Bottle,Sports,North,Delhi,Consumer,3,249.71,0,749.12,18.15,87.52,Debit Card,Completed,23,4.7
2024-12-24,ORD03135,CUST1822,Coffee Maker,Home & Kitchen,Central,Lucknow,Consumer,4,132.59,10,530.37,11.71,18.33,Credit Card,Completed,54,4.4
2024-12-24,ORD03054,CUST1198,Vacuum Cleaner,Home & Kitchen,Central,Bhopal,Small Business,1,497.38,5,497.38,12.9,33.6,Credit Card,Completed,63,5.0
2024-12-24,ORD03991,CUST3380,Lipstick,Beauty,Central,Bhopal,Small Business,1,17.34,15,17.34,6.09,-3.84,Credit Card,Cancelled,24,4.2
2024-12-25,ORD02659,CUST3479,Fitness Band,Sports,East,Kolkata,Consumer,3,311.67,15,935.0,14.24,-23.6,UPI,Completed,56,3.9
2024-12-25,ORD00089,CUST3285,Office Chair,Office Supplies,North,Chandigarh,Consumer,1,414.33,5,414.33,30.0,52.2,Credit Card,Completed,39,4.3
2024-12-25,ORD02636,CUST2855,Keyboard,Office Supplies,West,Pune,Small Business,2,127.68,15,255.36,10.98,-10.6,UPI,Completed,52,3.8
2024-12-25,ORD02792,CUST2203,Notebook,Office Supplies,West,Mumbai,Consumer,5,321.49,0,1607.46,45.28,94.45,UPI,Completed,35,4.6
2024-12-25,ORD03842,CUST1043,Laptop,Electronics,North,Delhi,Corporate,4,507.13,10,2028.52,17.92,175.83,Credit Card,Completed,48,4.3
2024-12-25,ORD00439,CUST3249,Lipstick,Beauty,West,Pune,Corporate,4,154.25,15,616.98,34.9,-33.68,Credit Card,Completed,55,2.6
2024-12-25,ORD00739,CUST3223,Lipstick,Beauty,East,Kolkata,Corporate,2,81.05,20,162.1,27.83,-39.12,UPI,Completed,57,2.5
2024-12-25,ORD04029,CUST1681,Lipstick,Beauty,South,Hyderabad,Consumer,2,41.36,0,82.73,33.84,-21.42,Cash on Delivery,Cancelled,30,2.9
2024-12-25,ORD04405,CUST2421,Fitness Band,Sports,North,Jaipur,Small Business,1,29.93,5,29.93,7.75,-2.13,UPI,Returned,35,3.4
2024-12-26,ORD01144,CUST1228,Yoga Mat,Sports,North,Chandigarh,Consumer,1,169.94,10,169.94,30.63,-11.95,Cash on Delivery,Completed,38,5.0
2024-12-26,ORD03701,CUST3269,Jacket,Fashion,West,Pune,Consumer,1,46.44,0,46.44,29.03,-17.1,Cash on Delivery,Completed,30,4.3
2024-12-26,ORD02146,CUST2374,Laptop,Electronics,Central,Bhopal,Corporate,2,826.02,10,1652.03,24.23,45.91,UPI,Completed,29,4.5
2024-12-26,ORD00224,CUST1983,Fitness Band,Sports,South,Bengaluru,Consumer,1,130.99,5,130.99,32.53,-10.39,Credit Card,Completed,18,2.1
2024-12-26,ORD03682,CUST2140,Keyboard,Office Supplies,Central,Indore,Consumer,1,77.89,10,77.89,18.74,-17.57,Credit Card,Completed,25,2.5
2024-12-26,ORD01561,CUST2972,Lipstick,Beauty,West,Ahmedabad,Corporate,4,196.45,10,785.8,26.22,108.86,Debit Card,Completed,63,2.6
2024-12-26,ORD00079,CUST1340,Yoga Mat,Sports,Central,Lucknow,Small Business,5,222.76,0,1113.79,12.37,127.38,UPI,Completed,40,4.4
2024-12-27,ORD01883,CUST2274,Smartwatch,Electronics,West,Ahmedabad,Corporate,2,631.81,5,1263.62,37.75,244.73,UPI,Completed,25,3.7
2024-12-27,ORD02608,CUST2922,Perfume,Beauty,Central,Bhopal,Consumer,3,95.48,15,286.44,31.79,-38.5,PayPal,Completed,29,3.6
2024-12-27,ORD03095,CUST1384,Keyboard,Office Supplies,East,Guwahati,Consumer,5,125.72,15,628.6,29.43,13.24,Cash on Delivery,Completed,24,1.6
2024-12-27,ORD04512,CUST2082,Running Shoes,Sports,Central,Bhopal,Consumer,3,122.4,15,367.21,6.86,-22.48,UPI,Completed,59,3.7
2024-12-27,ORD00853,CUST1589,Smartphone,Electronics,South,Chennai,Consumer,5,1362.96,5,6814.82,29.21,1035.45,UPI,Returned,49,2.6
2024-12-27,ORD03024,CUST2769,Smartphone,Electronics,West,Ahmedabad,Small Business,2,882.19,0,1764.38,30.31,424.81,Debit Card,Completed,46,3.6
2024-12-27,ORD01274,CUST2187,Cookware Set,Home & Kitchen,West,Mumbai,Consumer,5,493.32,5,2466.62,43.9,34.01,UPI,Completed,30,4.3
2024-12-27,ORD02143,CUST1235,Vacuum Cleaner,Home & Kitchen,North,Jaipur,Consumer,4,192.0,10,768.0,43.31,-42.69,UPI,Completed,57,2.6
2024-12-27,ORD04112,CUST3016,Lipstick,Beauty,Central,Indore,Corporate,4,96.03,0,384.12,53.79,22.5,UPI,Returned,21,3.9
2024-12-27,ORD03725,CUST3383,Laptop,Electronics,North,Delhi,Consumer,2,1109.48,20,2218.97,7.72,106.46,Debit Card,Cancelled,57,5.0
2024-12-27,ORD02894,CUST1107,Fitness Band,Sports,South,Chennai,Consumer,5,169.0,15,844.99,45.24,-93.73,PayPal,Completed,47,3.7
2024-12-27,ORD01596,CUST1537,Desk Lamp,Office Supplies,North,Delhi,Consumer,3,315.87,5,947.61,42.2,38.59,UPI,Completed,56,3.7
2024-12-28,ORD00314,CUST1358,Perfume,Beauty,Central,Lucknow,Corporate,4,190.97,5,763.86,28.86,126.66,Credit Card,Returned,54,4.0
2024-12-28,ORD01625,CUST3005,Yoga Mat,Sports,North,Jaipur,Consumer,5,119.52,10,597.59,25.95,71.71,Cash on Delivery,Completed,22,3.8
2024-12-28,ORD04867,CUST1956,Sports Bottle,Sports,West,Ahmedabad,Consumer,3,263.12,0,789.36,16.62,75.25,PayPal,Completed,54,4.7
2024-12-28,ORD04142,CUST1115,Lipstick,Beauty,South,Hyderabad,Consumer,2,21.89,10,43.77,20.63,-19.74,Cash on Delivery,Completed,53,4.6
2024-12-28,ORD02064,CUST2130,Smartphone,Electronics,East,Bhubaneswar,Small Business,3,231.94,5,695.83,37.87,121.39,Credit Card,Cancelled,42,1.2
2024-12-28,ORD02462,CUST2164,Air Fryer,Home & Kitchen,East,Kolkata,Consumer,4,80.96,10,323.84,38.24,-30.74,Debit Card,Returned,50,5.0
2024-12-28,ORD04873,CUST1185,Fitness Band,Sports,North,Jaipur,Consumer,4,45.27,5,181.1,27.59,-11.24,Debit Card,Completed,34,3.4
2024-12-28,ORD00228,CUST2820,Notebook,Office Supplies,Central,Bhopal,Consumer,3,257.47,5,772.41,41.68,43.08,PayPal,Completed,59,4.5
2024-12-28,ORD04975,CUST2484,Laptop,Electronics,East,Guwahati,Consumer,3,1390.46,5,4171.39,29.39,341.4,UPI,Cancelled,53,4.0
2024-12-28,ORD02864,CUST1125,Vacuum Cleaner,Home & Kitchen,North,Jaipur,Consumer,2,156.93,10,313.86,17.75,-8.49,Credit Card,Completed,60,3.2
2024-12-28,ORD04068,CUST1423,Smartwatch,Electronics,East,Bhubaneswar,Consumer,1,127.91,5,127.91,9.74,6.07,PayPal,Completed,38,3.8
2024-12-28,ORD02963,CUST2906,Headphones,Electronics,South,Hyderabad,Corporate,2,457.56,5,915.12,23.71,58.44,Cash on Delivery,Completed,27,3.5
2024-12-29,ORD03297,CUST1296,Notebook,Office Supplies,West,Mumbai,Consumer,2,179.12,10,358.24,27.26,18.31,UPI,Completed,31,4.2
2024-12-29,ORD00790,CUST2254,Yoga Mat,Sports,North,Chandigarh,Small Business,4,113.06,0,452.24,41.45,29.16,UPI,Completed,63,3.2
2024-12-29,ORD02617,CUST1824,Headphones,Electronics,West,Ahmedabad,Corporate,5,1137.24,5,5686.2,50.59,1036.28,Debit Card,Cancelled,30,3.1
2024-12-29,ORD03423,CUST3234,Smartphone,Electronics,South,Bengaluru,Corporate,1,804.49,10,804.49,11.22,73.32,UPI,Returned,55,2.3
2024-12-29,ORD04787,CUST1447,Headphones,Electronics,South,Chennai,Consumer,2,1267.55,0,2535.11,30.33,195.93,PayPal,Completed,31,3.8
2024-12-29,ORD00295,CUST1083,Backpack,Fashion,North,Chandigarh,Corporate,3,200.95,5,602.84,27.11,56.04,UPI,Completed,43,2.4
2024-12-29,ORD02248,CUST2023,Air Fryer,Home & Kitchen,South,Chennai,Consumer,3,253.18,10,759.55,37.05,46.42,Credit Card,Completed,47,4.7
2024-12-29,ORD00103,CUST2899,T-Shirt,Fashion,North,Delhi,Consumer,4,188.24,10,752.98,34.76,21.14,UPI,Returned,45,2.7
2024-12-29,ORD01454,CUST3120,Jeans,Fashion,North,Chandigarh,Consumer,3,244.11,15,732.32,17.97,21.77,PayPal,Completed,25,4.4
2024-12-29,ORD02249,CUST2259,Laptop,Electronics,East,Guwahati,Small Business,5,555.83,5,2779.14,45.86,91.35,Credit Card,Completed,45,3.1
2024-12-29,ORD01773,CUST1418,Sports Bottle,Sports,South,Chennai,Small Business,3,42.44,10,127.31,23.15,-12.61,Credit Card,Completed,51,4.5
2024-12-29,ORD04714,CUST2509,Smartwatch,Electronics,East,Bhubaneswar,Small Business,5,800.13,0,4000.66,44.77,646.92,Debit Card,Completed,63,4.9
2024-12-29,ORD03276,CUST3382,Smartwatch,Electronics,South,Hyderabad,Small Business,4,758.9,5,3035.6,24.67,171.15,Credit Card,Completed,40,2.9
2024-12-30,ORD04506,CUST2390,Lipstick,Beauty,South,Bengaluru,Corporate,3,204.42,20,613.25,36.14,-60.09,UPI,Completed,19,4.1
2024-12-30,ORD04780,CUST1428,Backpack,Fashion,South,Chennai,Consumer,1,44.23,0,44.23,11.48,-0.3,UPI,Completed,44,3.6
2024-12-30,ORD04227,CUST2143,Face Serum,Beauty,South,Chennai,Consumer,5,38.4,15,191.99,52.57,-57.13,UPI,Completed,18,3.6
2024-12-30,ORD03275,CUST1617,Vacuum Cleaner,Home & Kitchen,West,Pune,Corporate,5,181.92,0,909.59,36.71,115.35,Credit Card,Completed,44,3.0
2024-12-30,ORD02342,CUST1195,Printer,Office Supplies,West,Ahmedabad,Corporate,3,296.4,0,889.21,36.53,88.41,UPI,Completed,46,3.6
2024-12-30,ORD01959,CUST2941,Keyboard,Office Supplies,North,Delhi,Consumer,1,156.83,5,156.83,9.95,1.88,Credit Card,Completed,63,3.8
2024-12-30,ORD03029,CUST1722,Vacuum Cleaner,Home & Kitchen,East,Bhubaneswar,Consumer,3,48.15,10,144.44,38.02,-33.13,Credit Card,Cancelled,18,3.7
2024-12-30,ORD04809,CUST1180,Smartphone,Electronics,East,Kolkata,Small Business,3,843.18,10,2529.55,39.4,-35.31,Credit Card,Completed,27,4.3
2024-12-30,ORD03429,CUST2581,Perfume,Beauty,Central,Indore,Consumer,3,114.05,10,342.15,28.92,25.9,UPI,Completed,52,3.7
2024-12-30,ORD00117,CUST1820,Keyboard,Office Supplies,East,Guwahati,Small Business,4,23.61,20,94.45,47.43,-49.74,Debit Card,Returned,62,3.0
2024-12-30,ORD01643,CUST3311,Vacuum Cleaner,Home & Kitchen,South,Chennai,Corporate,5,348.35,15,1741.73,35.74,-116.14,Debit Card,Completed,24,3.6
2024-12-31,ORD01933,CUST1530,Smartphone,Electronics,West,Pune,Consumer,4,607.43,10,2429.71,35.28,-54.88,UPI,Completed,39,4.7
2024-12-31,ORD00168,CUST3323,Jeans,Fashion,Central,Indore,Consumer,3,204.61,10,613.82,42.73,49.02,Debit Card,Completed,59,5.0
2024-12-31,ORD01049,CUST1156,Office Chair,Office Supplies,West,Mumbai,Small Business,3,227.89,10,683.67,22.68,-6.54,UPI,Completed,26,3.5
2024-12-31,ORD01090,CUST2551,Jeans,Fashion,East,Kolkata,Consumer,2,192.17,15,384.35,18.81,14.33,PayPal,Completed,58,3.9
2024-12-31,ORD02955,CUST1350,Smartphone,Electronics,East,Guwahati,Consumer,3,595.22,10,1785.66,13.8,60.44,PayPal,Completed,46,5.0
2024-12-31,ORD00514,CUST2185,Fitness Band,Sports,Central,Indore,Corporate,4,32.27,5,129.08,14.98,10.39,Credit Card,Completed,44,3.6
2024-12-31,ORD04419,CUST2377,T-Shirt,Fashion,North,Delhi,Small Business,5,75.64,10,378.22,38.7,10.45,UPI,Completed,54,2.6
2025-01-01,ORD03710,CUST2857,Jacket,Fashion,West,Pune,Corporate,3,69.99,0,209.96,39.49,11.03,Debit Card,Completed,19,4.7
2025-01-01,ORD03724,CUST3276,Jacket,Fashion,Central,Lucknow,Consumer,2,128.32,5,256.63,20.26,9.35,UPI,Completed,32,4.8
2025-01-01,ORD01179,CUST1780,Sneakers,Fashion,West,Pune,Consumer,2,122.21,15,244.42,23.48,-10.9,Credit Card,Completed,19,5.0
2025-01-01,ORD01917,CUST1836,T-Shirt,Fashion,West,Pune,Small Business,5,222.42,20,1112.12,37.87,-73.28,Cash on Delivery,Completed,36,3.7
2025-01-01,ORD00251,CUST2191,Notebook,Office Supplies,West,Ahmedabad,Consumer,2,232.04,0,464.08,32.43,8.26,PayPal,Completed,43,5.0
2025-01-01,ORD03677,CUST2309,Coffee Maker,Home & Kitchen,North,Jaipur,Corporate,2,110.84,15,221.69,32.74,-22.05,Debit Card,Returned,33,3.6
2025-01-01,ORD03887,CUST2960,Office Chair,Office Supplies,West,Ahmedabad,Consumer,1,210.39,20,210.39,18.35,-9.24,Debit Card,Cancelled,63,3.6
2025-01-01,ORD02979,CUST1805,Printer,Office Supplies,West,Ahmedabad,Consumer,5,378.29,5,1891.45,47.38,252.82,UPI,Completed,57,4.6
2025-01-01,ORD01970,CUST1888,Tablet,Electronics,Central,Bhopal,Consumer,1,1382.52,15,1382.52,22.77,45.54,Debit Card,Completed,60,3.8
2025-01-02,ORD01386,CUST2310,Smartphone,Electronics,North,Chandigarh,Consumer,4,554.59,5,2218.35,23.48,406.62,UPI,Completed,35,3.5
2025-01-02,ORD03200,CUST1214,Keyboard,Office Supplies,West,Ahmedabad,Small Business,3,392.97,10,1178.92,33.09,28.29,Debit Card,Completed,55,4.1
2025-01-02,ORD01897,CUST2408,Yoga Mat,Sports,West,Ahmedabad,Consumer,5,271.16,5,1355.79,47.07,78.7,PayPal,Completed,33,3.8
2025-01-02,ORD01593,CUST1941,Smartwatch,Electronics,West,Ahmedabad,Consumer,4,872.32,15,3489.28,18.68,151.6,Cash on Delivery,Returned,20,4.3
2025-01-02,ORD01950,CUST2402,T-Shirt,Fashion,West,Mumbai,Corporate,3,54.46,5,163.37,14.91,-9.05,Credit Card,Returned,41,4.6
2025-01-02,ORD01545,CUST2737,Laptop,Electronics,West,Mumbai,Corporate,3,1030.75,15,3092.24,26.45,2.47,Cash on Delivery,Completed,37,4.5
2025-01-02,ORD00138,CUST1111,Jacket,Fashion,West,Ahmedabad,Consumer,3,227.86,15,683.59,40.98,-60.88,UPI,Completed,32,5.0
2025-01-02,ORD01103,CUST1726,Office Chair,Office Supplies,East,Guwahati,Consumer,1,51.15,10,51.15,21.33,-20.63,UPI,Returned,46,4.0
2025-01-02,ORD02181,CUST2621,Printer,Office Supplies,South,Chennai,Corporate,2,425.61,5,851.22,31.14,82.66,Debit Card,Completed,26,3.4
2025-01-02,ORD03386,CUST1116,Yoga Mat,Sports,Central,Indore,Consumer,2,221.3,5,442.61,15.74,74.22,Credit Card,Completed,26,2.4
2025-01-02,ORD02400,CUST1766,Perfume,Beauty,Central,Bhopal,Consumer,1,15.15,5,15.15,16.63,-13.28,UPI,Completed,58,4.0
2025-01-02,ORD00569,CUST1366,Smartphone,Electronics,North,Delhi,Corporate,2,879.88,15,1759.75,22.84,-44.69,UPI,Completed,57,5.0
2025-01-02,ORD04042,CUST1151,Printer,Office Supplies,Central,Lucknow,Consumer,2,78.94,5,157.88,30.07,-5.83,Debit Card,Completed,47,5.0
2025-01-03,ORD00161,CUST1383,Blender,Home & Kitchen,North,Jaipur,Corporate,5,235.43,10,1177.16,36.69,95.04,Debit Card,Cancelled,47,4.1
2025-01-03,ORD03146,CUST3441,Vacuum Cleaner,Home & Kitchen,South,Chennai,Consumer,2,82.35,0,164.69,10.0,36.0,PayPal,Completed,45,3.9
2025-01-03,ORD01065,CUST3308,Sports Bottle,Sports,West,Pune,Corporate,2,322.35,15,644.69,21.02,17.18,UPI,Completed,28,4.6
2025-01-03,ORD04814,CUST2297,Jacket,Fashion,North,Delhi,Consumer,2,184.51,0,369.02,43.04,-1.83,Debit Card,Returned,52,4.9
2025-01-03,ORD04811,CUST1708,Lipstick,Beauty,East,Bhubaneswar,Small Business,1,116.59,15,116.59,7.44,-11.63,Debit Card,Returned,23,4.0
2025-01-03,ORD00922,CUST2263,Office Chair,Office Supplies,South,Chennai,Consumer,4,29.29,5,117.17,26.89,-1.78,Debit Card,Cancelled,24,3.8
2025-01-03,ORD03905,CUST2670,Blender,Home & Kitchen,Central,Lucknow,Consumer,1,84.17,0,84.17,37.85,-20.13,UPI,Cancelled,63,4.7
2025-01-03,ORD01088,CUST2691,T-Shirt,Fashion,South,Chennai,Small Business,2,101.27,5,202.55,30.42,-16.16,Cash on Delivery,Completed,25,4.1
2025-01-04,ORD03267,CUST3121,Sneakers,Fashion,North,Chandigarh,Corporate,1,205.41,10,205.41,12.1,2.55,Debit Card,Cancelled,48,4.6
2025-01-04,ORD03534,CUST2515,Cookware Set,Home & Kitchen,West,Mumbai,Consumer,3,426.97,0,1280.92,27.0,263.13,UPI,Returned,25,5.0
2025-01-04,ORD00436,CUST1704,Coffee Maker,Home & Kitchen,South,Hyderabad,Consumer,5,277.89,10,1389.45,21.3,81.47,Credit Card,Completed,22,3.9
2025-01-04,ORD03282,CUST1652,Backpack,Fashion,South,Chennai,Small Business,3,249.43,5,748.3,38.53,21.88,Debit Card,Cancelled,39,3.8
2025-01-04,ORD02975,CUST1588,Laptop,Electronics,North,Jaipur,Consumer,2,620.03,0,1240.07,18.06,230.66,Credit Card,Completed,49,5.0
2025-01-04,ORD03329,CUST1862,T-Shirt,Fashion,West,Mumbai,Consumer,4,176.06,5,704.23,39.1,6.8,PayPal,Completed,58,4.5
2025-01-04,ORD04781,CUST1268,Shampoo,Beauty,North,Delhi,Consumer,3,100.47,15,301.42,28.18,-36.21,PayPal,Completed,39,2.8
2025-01-05,ORD00975,CUST3325,Laptop,Electronics,Central,Lucknow,Small Business,2,1333.4,10,2666.8,34.6,220.23,Credit Card,Completed,64,4.9
2025-01-05,ORD03901,CUST3446,Headphones,Electronics,South,Bengaluru,Consumer,4,858.43,0,3433.71,27.83,636.7,Credit Card,Completed,47,5.0
2025-01-05,ORD03610,CUST1080,Jeans,Fashion,North,Chandigarh,Corporate,1,36.22,15,36.22,15.78,-13.6,UPI,Completed,30,2.1
2025-01-05,ORD04107,CUST1108,Lipstick,Beauty,North,Jaipur,Corporate,3,134.09,10,402.26,41.83,-41.43,UPI,Completed,31,5.0
2025-01-05,ORD00765,CUST1027,Printer,Office Supplies,Central,Indore,Consumer,1,188.78,0,188.78,16.56,8.07,UPI,Completed,49,3.7
2025-01-05,ORD01401,CUST3263,Face Serum,Beauty,East,Kolkata,Corporate,4,20.79,0,83.16,33.71,-14.43,Debit Card,Completed,49,4.0
2025-01-05,ORD04589,CUST3361,Keyboard,Office Supplies,North,Jaipur,Consumer,2,105.15,10,210.29,10.93,-8.3,UPI,Completed,39,4.9
2025-01-05,ORD00888,CUST3422,Perfume,Beauty,North,Delhi,Consumer,3,89.17,10,267.51,39.03,-2.63,PayPal,Returned,21,3.9
2025-01-05,ORD03805,CUST3391,T-Shirt,Fashion,West,Mumbai,Consumer,2,20.61,10,41.22,35.7,-36.26,Credit Card,Completed,62,5.0
2025-01-05,ORD04047,CUST2681,Notebook,Office Supplies,South,Chennai,Consumer,4,49.74,15,198.95,19.44,-5.5,Debit Card,Completed,60,4.5
2025-01-05,ORD03665,CUST2803,Office Chair,Office Supplies,Central,Lucknow,Consumer,2,309.14,5,618.28,18.3,20.23,UPI,Completed,58,5.0
2025-01-05,ORD04916,CUST2495,Smartwatch,Electronics,West,Ahmedabad,Consumer,3,765.71,15,2297.14,32.69,253.41,PayPal,Completed,53,2.6
2025-01-05,ORD04868,CUST2992,Lipstick,Beauty,East,Bhubaneswar,Corporate,3,37.7,15,113.11,25.65,-18.04,PayPal,Completed,61,3.0
2025-01-05,ORD03845,CUST3160,Printer,Office Supplies,South,Bengaluru,Consumer,4,436.76,10,1747.06,33.07,184.84,Credit Card,Completed,34,3.4
2025-01-05,ORD03522,CUST2190,Air Fryer,Home & Kitchen,South,Bengaluru,Consumer,5,416.12,5,2080.58,45.64,188.42,Credit Card,Returned,46,4.6
2025-01-06,ORD02838,CUST3181,Dumbbells,Sports,East,Guwahati,Consumer,1,336.89,0,336.89,20.89,18.74,Credit Card,Returned,48,3.4
2025-01-06,ORD03465,CUST1916,Air Fryer,Home & Kitchen,South,Bengaluru,Consumer,3,88.86,0,266.57,14.03,34.06,UPI,Completed,53,4.9
2025-01-06,ORD01245,CUST1963,Dumbbells,Sports,South,Bengaluru,Corporate,1,276.88,10,276.88,16.34,19.13,Cash on Delivery,Completed,28,4.0
2025-01-06,ORD01525,CUST2613,Tablet,Electronics,South,Chennai,Consumer,2,913.02,5,1826.04,13.13,170.7,Debit Card,Returned,40,3.7
2025-01-06,ORD00445,CUST2238,Backpack,Fashion,North,Delhi,Consumer,1,184.9,15,184.9,19.38,-22.61,UPI,Completed,33,4.6
2025-01-06,ORD04831,CUST2209,Shampoo,Beauty,North,Delhi,Corporate,1,187.15,0,187.15,30.17,-12.96,UPI,Completed,19,3.8
2025-01-07,ORD03283,CUST2844,Smartphone,Electronics,Central,Lucknow,Consumer,1,973.29,10,973.29,35.38,40.08,Cash on Delivery,Completed,18,5.0
2025-01-07,ORD01629,CUST2324,Notebook,Office Supplies,North,Delhi,Consumer,5,422.5,10,2112.49,30.34,159.18,UPI,Cancelled,29,3.2
2025-01-07,ORD00401,CUST1416,Backpack,Fashion,Central,Indore,Consumer,5,85.46,10,427.29,15.73,-22.0,UPI,Returned,51,4.8
2025-01-07,ORD03011,CUST1112,Perfume,Beauty,South,Chennai,Consumer,4,16.52,10,66.07,21.36,-18.26,Cash on Delivery,Completed,61,4.7
2025-01-07,ORD00397,CUST3206,Shampoo,Beauty,Central,Indore,Corporate,4,56.87,0,227.48,14.86,18.24,Credit Card,Returned,27,3.0
2025-01-07,ORD01174,CUST2587,Sneakers,Fashion,West,Pune,Small Business,5,108.01,5,540.06,29.13,47.59,Debit Card,Completed,25,2.8
2025-01-07,ORD00466,CUST1627,Coffee Maker,Home & Kitchen,South,Hyderabad,Small Business,3,220.94,15,662.83,32.73,24.37,UPI,Cancelled,29,3.2
2025-01-07,ORD02709,CUST2176,Backpack,Fashion,West,Mumbai,Consumer,5,128.72,5,643.59,24.52,22.03,Debit Card,Completed,30,5.0
2025-01-07,ORD02160,CUST1081,Jeans,Fashion,West,Pune,Consumer,1,154.74,10,154.74,19.81,-20.05,Cash on Delivery,Completed,47,4.4
2025-01-07,ORD01384,CUST1221,Smartphone,Electronics,North,Chandigarh,Small Business,3,1021.08,20,3063.24,27.47,-303.94,Credit Card,Completed,50,4.5
2025-01-07,ORD01818,CUST1631,Smartwatch,Electronics,West,Pune,Consumer,5,751.02,0,3755.09,33.69,350.63,Credit Card,Completed,46,4.5
2025-01-08,ORD03811,CUST1525,Jeans,Fashion,West,Ahmedabad,Small Business,1,181.72,0,181.72,26.45,-8.05,UPI,Completed,62,3.6
2025-01-08,ORD03404,CUST1662,Jacket,Fashion,West,Ahmedabad,Consumer,3,192.23,5,576.69,28.6,66.54,Debit Card,Completed,39,3.8
2025-01-08,ORD03249,CUST3148,Perfume,Beauty,North,Jaipur,Small Business,5,147.3,10,736.48,21.57,-3.23,Credit Card,Completed,35,4.5
2025-01-08,ORD03232,CUST2618,Headphones,Electronics,Central,Bhopal,Small Business,3,891.86,0,2675.58,34.7,214.63,Credit Card,Completed,30,4.1
2025-01-08,ORD02786,CUST1263,Moisturizer,Beauty,South,Bengaluru,Corporate,4,180.71,20,722.86,28.5,-24.58,Debit Card,Completed,49,2.9
2025-01-08,ORD02113,CUST2265,Backpack,Fashion,Central,Lucknow,Consumer,4,52.4,20,209.6,14.54,-33.03,Credit Card,Completed,25,4.5
2025-01-08,ORD01019,CUST2117,Fitness Band,Sports,Central,Indore,Consumer,2,346.54,10,693.09,31.0,-21.69,Debit Card,Cancelled,37,4.8
2025-01-08,ORD02751,CUST3048,Lipstick,Beauty,South,Hyderabad,Consumer,2,40.85,5,81.7,18.24,-9.98,UPI,Completed,40,3.1
2025-01-08,ORD04463,CUST1448,Printer,Office Supplies,North,Delhi,Small Business,2,84.09,0,168.17,23.46,10.1,UPI,Completed,58,4.9
2025-01-09,ORD04282,CUST1266,Shampoo,Beauty,West,Pune,Small Business,4,50.31,15,201.22,25.11,-38.26,UPI,Completed,58,4.7
2025-01-09,ORD03041,CUST2647,Laptop,Electronics,South,Bengaluru,Consumer,4,769.57,10,3078.28,28.32,455.84,Credit Card,Returned,45,4.9
2025-01-09,ORD03187,CUST2075,Fitness Band,Sports,North,Delhi,Small Business,3,59.55,15,178.66,11.93,3.53,Debit Card,Completed,49,5.0
2025-01-09,ORD04125,CUST2055,Smartwatch,Electronics,Central,Indore,Consumer,3,216.06,10,648.19,12.25,7.3,PayPal,Completed,44,3.3
2025-01-09,ORD00688,CUST1990,Dumbbells,Sports,West,Pune,Consumer,3,32.19,10,96.58,48.22,-42.22,Credit Card,Completed,18,5.0
2025-01-09,ORD02517,CUST1873,Coffee Maker,Home & Kitchen,West,Mumbai,Consumer,4,424.94,0,1699.76,40.53,114.84,UPI,Completed,60,3.3
2025-01-09,ORD04275,CUST1358,Tablet,Electronics,West,Mumbai,Consumer,1,365.77,5,365.77,22.19,-8.37,UPI,Completed,40,4.4
2025-01-09,ORD03942,CUST1347,Yoga Mat,Sports,North,Chandigarh,Consumer,3,210.8,10,632.4,28.88,-13.9,Cash on Delivery,Returned,50,4.2
2025-01-10,ORD04652,CUST2335,Tablet,Electronics,South,Bengaluru,Consumer,1,1347.09,10,1347.09,34.64,57.64,PayPal,Returned,53,3.7
2025-01-10,ORD00605,CUST1827,Tablet,Electronics,South,Bengaluru,Consumer,3,1333.33,0,4000.0,15.35,655.39,UPI,Completed,53,3.8
2025-01-10,ORD00202,CUST1262,Desk Lamp,Office Supplies,West,Ahmedabad,Small Business,3,297.3,0,891.89,43.8,51.75,Cash on Delivery,Completed,55,4.4
2025-01-10,ORD04236,CUST1319,Office Chair,Office Supplies,West,Mumbai,Consumer,4,40.62,15,162.47,46.34,-45.81,Debit Card,Completed,30,3.2
2025-01-10,ORD03837,CUST2255,Air Fryer,Home & Kitchen,North,Chandigarh,Consumer,4,107.01,0,428.05,30.31,32.75,Debit Card,Completed,52,4.9
2025-01-10,ORD01951,CUST2503,Notebook,Office Supplies,West,Pune,Corporate,2,131.71,5,263.43,15.93,-0.45,UPI,Completed,29,3.1
2025-01-10,ORD03302,CUST1005,Jeans,Fashion,North,Jaipur,Consumer,5,30.94,10,154.68,16.93,-15.15,Credit Card,Completed,54,4.5
2025-01-10,ORD00187,CUST1446,Fitness Band,Sports,West,Ahmedabad,Small Business,2,165.98,10,331.95,20.99,-13.34,UPI,Completed,21,3.4
2025-01-11,ORD02917,CUST2767,Office Chair,Office Supplies,Central,Indore,Consumer,5,44.41,0,222.07,32.75,-9.48,PayPal,Completed,52,3.5
2025-01-11,ORD02856,CUST2574,Lipstick,Beauty,North,Delhi,Consumer,5,69.45,5,347.25,18.19,54.36,Cash on Delivery,Completed,33,3.3
2025-01-11,ORD01716,CUST2193,Headphones,Electronics,South,Hyderabad,Consumer,2,441.78,5,883.57,19.45,152.83,UPI,Completed,48,3.1
2025-01-11,ORD01085,CUST3390,Smartphone,Electronics,South,Chennai,Consumer,4,395.68,5,1582.73,20.1,125.98,Credit Card,Completed,40,4.1
2025-01-11,ORD01821,CUST1658,Sneakers,Fashion,West,Mumbai,Corporate,3,182.6,20,547.8,23.45,15.57,UPI,Returned,50,4.9
2025-01-11,ORD02714,CUST2973,Cookware Set,Home & Kitchen,South,Bengaluru,Consumer,3,186.85,10,560.55,39.36,-36.62,Credit Card,Completed,33,2.1
2025-01-12,ORD04731,CUST2440,Laptop,Electronics,South,Bengaluru,Corporate,2,1281.89,5,2563.78,16.27,395.85,Debit Card,Completed,60,3.9
2025-01-12,ORD04049,CUST3423,Keyboard,Office Supplies,North,Jaipur,Consumer,1,204.2,0,204.2,14.65,21.36,Debit Card,Cancelled,31,3.4
2025-01-12,ORD02909,CUST2957,Coffee Maker,Home & Kitchen,East,Guwahati,Corporate,3,111.43,0,334.29,28.14,32.72,UPI,Completed,53,3.8
2025-01-12,ORD04096,CUST2500,Dumbbells,Sports,North,Delhi,Consumer,4,129.2,0,516.81,17.88,73.04,Credit Card,Completed,60,3.5
2025-01-12,ORD04418,CUST2136,Yoga Mat,Sports,Central,Indore,Consumer,1,291.25,5,291.25,14.63,50.95,Debit Card,Cancelled,53,4.1
2025-01-12,ORD01568,CUST1190,Smartwatch,Electronics,North,Chandigarh,Consumer,1,904.17,10,904.17,31.46,49.05,Cash on Delivery,Completed,60,3.1
2025-01-12,ORD03655,CUST1445,Cookware Set,Home & Kitchen,East,Kolkata,Consumer,3,313.1,0,939.29,31.17,150.59,UPI,Completed,18,3.5
2025-01-12,ORD00038,CUST2928,Tablet,Electronics,North,Jaipur,Consumer,2,902.66,15,1805.32,28.85,52.85,Credit Card,Returned,28,4.0
2025-01-12,ORD04716,CUST2308,T-Shirt,Fashion,Central,Lucknow,Consumer,5,217.24,5,1086.21,54.6,28.07,Credit Card,Completed,44,3.7
2025-01-13,ORD00258,CUST2850,Smartphone,Electronics,Central,Lucknow,Consumer,4,426.75,10,1706.99,25.01,21.42,UPI,Returned,49,3.5
2025-01-13,ORD04996,CUST1725,Lipstick,Beauty,Central,Lucknow,Corporate,3,170.77,5,512.32,24.86,41.88,PayPal,Completed,34,4.4
2025-01-13,ORD04662,CUST3065,Printer,Office Supplies,North,Jaipur,Small Business,3,88.36,10,265.08,41.87,-43.84,Debit Card,Completed,21,4.2
2025-01-13,ORD03663,CUST3326,Shampoo,Beauty,East,Guwahati,Consumer,5,27.88,15,139.39,46.41,-48.18,Debit Card,Completed,24,4.6
2025-01-13,ORD00488,CUST2918,Tablet,Electronics,South,Bengaluru,Consumer,4,747.11,10,2988.45,46.18,140.03,Debit Card,Completed,39,5.0
2025-01-13,ORD01856,CUST2656,Running Shoes,Sports,North,Delhi,Corporate,4,247.55,10,990.22,25.24,78.05,Debit Card,Returned,34,5.0
2025-01-13,ORD02000,CUST1939,Jeans,Fashion,South,Chennai,Consumer,4,105.04,0,420.16,36.75,24.57,PayPal,Completed,58,3.6
2025-01-13,ORD02767,CUST2771,Face Serum,Beauty,West,Ahmedabad,Consumer,2,22.2,10,44.41,36.47,-36.76,Cash on Delivery,Cancelled,49,3.8
2025-01-13,ORD02782,CUST1566,Notebook,Office Supplies,South,Chennai,Corporate,3,67.97,15,203.91,39.39,-50.9,UPI,Completed,53,4.4
2025-01-13,ORD04316,CUST3403,Vacuum Cleaner,Home & Kitchen,West,Ahmedabad,Consumer,1,295.98,10,295.98,12.04,26.18,PayPal,Completed,59,2.9
2025-01-13,ORD02014,CUST1830,Headphones,Electronics,East,Bhubaneswar,Small Business,1,1308.57,5,1308.57,16.4,219.79,UPI,Completed,62,3.8
2025-01-13,ORD03847,CUST2831,Sneakers,Fashion,North,Delhi,Consumer,5,242.16,0,1210.8,10.55,236.04,Debit Card,Completed,27,3.5
2025-01-14,ORD01027,CUST1020,Sports Bottle,Sports,North,Jaipur,Corporate,1,343.95,0,343.95,23.08,72.82,Cash on Delivery,Cancelled,53,4.4
2025-01-14,ORD03344,CUST2143,Vacuum Cleaner,Home & Kitchen,West,Pune,Consumer,2,161.11,0,322.21,12.79,57.51,Debit Card,Completed,46,3.2
2025-01-14,ORD00748,CUST1657,Headphones,Electronics,South,Chennai,Small Business,3,1064.86,20,3194.57,14.99,-366.64,Debit Card,Completed,30,4.6
2025-01-14,ORD02265,CUST1256,Moisturizer,Beauty,Central,Bhopal,Corporate,4,129.42,15,517.69,34.69,-60.15,Cash on Delivery,Completed,40,2.7
2025-01-14,ORD04466,CUST1535,Keyboard,Office Supplies,Central,Lucknow,Small Business,3,15.26,10,45.78,18.91,-16.57,UPI,Completed,60,3.9
2025-01-14,ORD00517,CUST2990,Lipstick,Beauty,West,Mumbai,Corporate,1,117.22,20,117.22,38.22,-46.37,Debit Card,Completed,49,5.0
2025-01-14,ORD00860,CUST1116,Moisturizer,Beauty,South,Chennai,Consumer,1,212.86,10,212.86,25.06,-15.68,Credit Card,Completed,53,5.0
2025-01-14,ORD01599,CUST2865,Smartphone,Electronics,North,Delhi,Consumer,3,215.49,15,646.47,26.42,-49.32,UPI,Completed,55,3.7
2025-01-14,ORD03313,CUST1573,T-Shirt,Fashion,South,Bengaluru,Small Business,1,131.26,10,131.26,19.2,3.71,UPI,Cancelled,25,4.7
2025-01-14,ORD01079,CUST2284,Vacuum Cleaner,Home & Kitchen,East,Guwahati,Corporate,2,238.15,5,476.3,15.73,29.73,Cash on Delivery,Returned,42,4.3
2025-01-15,ORD04897,CUST2899,Smartphone,Electronics,South,Chennai,Consumer,4,448.18,20,1792.72,25.41,69.85,Debit Card,Completed,51,4.9
2025-01-15,ORD03238,CUST1680,Smartphone,Electronics,West,Mumbai,Consumer,1,787.21,5,787.21,32.74,65.71,Debit Card,Completed,22,4.5
2025-01-15,ORD00409,CUST3104,Lipstick,Beauty,West,Mumbai,Small Business,3,202.77,10,608.3,37.06,-10.38,UPI,Returned,29,3.1
2025-01-15,ORD01913,CUST3113,Smartwatch,Electronics,East,Guwahati,Consumer,4,1394.22,5,5576.86,39.64,630.4,Debit Card,Completed,21,2.1
2025-01-15,ORD00603,CUST1522,Coffee Maker,Home & Kitchen,North,Chandigarh,Corporate,5,256.21,0,1281.05,45.78,219.39,PayPal,Completed,18,3.8
2025-01-15,ORD03795,CUST2728,Dumbbells,Sports,East,Kolkata,Consumer,3,245.56,15,736.67,46.6,-19.97,Credit Card,Completed,35,3.4
2025-01-15,ORD00057,CUST2030,Sports Bottle,Sports,South,Bengaluru,Consumer,1,49.28,20,49.28,27.42,-26.95,Debit Card,Completed,28,3.6
2025-01-15,ORD04768,CUST2436,Yoga Mat,Sports,West,Mumbai,Small Business,4,139.54,10,558.17,43.51,-2.17,Credit Card,Completed,48,4.2
2025-01-15,ORD03092,CUST2860,Shampoo,Beauty,West,Mumbai,Corporate,5,104.02,15,520.11,34.94,6.2,Debit Card,Completed,42,4.0
2025-01-15,ORD04537,CUST1489,Dumbbells,Sports,Central,Lucknow,Corporate,2,207.14,10,414.27,24.92,3.01,UPI,Completed,23,3.2
2025-01-15,ORD00383,CUST1560,Moisturizer,Beauty,Central,Bhopal,Consumer,5,138.85,0,694.23,16.67,43.85,Credit Card,Completed,22,4.5
2025-01-16,ORD04715,CUST1700,Sneakers,Fashion,West,Ahmedabad,Consumer,5,122.83,15,614.16,36.04,-58.8,Credit Card,Completed,38,4.4
2025-01-16,ORD00531,CUST2504,Perfume,Beauty,West,Ahmedabad,Consumer,2,173.41,15,346.83,29.19,-44.3,Debit Card,Completed,24,4.1
2025-01-16,ORD01941,CUST1095,Keyboard,Office Supplies,West,Ahmedabad,Consumer,3,109.04,5,327.13,23.0,34.17,Credit Card,Completed,47,4.2
2025-01-16,ORD02405,CUST2101,Smartphone,Electronics,North,Jaipur,Corporate,3,242.41,10,727.23,18.01,-26.52,Cash on Delivery,Returned,48,3.8
2025-01-16,ORD01028,CUST2559,Office Chair,Office Supplies,West,Pune,Consumer,3,416.9,0,1250.69,38.71,93.91,Credit Card,Completed,55,2.8
2025-01-16,ORD04610,CUST2042,Dumbbells,Sports,Central,Bhopal,Consumer,1,251.08,20,251.08,7.43,3.68,Cash on Delivery,Completed,36,4.2
2025-01-16,ORD01713,CUST2302,Vacuum Cleaner,Home & Kitchen,South,Bengaluru,Corporate,1,318.32,0,318.32,38.73,28.76,Debit Card,Completed,31,5.0
2025-01-16,ORD02983,CUST3213,Notebook,Office Supplies,East,Guwahati,Consumer,4,315.58,5,1262.31,15.69,118.55,Debit Card,Completed,19,3.9
2025-01-16,ORD04672,CUST2334,Face Serum,Beauty,West,Pune,Consumer,2,198.05,10,396.09,16.59,-4.71,UPI,Cancelled,26,4.2
2025-01-16,ORD00064,CUST1955,Jacket,Fashion,North,Jaipur,Small Business,3,66.82,5,200.47,40.63,-5.13,UPI,Completed,51,2.4
2025-01-16,ORD01574,CUST3161,Cookware Set,Home & Kitchen,West,Mumbai,Corporate,2,451.67,5,903.35,19.4,156.23,PayPal,Completed,36,4.5
2025-01-17,ORD02678,CUST2218,Shampoo,Beauty,East,Guwahati,Corporate,1,218.35,5,218.35,28.14,13.93,Debit Card,Completed,64,3.7
2025-01-17,ORD00292,CUST1591,Perfume,Beauty,West,Ahmedabad,Consumer,3,83.48,20,250.44,17.79,-24.77,UPI,Completed,29,3.5
2025-01-17,ORD02436,CUST1508,Coffee Maker,Home & Kitchen,Central,Bhopal,Corporate,5,340.06,10,1700.31,46.35,-65.23,Credit Card,Returned,56,4.8
2025-01-17,ORD02846,CUST2798,Vacuum Cleaner,Home & Kitchen,Central,Indore,Small Business,5,140.82,5,704.11,38.28,90.94,PayPal,Completed,39,3.8
2025-01-17,ORD01260,CUST1858,Jeans,Fashion,North,Jaipur,Consumer,2,136.28,5,272.55,13.95,6.92,Credit Card,Completed,23,3.5
2025-01-17,ORD03128,CUST2571,Sneakers,Fashion,East,Kolkata,Consumer,5,144.35,10,721.76,45.32,25.41,Credit Card,Returned,43,4.5
2025-01-17,ORD04218,CUST1067,Headphones,Electronics,South,Bengaluru,Small Business,3,564.52,0,1693.56,21.41,304.5,Debit Card,Completed,34,3.5
2025-01-17,ORD03036,CUST2193,T-Shirt,Fashion,Central,Indore,Consumer,1,135.78,15,135.78,20.53,-22.53,Debit Card,Cancelled,33,4.8
2025-01-17,ORD03645,CUST3378,Headphones,Electronics,South,Chennai,Corporate,5,996.53,15,4982.63,21.61,488.31,Credit Card,Completed,42,4.4
2025-01-18,ORD00362,CUST2095,Keyboard,Office Supplies,West,Pune,Small Business,1,377.81,0,377.81,20.57,12.43,Debit Card,Returned,36,4.1
2025-01-18,ORD00957,CUST1909,Smartwatch,Electronics,West,Ahmedabad,Consumer,4,1192.65,10,4770.59,34.86,500.9,Debit Card,Returned,57,3.3
2025-01-18,ORD04063,CUST3336,Lipstick,Beauty,East,Guwahati,Consumer,5,111.67,10,558.33,21.99,71.97,Credit Card,Returned,46,4.8
2025-01-18,ORD01930,CUST2051,Jeans,Fashion,West,Mumbai,Consumer,3,160.43,0,481.28,44.68,48.08,PayPal,Completed,56,4.2
2025-01-18,ORD04268,CUST2245,Air Fryer,Home & Kitchen,North,Delhi,Corporate,2,325.29,10,650.58,20.09,62.9,Debit Card,Completed,28,4.0
2025-01-18,ORD02721,CUST2834,Face Serum,Beauty,Central,Bhopal,Consumer,5,117.63,10,588.15,51.07,-57.36,PayPal,Cancelled,42,2.9
2025-01-18,ORD00255,CUST2216,Notebook,Office Supplies,East,Kolkata,Consumer,4,431.9,0,1727.61,30.08,204.54,UPI,Completed,20,3.3
2025-01-18,ORD01769,CUST2001,Coffee Maker,Home & Kitchen,Central,Bhopal,Consumer,4,223.64,10,894.56,46.59,90.46,UPI,Returned,49,5.0
2025-01-19,ORD02755,CUST1002,Lipstick,Beauty,Central,Indore,Consumer,3,16.36,5,49.09,21.06,-11.48,PayPal,Completed,20,4.4
2025-01-19,ORD04738,CUST1083,Sneakers,Fashion,West,Ahmedabad,Small Business,1,173.71,15,173.71,23.54,-14.44,Cash on Delivery,Completed,25,2.7
2025-01-19,ORD00831,CUST1055,Jacket,Fashion,East,Kolkata,Corporate,1,180.66,0,180.66,32.12,16.47,Debit Card,Completed,40,4.7
2025-01-19,ORD03364,CUST2710,Backpack,Fashion,Central,Lucknow,Small Business,4,97.65,0,390.6,18.84,34.18,UPI,Completed,31,4.0
2025-01-19,ORD02090,CUST2911,Laptop,Electronics,South,Chennai,Consumer,1,1398.05,5,1398.05,28.86,286.94,Credit Card,Completed,42,4.8
2025-01-19,ORD02954,CUST2991,Sports Bottle,Sports,Central,Bhopal,Corporate,2,337.21,10,674.42,23.14,21.05,PayPal,Returned,47,3.5
2025-01-19,ORD01849,CUST3103,Tablet,Electronics,East,Guwahati,Corporate,3,1396.57,10,4189.71,34.92,232.93,Debit Card,Completed,62,4.1
2025-01-19,ORD00925,CUST3412,Notebook,Office Supplies,Central,Lucknow,Small Business,1,406.93,10,406.93,37.11,6.73,Debit Card,Completed,44,3.9
2025-01-20,ORD04877,CUST2869,Desk Lamp,Office Supplies,North,Jaipur,Consumer,4,42.78,0,171.12,38.39,-21.63,PayPal,Completed,55,4.0
2025-01-20,ORD04010,CUST2848,Backpack,Fashion,West,Ahmedabad,Corporate,1,128.52,5,128.52,34.51,-10.74,PayPal,Completed,60,4.2
2025-01-20,ORD00001,CUST2215,Vacuum Cleaner,Home & Kitchen,North,Delhi,Corporate,5,245.08,10,1225.42,24.25,181.27,UPI,Completed,42,4.7
2025-01-20,ORD03338,CUST2124,Running Shoes,Sports,Central,Bhopal,Consumer,1,287.1,10,287.1,15.28,16.16,Debit Card,Returned,35,5.0
2025-01-20,ORD01880,CUST2170,Printer,Office Supplies,South,Chennai,Consumer,5,342.79,15,1713.97,41.87,-95.68,Debit Card,Cancelled,18,4.3
2025-01-20,ORD00007,CUST2636,Desk Lamp,Office Supplies,East,Kolkata,Small Business,5,255.56,5,1277.82,15.15,86.27,Debit Card,Cancelled,45,3.8
2025-01-20,ORD00766,CUST1929,Smartwatch,Electronics,Central,Lucknow,Consumer,5,1333.75,15,6668.77,34.26,-421.65,Debit Card,Completed,50,3.7
2025-01-20,ORD01974,CUST3169,Laptop,Electronics,West,Ahmedabad,Corporate,5,1373.39,20,6866.96,33.71,17.98,Cash on Delivery,Returned,45,4.1
2025-01-20,ORD00958,CUST3428,Smartphone,Electronics,South,Bengaluru,Consumer,2,537.91,5,1075.83,14.72,41.76,PayPal,Completed,36,3.5
2025-01-20,ORD02098,CUST2672,Tablet,Electronics,South,Hyderabad,Consumer,4,1218.69,0,4874.76,23.15,747.05,UPI,Completed,48,4.0
2025-01-20,ORD01843,CUST1137,Jeans,Fashion,North,Chandigarh,Corporate,3,113.37,0,340.1,44.35,-7.91,UPI,Completed,40,4.1
2025-01-20,ORD02934,CUST2709,Notebook,Office Supplies,North,Delhi,Consumer,1,32.33,5,32.33,7.54,-3.5,Debit Card,Returned,55,4.2
2025-01-21,ORD01885,CUST3153,Tablet,Electronics,Central,Indore,Consumer,1,364.72,10,364.72,32.09,-39.01,PayPal,Completed,20,5.0
2025-01-21,ORD04126,CUST1626,Blender,Home & Kitchen,East,Bhubaneswar,Small Business,3,138.02,10,414.07,16.61,18.37,Credit Card,Completed,59,4.9
2025-01-21,ORD03500,CUST2188,Headphones,Electronics,East,Kolkata,Consumer,2,120.84,10,241.68,21.98,12.51,PayPal,Completed,45,4.2
2025-01-21,ORD01445,CUST2996,Running Shoes,Sports,East,Kolkata,Consumer,5,27.06,10,135.28,46.78,-22.9,UPI,Completed,64,4.2
2025-01-21,ORD01309,CUST1700,Headphones,Electronics,Central,Indore,Consumer,5,604.29,5,3021.44,43.87,559.46,Cash on Delivery,Completed,59,3.2
2025-01-21,ORD02967,CUST2251,Jeans,Fashion,East,Kolkata,Corporate,1,88.99,15,88.99,17.51,-21.84,Credit Card,Completed,33,3.8
2025-01-21,ORD02417,CUST2002,Shampoo,Beauty,North,Jaipur,Consumer,4,36.37,15,145.49,12.53,-3.65,PayPal,Cancelled,28,4.1
2025-01-21,ORD01327,CUST2741,Backpack,Fashion,Central,Lucknow,Corporate,1,155.79,10,155.79,28.2,-17.77,Credit Card,Completed,30,3.6
2025-01-22,ORD04113,CUST1498,Running Shoes,Sports,East,Guwahati,Consumer,5,225.34,10,1126.71,37.77,113.91,UPI,Cancelled,22,3.6
2025-01-22,ORD04456,CUST2972,Headphones,Electronics,East,Bhubaneswar,Consumer,3,1176.47,15,3529.4,35.12,369.46,UPI,Completed,22,3.7
2025-01-22,ORD01656,CUST2058,Yoga Mat,Sports,East,Guwahati,Corporate,5,72.26,10,361.29,23.79,5.55,Debit Card,Completed,54,3.6
2025-01-22,ORD02843,CUST2614,Cookware Set,Home & Kitchen,Central,Bhopal,Consumer,2,62.26,10,124.51,33.27,-32.22,UPI,Returned,45,3.9
2025-01-22,ORD01076,CUST1872,Yoga Mat,Sports,West,Ahmedabad,Small Business,1,299.13,10,299.13,37.85,-9.52,Credit Card,Returned,24,5.0
2025-01-22,ORD03315,CUST1160,Moisturizer,Beauty,North,Jaipur,Consumer,2,190.35,15,380.69,12.49,-7.67,PayPal,Cancelled,24,5.0
2025-01-22,ORD02726,CUST3382,Smartphone,Electronics,Central,Lucknow,Corporate,1,586.74,10,586.74,29.92,62.26,Debit Card,Completed,27,3.7
2025-01-22,ORD00276,CUST1139,Yoga Mat,Sports,North,Delhi,Consumer,4,67.84,5,271.35,27.87,24.62,Debit Card,Completed,34,4.8
2025-01-22,ORD01117,CUST3432,Lipstick,Beauty,West,Ahmedabad,Consumer,3,114.96,5,344.87,39.32,25.12,UPI,Completed,19,4.0
2025-01-22,ORD03077,CUST1033,Headphones,Electronics,North,Chandigarh,Consumer,1,1290.04,10,1290.04,20.95,73.22,Credit Card,Completed,58,4.3
2025-01-22,ORD01397,CUST2835,Air Fryer,Home & Kitchen,West,Pune,Small Business,1,169.1,10,169.1,6.4,-4.0,Cash on Delivery,Completed,19,2.8
2025-01-23,ORD01699,CUST2458,Office Chair,Office Supplies,Central,Bhopal,Small Business,5,430.04,5,2150.19,31.33,304.02,PayPal,Completed,39,2.0
2025-01-23,ORD04052,CUST2454,Smartwatch,Electronics,South,Hyderabad,Corporate,4,558.43,5,2233.7,32.91,78.48,Credit Card,Completed,29,3.5
2025-01-23,ORD00483,CUST2880,Blender,Home & Kitchen,North,Jaipur,Consumer,3,412.56,10,1237.68,29.63,76.01,UPI,Completed,32,2.7
2025-01-23,ORD04352,CUST2738,Headphones,Electronics,Central,Bhopal,Corporate,3,947.1,0,2841.3,21.33,595.14,Cash on Delivery,Returned,42,4.1
2025-01-24,ORD02716,CUST1746,Laptop,Electronics,South,Chennai,Consumer,4,140.43,20,561.72,11.17,1.52,UPI,Completed,53,3.8
2025-01-24,ORD00832,CUST2977,Yoga Mat,Sports,West,Mumbai,Consumer,5,62.26,10,311.3,32.09,-21.63,PayPal,Completed,23,4.9
2025-01-24,ORD01467,CUST3167,Keyboard,Office Supplies,West,Pune,Consumer,4,350.06,10,1400.24,37.93,122.44,Debit Card,Cancelled,40,5.0
2025-01-24,ORD00134,CUST2283,Air Fryer,Home & Kitchen,North,Chandigarh,Corporate,3,227.07,15,681.21,14.2,-60.11,Debit Card,Completed,60,4.3
2025-01-24,ORD01715,CUST1849,Face Serum,Beauty,South,Hyderabad,Consumer,3,15.18,0,45.54,37.25,-25.81,UPI,Returned,28,4.2
2025-01-24,ORD02139,CUST2618,Face Serum,Beauty,North,Jaipur,Small Business,5,90.78,20,453.89,29.64,1.71,Cash on Delivery,Completed,20,4.6
2025-01-25,ORD02296,CUST2921,Sneakers,Fashion,North,Delhi,Consumer,3,82.02,5,246.06,25.42,-0.26,Credit Card,Completed,20,3.8
2025-01-25,ORD01986,CUST3357,Perfume,Beauty,East,Kolkata,Corporate,4,82.08,15,328.32,38.66,-1.18,Credit Card,Completed,30,3.1
2025-01-25,ORD00736,CUST1101,Smartphone,Electronics,South,Bengaluru,Consumer,4,147.7,0,590.79,39.19,73.46,Debit Card,Completed,42,4.4
2025-01-25,ORD02237,CUST3224,Coffee Maker,Home & Kitchen,North,Chandigarh,Consumer,1,392.56,10,392.56,31.83,28.77,Debit Card,Completed,22,5.0
2025-01-25,ORD02825,CUST1082,T-Shirt,Fashion,Central,Bhopal,Small Business,5,149.48,15,747.39,31.72,-0.06,UPI,Completed,23,4.2
2025-01-26,ORD02613,CUST3492,Notebook,Office Supplies,East,Bhubaneswar,Corporate,2,402.84,20,805.67,27.39,-34.79,Debit Card,Completed,60,4.2
2025-01-26,ORD03944,CUST2475,Keyboard,Office Supplies,East,Guwahati,Small Business,3,290.71,5,872.12,24.36,16.41,PayPal,Completed,58,4.3
2025-01-26,ORD02279,CUST2200,Backpack,Fashion,East,Bhubaneswar,Consumer,4,138.6,5,554.4,44.58,41.07,Debit Card,Cancelled,60,2.6
2025-01-26,ORD04425,CUST2451,Air Fryer,Home & Kitchen,North,Jaipur,Corporate,3,90.41,10,271.24,37.85,-11.61,UPI,Completed,25,4.2
2025-01-26,ORD00653,CUST3296,Headphones,Electronics,North,Jaipur,Consumer,4,1171.64,10,4686.55,19.42,486.41,Credit Card,Completed,48,2.8
2025-01-26,ORD04827,CUST3416,Headphones,Electronics,North,Jaipur,Consumer,3,770.77,15,2312.31,45.35,-12.69,Debit Card,Completed,41,4.5
2025-01-26,ORD01503,CUST1772,Fitness Band,Sports,East,Bhubaneswar,Small Business,1,36.64,0,36.64,34.37,-26.7,Credit Card,Completed,50,3.5
2025-01-26,ORD02783,CUST2383,T-Shirt,Fashion,West,Pune,Consumer,5,150.12,10,750.58,42.15,-56.22,UPI,Completed,24,2.9
2025-01-26,ORD02982,CUST3108,Smartphone,Electronics,South,Chennai,Small Business,1,218.43,15,218.43,27.31,-5.24,Debit Card,Completed,19,3.4
2025-01-26,ORD02450,CUST1190,Smartwatch,Electronics,Central,Indore,Small Business,4,1157.38,10,4629.54,36.87,653.83,Credit Card,Completed,43,4.4
2025-01-27,ORD03932,CUST3150,T-Shirt,Fashion,East,Bhubaneswar,Small Business,3,89.58,20,268.74,17.12,-11.04,Credit Card,Completed,54,4.1
2025-01-27,ORD00131,CUST1630,T-Shirt,Fashion,West,Mumbai,Consumer,5,35.11,15,175.55,24.32,-2.98,UPI,Completed,49,3.8
2025-01-27,ORD01501,CUST1043,Fitness Band,Sports,East,Bhubaneswar,Consumer,3,187.02,15,561.07,26.65,-37.82,Credit Card,Completed,30,4.2
2025-01-27,ORD02553,CUST1970,Lipstick,Beauty,West,Pune,Consumer,3,217.53,0,652.58,31.65,107.94,UPI,Completed,52,3.6
2025-01-27,ORD00322,CUST1801,Running Shoes,Sports,South,Chennai,Small Business,2,140.55,5,281.09,29.24,0.5,Cash on Delivery,Completed,53,4.5
2025-01-28,ORD02626,CUST2589,Desk Lamp,Office Supplies,East,Bhubaneswar,Small Business,2,356.51,5,713.02,13.6,122.22,UPI,Completed,53,5.0
2025-01-28,ORD02136,CUST1627,Moisturizer,Beauty,West,Pune,Consumer,3,60.55,0,181.65,22.01,14.42,UPI,Completed,44,4.0
2025-01-28,ORD02138,CUST1600,Printer,Office Supplies,South,Bengaluru,Consumer,1,91.53,10,91.53,30.24,-18.89,Credit Card,Returned,33,4.6
2025-01-28,ORD04206,CUST1002,Fitness Band,Sports,East,Bhubaneswar,Small Business,4,217.88,0,871.51,19.14,68.76,UPI,Completed,33,4.9
2025-01-28,ORD00893,CUST2442,Dumbbells,Sports,West,Pune,Small Business,3,87.27,5,261.81,24.38,11.75,Debit Card,Cancelled,29,3.0
2025-01-28,ORD04788,CUST2084,Jacket,Fashion,Central,Bhopal,Consumer,5,82.29,5,411.47,31.8,20.45,UPI,Completed,43,3.8
2025-01-28,ORD04802,CUST2376,Perfume,Beauty,North,Chandigarh,Consumer,4,92.57,15,370.27,11.53,-3.15,UPI,Returned,44,3.1
2025-01-28,ORD00733,CUST1335,Cookware Set,Home & Kitchen,North,Chandigarh,Consumer,5,388.61,15,1943.05,41.91,145.5,Credit Card,Completed,60,3.9
2025-01-28,ORD02868,CUST2734,Notebook,Office Supplies,South,Chennai,Corporate,1,269.92,20,269.92,11.97,-19.17,Credit Card,Completed,22,2.6
2025-01-28,ORD01983,CUST3094,T-Shirt,Fashion,Central,Bhopal,Consumer,3,140.49,10,421.48,19.6,-24.57,Credit Card,Completed,42,3.4
2025-01-28,ORD02777,CUST1703,Shampoo,Beauty,West,Mumbai,Consumer,3,66.21,15,198.63,18.65,-21.55,Credit Card,Completed,45,3.8
2025-01-28,ORD01691,CUST1197,Smartwatch,Electronics,North,Delhi,Consumer,4,605.02,0,2420.08,28.36,416.3,Debit Card,Completed,42,4.4
2025-01-28,ORD03017,CUST2996,Office Chair,Office Supplies,West,Ahmedabad,Consumer,1,361.76,0,361.76,17.24,32.53,Credit Card,Completed,35,4.3
2025-01-28,ORD01797,CUST2049,Blender,Home & Kitchen,West,Pune,Consumer,5,493.35,10,2466.74,31.58,348.36,Cash on Delivery,Completed,18,4.0
2025-01-28,ORD00324,CUST1832,Air Fryer,Home & Kitchen,East,Bhubaneswar,Corporate,4,366.05,15,1464.19,42.51,104.93,Credit Card,Cancelled,22,5.0
2025-01-29,ORD01170,CUST1483,Lipstick,Beauty,Central,Lucknow,Consumer,2,180.77,10,361.53,17.85,24.75,Credit Card,Returned,57,5.0
2025-01-29,ORD02364,CUST3385,Tablet,Electronics,North,Delhi,Consumer,3,281.0,5,843.0,14.05,131.08,UPI,Completed,47,4.9
2025-01-29,ORD01889,CUST2090,Running Shoes,Sports,West,Mumbai,Small Business,2,321.95,20,643.89,13.17,-18.87,PayPal,Returned,34,2.6
2025-01-29,ORD02233,CUST2236,Shampoo,Beauty,Central,Bhopal,Corporate,4,89.27,5,357.08,23.98,41.21,UPI,Completed,34,3.2
2025-01-29,ORD00734,CUST1800,Headphones,Electronics,Central,Lucknow,Consumer,3,1082.96,20,3248.87,46.13,161.99,UPI,Completed,40,3.9
2025-01-29,ORD00840,CUST2886,Backpack,Fashion,Central,Lucknow,Corporate,5,51.91,5,259.55,46.08,-28.42,UPI,Completed,34,3.9
2025-01-29,ORD02708,CUST2379,Desk Lamp,Office Supplies,South,Hyderabad,Consumer,4,428.12,15,1712.48,19.22,146.39,Credit Card,Cancelled,19,4.1
2025-01-29,ORD03409,CUST1820,T-Shirt,Fashion,Central,Bhopal,Corporate,5,205.94,5,1029.69,28.07,104.28,Debit Card,Completed,43,3.5
2025-01-29,ORD04832,CUST3442,Coffee Maker,Home & Kitchen,West,Mumbai,Consumer,2,209.64,15,419.28,6.86,33.72,UPI,Completed,64,4.1
2025-01-29,ORD01584,CUST2279,Printer,Office Supplies,Central,Bhopal,Consumer,5,24.44,20,122.21,34.38,-47.58,UPI,Completed,20,5.0
2025-01-29,ORD01953,CUST3324,Cookware Set,Home & Kitchen,East,Kolkata,Corporate,1,65.26,10,65.26,22.85,-22.14,Cash on Delivery,Completed,40,4.8
2025-01-29,ORD04196,CUST2340,Office Chair,Office Supplies,West,Pune,Small Business,5,362.01,5,1810.05,22.84,341.01,Credit Card,Completed,41,3.3
2025-01-29,ORD00084,CUST1702,Fitness Band,Sports,West,Mumbai,Small Business,2,229.52,0,459.04,9.34,51.8,Credit Card,Completed,21,3.2
2025-01-29,ORD04505,CUST2952,Jacket,Fashion,Central,Bhopal,Consumer,1,170.85,0,170.85,7.41,38.59,UPI,Completed,59,2.4
2025-01-30,ORD00873,CUST2420,Desk Lamp,Office Supplies,East,Bhubaneswar,Consumer,2,442.68,0,885.36,29.19,53.4,UPI,Completed,24,4.5
2025-01-30,ORD01008,CUST1206,Fitness Band,Sports,South,Bengaluru,Consumer,5,330.25,5,1651.26,38.04,18.86,UPI,Completed,31,3.3
2025-01-30,ORD02173,CUST2468,Sports Bottle,Sports,North,Jaipur,Consumer,1,180.51,5,180.51,11.38,15.88,PayPal,Completed,47,4.0
2025-01-30,ORD03574,CUST1914,Moisturizer,Beauty,East,Guwahati,Small Business,5,172.47,0,862.34,20.06,212.38,Cash on Delivery,Completed,29,3.3
2025-01-30,ORD03722,CUST3403,Air Fryer,Home & Kitchen,West,Ahmedabad,Corporate,2,242.49,20,484.97,41.62,-24.44,PayPal,Completed,40,3.8
2025-01-30,ORD02799,CUST3353,Vacuum Cleaner,Home & Kitchen,West,Pune,Small Business,1,71.04,15,71.04,33.84,-33.77,Credit Card,Cancelled,18,3.9
2025-01-30,ORD03521,CUST2515,T-Shirt,Fashion,East,Kolkata,Small Business,2,29.12,10,58.24,10.4,-10.49,Debit Card,Completed,21,4.3
2025-01-30,ORD04438,CUST2487,Dumbbells,Sports,East,Kolkata,Corporate,3,180.35,5,541.04,27.88,55.89,Debit Card,Completed,61,4.7
2025-01-30,ORD02086,CUST2494,Lipstick,Beauty,East,Bhubaneswar,Consumer,3,179.14,5,537.43,41.6,50.46,PayPal,Completed,29,4.0
2025-01-30,ORD03740,CUST1524,Lipstick,Beauty,Central,Indore,Small Business,5,194.76,20,973.82,46.4,17.19,UPI,Completed,35,4.9
2025-01-30,ORD01173,CUST1682,Jacket,Fashion,South,Chennai,Small Business,2,133.71,15,267.42,25.04,2.97,PayPal,Completed,54,3.5
2025-01-30,ORD00854,CUST2924,Smartphone,Electronics,West,Ahmedabad,Consumer,4,1163.72,15,4654.89,27.03,533.98,Credit Card,Completed,49,3.3
2025-01-30,ORD02377,CUST2401,Face Serum,Beauty,East,Bhubaneswar,Consumer,5,97.36,10,486.81,17.07,2.35,Credit Card,Completed,20,3.2
2025-01-31,ORD01680,CUST3301,Keyboard,Office Supplies,Central,Indore,Corporate,4,290.27,5,1161.08,44.75,40.93,UPI,Completed,45,2.9
2025-01-31,ORD00474,CUST3343,Tablet,Electronics,North,Chandigarh,Consumer,5,317.75,10,1588.76,35.3,-56.11,UPI,Completed,49,4.0
2025-01-31,ORD01395,CUST1124,Smartwatch,Electronics,North,Chandigarh,Corporate,5,782.56,15,3912.79,24.09,-197.48,UPI,Returned,42,3.5
2025-01-31,ORD00465,CUST1336,Smartwatch,Electronics,South,Bengaluru,Small Business,3,702.81,20,2108.42,14.29,-128.6,Credit Card,Cancelled,43,3.2
2025-01-31,ORD02432,CUST2260,T-Shirt,Fashion,Central,Lucknow,Consumer,1,191.76,15,191.76,18.54,-0.3,Cash on Delivery,Completed,48,3.7
2025-01-31,ORD03823,CUST1021,Smartwatch,Electronics,East,Guwahati,Small Business,1,825.06,0,825.06,16.89,152.68,Credit Card,Completed,62,4.1
2025-01-31,ORD03995,CUST3217,Vacuum Cleaner,Home & Kitchen,South,Hyderabad,Corporate,5,113.11,10,565.54,25.84,61.22,Debit Card,Returned,57,3.2
2025-01-31,ORD03116,CUST1749,Smartwatch,Electronics,West,Pune,Consumer,5,389.44,5,1947.21,13.17,241.58,UPI,Completed,36,4.4
2025-01-31,ORD04859,CUST2914,Jacket,Fashion,North,Jaipur,Consumer,5,238.08,5,1190.41,42.05,34.12,PayPal,Cancelled,35,4.2
2025-01-31,ORD04239,CUST1089,Jacket,Fashion,East,Guwahati,Corporate,5,215.82,10,1079.1,21.84,78.21,UPI,Completed,42,5.0
2025-01-31,ORD03362,CUST1845,Laptop,Electronics,Central,Bhopal,Consumer,2,138.97,10,277.93,27.0,-23.28,UPI,Completed,56,3.8
2025-01-31,ORD04960,CUST3003,T-Shirt,Fashion,South,Bengaluru,Corporate,3,29.15,0,87.44,33.99,-18.47,UPI,Completed,23,5.0
2025-01-31,ORD01547,CUST1677,Keyboard,Office Supplies,North,Jaipur,Corporate,2,296.13,15,592.27,18.9,-57.53,PayPal,Cancelled,22,4.1
2025-01-31,ORD02619,CUST1488,Face Serum,Beauty,Central,Lucknow,Consumer,5,58.53,0,292.67,53.13,24.38,Debit Card,Completed,59,3.9
2025-02-01,ORD00833,CUST3413,Yoga Mat,Sports,Central,Lucknow,Small Business,2,34.8,5,69.59,23.38,-19.7,Debit Card,Completed,39,3.3
2025-02-01,ORD04279,CUST2584,Fitness Band,Sports,East,Bhubaneswar,Consumer,3,299.63,5,898.9,24.01,112.21,Cash on Delivery,Returned,35,4.2
2025-02-01,ORD00530,CUST2365,Headphones,Electronics,East,Bhubaneswar,Consumer,2,1198.35,0,2396.69,19.06,217.81,Cash on Delivery,Completed,59,3.7
2025-02-01,ORD02564,CUST3311,Laptop,Electronics,East,Guwahati,Small Business,1,514.59,5,514.59,13.74,65.24,PayPal,Returned,62,3.3
2025-02-01,ORD04813,CUST2670,Printer,Office Supplies,North,Jaipur,Consumer,4,206.57,10,826.28,37.1,42.98,UPI,Completed,33,3.2
2025-02-01,ORD00410,CUST2347,Sneakers,Fashion,East,Kolkata,Consumer,1,163.04,5,163.04,23.07,-12.42,Cash on Delivery,Completed,22,3.8
2025-02-01,ORD04630,CUST1336,Smartwatch,Electronics,South,Chennai,Corporate,1,1109.87,10,1109.87,12.95,-9.62,UPI,Completed,54,3.7
2025-02-01,ORD04559,CUST2049,Sneakers,Fashion,North,Chandigarh,Consumer,2,29.12,10,58.25,20.53,-13.25,Cash on Delivery,Completed,60,4.0
2025-02-01,ORD04747,CUST1909,Smartphone,Electronics,North,Delhi,Consumer,5,1148.74,15,5743.69,50.73,5.25,Credit Card,Completed,30,3.9
2025-02-02,ORD02245,CUST1001,Keyboard,Office Supplies,Central,Lucknow,Consumer,1,203.06,10,203.06,17.35,-19.76,Debit Card,Completed,58,4.5
2025-02-02,ORD00080,CUST2428,Jacket,Fashion,Central,Indore,Consumer,2,144.14,10,288.28,11.22,30.22,UPI,Completed,37,3.6
2025-02-02,ORD02711,CUST2240,Coffee Maker,Home & Kitchen,West,Ahmedabad,Consumer,1,148.59,5,148.59,16.67,11.67,PayPal,Completed,56,4.4
2025-02-02,ORD04215,CUST2364,Fitness Band,Sports,Central,Indore,Consumer,2,43.36,0,86.71,22.33,-8.83,PayPal,Completed,51,4.6
2025-02-02,ORD01918,CUST3280,Sneakers,Fashion,North,Delhi,Corporate,1,128.64,5,128.64,36.0,-7.12,Credit Card,Returned,24,4.2
2025-02-02,ORD01560,CUST1038,Smartwatch,Electronics,South,Bengaluru,Small Business,1,864.77,5,864.77,31.56,-0.66,Credit Card,Completed,60,4.1
2025-02-02,ORD02259,CUST1006,Face Serum,Beauty,North,Chandigarh,Consumer,4,60.09,5,240.38,29.86,-6.34,UPI,Returned,37,3.9
2025-02-02,ORD03570,CUST3052,Printer,Office Supplies,South,Chennai,Small Business,1,139.38,0,139.38,14.55,10.22,Cash on Delivery,Returned,62,4.3
2025-02-02,ORD04357,CUST3386,Air Fryer,Home & Kitchen,West,Pune,Small Business,5,472.69,5,2363.44,40.05,253.1,UPI,Returned,37,4.2
2025-02-02,ORD02862,CUST3338,Jeans,Fashion,Central,Bhopal,Consumer,1,85.6,15,85.6,7.62,-12.26,Credit Card,Completed,30,4.4
2025-02-02,ORD02795,CUST2261,Dumbbells,Sports,South,Bengaluru,Consumer,1,26.94,0,26.94,32.76,-26.89,Credit Card,Completed,48,4.3
2025-02-02,ORD03350,CUST3322,Yoga Mat,Sports,North,Delhi,Consumer,4,44.28,5,177.13,45.4,-12.87,PayPal,Completed,42,4.1
2025-02-02,ORD02750,CUST1638,Air Fryer,Home & Kitchen,Central,Indore,Consumer,5,173.08,15,865.41,49.95,-35.85,PayPal,Returned,42,3.4
2025-02-02,ORD00051,CUST1963,Printer,Office Supplies,West,Ahmedabad,Small Business,1,140.68,15,140.68,29.25,-31.3,PayPal,Completed,23,4.7
2025-02-02,ORD00672,CUST3147,Air Fryer,Home & Kitchen,North,Delhi,Small Business,2,87.66,15,175.33,14.52,-6.63,Debit Card,Returned,43,5.0
2025-02-02,ORD01859,CUST2418,Printer,Office Supplies,North,Jaipur,Small Business,4,160.1,0,640.39,38.24,22.83,Credit Card,Completed,63,5.0
2025-02-02,ORD04644,CUST1162,Coffee Maker,Home & Kitchen,Central,Indore,Consumer,5,378.16,20,1890.81,35.28,45.52,PayPal,Completed,62,3.3
2025-02-03,ORD03143,CUST2887,Keyboard,Office Supplies,Central,Lucknow,Consumer,4,55.09,15,220.35,9.94,-15.05,PayPal,Returned,58,4.2
2025-02-03,ORD02832,CUST2515,Headphones,Electronics,West,Pune,Small Business,3,736.53,5,2209.58,33.71,348.95,Credit Card,Completed,58,3.2
2025-02-03,ORD00339,CUST2230,Smartphone,Electronics,North,Jaipur,Consumer,3,1244.16,15,3732.49,24.7,393.96,Debit Card,Completed,64,3.7
2025-02-03,ORD00096,CUST3014,Sports Bottle,Sports,North,Jaipur,Small Business,1,43.54,5,43.54,15.53,-12.05,Debit Card,Completed,53,3.6
2025-02-03,ORD03609,CUST2680,Headphones,Electronics,South,Chennai,Consumer,2,449.85,5,899.7,29.02,0.94,Credit Card,Completed,29,3.2
2025-02-04,ORD01697,CUST2224,Fitness Band,Sports,West,Mumbai,Consumer,4,289.2,10,1156.8,45.81,27.69,Credit Card,Completed,52,2.6
2025-02-04,ORD04124,CUST2518,Keyboard,Office Supplies,East,Guwahati,Corporate,3,145.98,5,437.93,33.83,37.45,UPI,Completed,39,4.2
2025-02-04,ORD04805,CUST3274,Jeans,Fashion,East,Guwahati,Corporate,4,209.69,5,838.76,49.01,11.78,Credit Card,Returned,26,3.7
2025-02-04,ORD04017,CUST1779,Backpack,Fashion,Central,Indore,Corporate,5,166.05,10,830.25,16.51,9.02,Credit Card,Completed,22,3.8
2025-02-04,ORD00548,CUST3156,Notebook,Office Supplies,Central,Indore,Small Business,3,185.4,0,556.21,20.21,35.28,Debit Card,Completed,38,3.9
2025-02-04,ORD04596,CUST1220,T-Shirt,Fashion,South,Hyderabad,Small Business,5,40.02,0,200.12,29.6,19.31,Debit Card,Completed,25,4.2
2025-02-04,ORD01777,CUST1289,Keyboard,Office Supplies,West,Ahmedabad,Consumer,5,431.91,0,2159.53,22.01,481.52,UPI,Cancelled,38,2.9
2025-02-04,ORD00780,CUST3293,T-Shirt,Fashion,South,Hyderabad,Corporate,5,106.17,10,530.86,28.52,38.63,Credit Card,Completed,36,3.7
2025-02-04,ORD02579,CUST2860,Air Fryer,Home & Kitchen,East,Guwahati,Corporate,2,377.01,0,754.02,12.1,107.56,Debit Card,Completed,39,3.2
2025-02-04,ORD04359,CUST2191,Yoga Mat,Sports,East,Bhubaneswar,Consumer,2,76.58,0,153.17,30.72,-13.96,PayPal,Completed,31,4.3
2025-02-04,ORD04941,CUST1286,Smartwatch,Electronics,Central,Indore,Consumer,1,1240.46,10,1240.46,33.1,115.5,Credit Card,Completed,35,5.0
2025-02-05,ORD02182,CUST2071,Notebook,Office Supplies,West,Pune,Corporate,3,415.59,10,1246.76,19.23,146.73,UPI,Returned,26,3.9
2025-02-05,ORD00568,CUST1841,Sports Bottle,Sports,North,Chandigarh,Corporate,4,119.41,20,477.63,12.95,-26.89,Cash on Delivery,Completed,63,4.3
2025-02-05,ORD00337,CUST2214,Perfume,Beauty,South,Hyderabad,Corporate,2,19.32,0,38.63,35.44,-26.63,UPI,Completed,60,4.6
2025-02-05,ORD03321,CUST1806,Air Fryer,Home & Kitchen,East,Guwahati,Small Business,1,420.17,10,420.17,20.15,-18.05,Credit Card,Returned,63,5.0
2025-02-05,ORD03318,CUST1780,Tablet,Electronics,North,Chandigarh,Consumer,4,878.17,5,3512.69,31.38,194.25,UPI,Completed,18,2.1
2025-02-05,ORD03005,CUST3480,Air Fryer,Home & Kitchen,East,Kolkata,Consumer,5,353.62,15,1768.11,23.67,-89.94,Debit Card,Completed,50,4.8
2025-02-06,ORD03749,CUST3390,Fitness Band,Sports,South,Chennai,Consumer,2,37.19,15,74.38,35.84,-36.83,UPI,Completed,39,3.9
2025-02-06,ORD00390,CUST1408,Running Shoes,Sports,North,Jaipur,Small Business,2,280.61,10,561.21,21.51,2.37,UPI,Cancelled,21,3.9
2025-02-06,ORD01886,CUST1087,Headphones,Electronics,South,Chennai,Consumer,1,941.93,5,941.93,32.49,34.48,Debit Card,Completed,18,4.2
2025-02-06,ORD04475,CUST2044,Headphones,Electronics,South,Chennai,Corporate,1,908.41,5,908.41,21.34,133.11,Credit Card,Completed,39,4.0
2025-02-06,ORD04767,CUST2784,Yoga Mat,Sports,West,Ahmedabad,Small Business,2,174.36,10,348.73,20.05,17.11,UPI,Returned,40,4.5
2025-02-06,ORD00145,CUST1127,Jeans,Fashion,South,Chennai,Corporate,2,96.46,10,192.93,31.55,-27.73,Cash on Delivery,Completed,27,4.3
2025-02-06,ORD00911,CUST3463,Smartwatch,Electronics,West,Ahmedabad,Corporate,3,696.27,5,2088.82,24.56,361.24,Cash on Delivery,Cancelled,38,2.6
2025-02-06,ORD01965,CUST1802,Cookware Set,Home & Kitchen,North,Delhi,Corporate,3,85.08,0,255.23,32.68,23.84,Credit Card,Completed,30,4.7
2025-02-07,ORD04963,CUST1104,Notebook,Office Supplies,Central,Lucknow,Corporate,3,184.66,20,553.97,30.15,-73.48,Debit Card,Completed,53,3.5
2025-02-07,ORD01244,CUST1541,Sports Bottle,Sports,West,Mumbai,Corporate,3,90.02,5,270.07,35.15,24.98,Credit Card,Completed,27,5.0
2025-02-07,ORD00899,CUST2748,Fitness Band,Sports,North,Jaipur,Consumer,1,276.44,0,276.44,19.99,7.18,UPI,Completed,35,3.5
2025-02-07,ORD03124,CUST2485,Jeans,Fashion,North,Delhi,Corporate,2,92.77,15,185.55,38.22,-23.18,UPI,Completed,18,3.2
2025-02-07,ORD00136,CUST1628,Desk Lamp,Office Supplies,South,Chennai,Small Business,3,185.05,15,555.14,38.32,7.31,Cash on Delivery,Completed,31,3.1
2025-02-07,ORD04391,CUST1076,Dumbbells,Sports,East,Bhubaneswar,Consumer,2,172.64,0,345.27,37.99,2.75,Cash on Delivery,Completed,40,3.8
2025-02-07,ORD04907,CUST1887,Tablet,Electronics,Central,Indore,Small Business,4,667.76,5,2671.04,27.52,303.18,Credit Card,Completed,41,3.4
2025-02-07,ORD04695,CUST1177,Smartphone,Electronics,South,Bengaluru,Corporate,2,623.23,20,1246.46,14.6,8.21,Debit Card,Returned,57,3.7
2025-02-07,ORD01429,CUST1213,Dumbbells,Sports,South,Hyderabad,Consumer,1,153.02,0,153.02,23.64,-6.59,Cash on Delivery,Returned,42,2.9
2025-02-07,ORD00407,CUST3279,Fitness Band,Sports,Central,Indore,Corporate,1,125.38,20,125.38,7.15,-20.8,Credit Card,Completed,56,4.1
2025-02-07,ORD01217,CUST1403,T-Shirt,Fashion,North,Jaipur,Corporate,2,175.27,10,350.53,24.87,-1.04,Credit Card,Completed,18,5.0
2025-02-08,ORD02215,CUST2554,T-Shirt,Fashion,South,Hyderabad,Consumer,2,225.57,15,451.14,14.11,25.18,UPI,Completed,47,3.5
2025-02-08,ORD02023,CUST1087,Sports Bottle,Sports,West,Pune,Small Business,2,316.35,5,632.69,22.59,49.32,UPI,Completed,42,5.0
2025-02-08,ORD00583,CUST2154,Sneakers,Fashion,West,Mumbai,Consumer,1,46.23,0,46.23,33.68,-21.09,Cash on Delivery,Completed,26,3.6
2025-02-08,ORD03892,CUST2188,Coffee Maker,Home & Kitchen,Central,Indore,Consumer,2,487.15,10,974.29,24.67,83.39,Debit Card,Completed,44,3.3
2025-02-08,ORD00189,CUST1684,Tablet,Electronics,East,Guwahati,Consumer,1,1140.43,0,1140.43,15.05,129.79,Credit Card,Returned,29,3.7
2025-02-08,ORD03898,CUST1748,Coffee Maker,Home & Kitchen,East,Bhubaneswar,Small Business,1,490.24,15,490.24,23.3,18.48,UPI,Completed,26,3.9
2025-02-08,ORD02833,CUST2659,Smartphone,Electronics,Central,Lucknow,Consumer,1,1058.17,5,1058.17,12.66,66.96,Credit Card,Completed,44,4.1
2025-02-08,ORD03180,CUST2732,Backpack,Fashion,Central,Bhopal,Corporate,1,181.24,5,181.24,32.29,-10.9,Cash on Delivery,Completed,27,3.4
2025-02-08,ORD02374,CUST2040,Printer,Office Supplies,East,Guwahati,Consumer,2,370.53,10,741.05,29.58,-28.13,Debit Card,Completed,26,4.7
2025-02-09,ORD01687,CUST1254,T-Shirt,Fashion,South,Hyderabad,Consumer,5,23.73,5,118.67,47.17,-35.2,UPI,Cancelled,53,3.5
2025-02-09,ORD03421,CUST2902,Backpack,Fashion,South,Chennai,Consumer,3,22.17,5,66.5,32.58,-24.46,Debit Card,Completed,47,4.6
2025-02-09,ORD00878,CUST1160,T-Shirt,Fashion,Central,Indore,Consumer,2,160.99,10,321.97,38.35,5.35,Credit Card,Completed,43,4.3
2025-02-09,ORD01744,CUST3222,Air Fryer,Home & Kitchen,East,Guwahati,Consumer,3,492.96,5,1478.88,15.54,229.61,Cash on Delivery,Completed,38,2.4
2025-02-09,ORD01958,CUST2472,Smartwatch,Electronics,West,Ahmedabad,Consumer,3,1338.09,10,4014.27,16.6,199.26,UPI,Completed,32,4.7
2025-02-09,ORD01927,CUST3493,Shampoo,Beauty,Central,Indore,Small Business,1,180.46,10,180.46,16.42,1.63,PayPal,Completed,21,4.1
2025-02-09,ORD02453,CUST2033,Laptop,Electronics,North,Delhi,Corporate,3,135.74,0,407.21,37.82,46.16,UPI,Completed,63,3.6
2025-02-09,ORD04244,CUST2123,Face Serum,Beauty,East,Guwahati,Consumer,4,128.84,10,515.34,39.4,-5.06,UPI,Completed,20,4.2
2025-02-09,ORD01264,CUST2150,Headphones,Electronics,South,Chennai,Corporate,2,920.34,0,1840.67,39.02,203.29,Debit Card,Completed,43,4.5
2025-02-10,ORD04103,CUST3350,Jacket,Fashion,West,Pune,Consumer,1,95.65,10,95.65,13.76,-12.64,Credit Card,Completed,64,5.0
2025-02-10,ORD00861,CUST1032,T-Shirt,Fashion,East,Guwahati,Consumer,4,112.28,10,449.13,20.8,18.64,PayPal,Completed,41,3.3
2025-02-10,ORD02973,CUST1086,Moisturizer,Beauty,Central,Indore,Consumer,3,79.27,5,237.8,22.01,5.27,Cash on Delivery,Completed,19,4.2
2025-02-10,ORD04999,CUST3198,Tablet,Electronics,West,Mumbai,Consumer,1,607.06,15,607.06,17.15,-5.34,Credit Card,Completed,34,4.3
2025-02-10,ORD00577,CUST1172,Coffee Maker,Home & Kitchen,East,Bhubaneswar,Small Business,1,456.01,15,456.01,14.69,-22.58,Debit Card,Completed,33,3.5
2025-02-11,ORD02607,CUST3320,Notebook,Office Supplies,Central,Lucknow,Corporate,3,386.3,10,1158.89,13.44,-20.97,Credit Card,Cancelled,37,4.7
2025-02-11,ORD04762,CUST1869,Coffee Maker,Home & Kitchen,East,Guwahati,Consumer,2,446.95,10,893.9,38.01,-17.24,Credit Card,Completed,20,4.4
2025-02-11,ORD03109,CUST2844,Blender,Home & Kitchen,East,Bhubaneswar,Corporate,1,223.5,15,223.5,23.87,-30.08,Debit Card,Completed,24,1.3
2025-02-11,ORD03715,CUST2961,Laptop,Electronics,South,Bengaluru,Corporate,3,1388.17,15,4164.51,23.73,274.37,Credit Card,Completed,40,4.5
2025-02-11,ORD03083,CUST2650,T-Shirt,Fashion,East,Guwahati,Consumer,4,87.52,5,350.1,43.68,5.75,Debit Card,Returned,39,3.1
2025-02-11,ORD00533,CUST1517,Yoga Mat,Sports,Central,Indore,Consumer,1,336.34,0,336.34,9.88,21.87,UPI,Completed,20,3.8
2025-02-11,ORD01668,CUST1118,Dumbbells,Sports,South,Hyderabad,Consumer,4,65.7,15,262.79,22.47,-7.72,UPI,Completed,62,4.7
2025-02-11,ORD00952,CUST2986,Vacuum Cleaner,Home & Kitchen,East,Guwahati,Consumer,5,139.89,10,699.43,32.4,75.35,Debit Card,Completed,30,3.6
2025-02-11,ORD00280,CUST2588,Vacuum Cleaner,Home & Kitchen,East,Bhubaneswar,Corporate,4,492.52,10,1970.07,17.15,193.62,UPI,Returned,53,4.6
2025-02-12,ORD03594,CUST1135,Perfume,Beauty,Central,Bhopal,Consumer,2,188.75,5,377.5,31.18,14.95,Debit Card,Completed,56,4.0
2025-02-12,ORD01860,CUST1973,Tablet,Electronics,East,Guwahati,Consumer,5,478.16,15,2390.78,37.13,106.47,Credit Card,Completed,29,5.0
2025-02-12,ORD03382,CUST1485,Perfume,Beauty,South,Hyderabad,Corporate,5,113.49,15,567.43,20.28,-14.68,Debit Card,Completed,18,3.4
2025-02-12,ORD02367,CUST3130,Moisturizer,Beauty,South,Chennai,Consumer,4,159.04,5,636.16,39.14,97.12,Credit Card,Completed,37,4.4
2025-02-12,ORD04601,CUST2462,Smartphone,Electronics,Central,Bhopal,Corporate,2,1190.84,0,2381.69,35.28,449.96,Credit Card,Completed,41,3.1
2025-02-12,ORD04848,CUST3103,Office Chair,Office Supplies,North,Jaipur,Small Business,2,404.26,5,808.53,38.08,-2.99,PayPal,Returned,38,4.5
2025-02-12,ORD04704,CUST3139,Laptop,Electronics,Central,Bhopal,Corporate,5,1262.39,5,6311.95,55.72,259.46,Debit Card,Completed,25,3.4
2025-02-12,ORD00129,CUST1739,Laptop,Electronics,North,Jaipur,Consumer,5,1286.17,5,6430.84,42.33,1082.88,UPI,Completed,45,3.3
2025-02-12,ORD03399,CUST1000,Jacket,Fashion,East,Kolkata,Corporate,4,37.18,10,148.73,19.16,-12.71,Debit Card,Returned,49,3.7
2025-02-12,ORD00600,CUST1339,Coffee Maker,Home & Kitchen,North,Delhi,Consumer,3,220.98,5,662.94,18.36,11.36,PayPal,Returned,60,5.0
2025-02-13,ORD04775,CUST2470,Cookware Set,Home & Kitchen,West,Pune,Consumer,4,239.72,5,958.87,36.58,92.73,Debit Card,Completed,52,3.1
2025-02-13,ORD00696,CUST2426,Jeans,Fashion,Central,Lucknow,Corporate,1,68.24,5,68.24,9.16,-1.78,PayPal,Completed,35,4.0
2025-02-13,ORD02972,CUST3030,Printer,Office Supplies,Central,Bhopal,Consumer,2,211.44,0,422.88,31.15,49.53,UPI,Completed,30,4.4
2025-02-13,ORD02059,CUST2303,Keyboard,Office Supplies,East,Bhubaneswar,Consumer,1,253.76,10,253.76,30.45,12.77,Debit Card,Completed,52,3.7
2025-02-13,ORD02407,CUST3001,Running Shoes,Sports,East,Kolkata,Corporate,3,188.01,5,564.03,39.86,86.41,Credit Card,Completed,53,4.5
2025-02-13,ORD00194,CUST1305,Sneakers,Fashion,East,Guwahati,Consumer,2,149.77,10,299.55,35.79,4.92,UPI,Completed,64,4.6
2025-02-13,ORD03044,CUST2392,Cookware Set,Home & Kitchen,Central,Lucknow,Corporate,3,59.63,5,178.9,28.65,-10.97,Credit Card,Returned,20,3.9
2025-02-13,ORD00478,CUST2202,Perfume,Beauty,West,Ahmedabad,Consumer,4,74.32,5,297.27,30.41,8.98,PayPal,Completed,28,3.2
2025-02-14,ORD03613,CUST2496,Keyboard,Office Supplies,West,Pune,Corporate,1,423.13,20,423.13,31.98,-82.58,UPI,Completed,49,3.7
2025-02-14,ORD01758,CUST2974,Sneakers,Fashion,South,Bengaluru,Corporate,4,219.74,0,878.95,23.51,168.21,UPI,Completed,34,3.8
2025-02-14,ORD00391,CUST3185,Vacuum Cleaner,Home & Kitchen,South,Chennai,Consumer,1,147.46,10,147.46,7.62,17.86,Debit Card,Completed,22,3.8
2025-02-14,ORD00036,CUST1950,Shampoo,Beauty,East,Kolkata,Consumer,3,177.78,15,533.33,33.06,-37.14,UPI,Completed,27,4.1
2025-02-14,ORD02602,CUST1373,T-Shirt,Fashion,West,Mumbai,Small Business,5,85.66,15,428.3,44.12,-35.72,Cash on Delivery,Completed,33,2.5
2025-02-14,ORD03157,CUST2348,Smartwatch,Electronics,West,Pune,Consumer,1,138.76,10,138.76,8.29,4.92,UPI,Completed,62,4.6
2025-02-14,ORD00579,CUST1677,Yoga Mat,Sports,Central,Lucknow,Small Business,1,317.22,10,317.22,18.53,-10.52,PayPal,Completed,26,3.2
2025-02-14,ORD04298,CUST2580,Headphones,Electronics,South,Hyderabad,Consumer,4,559.63,5,2238.53,38.96,157.56,Debit Card,Completed,45,4.3
2025-02-14,ORD04247,CUST2508,Keyboard,Office Supplies,Central,Bhopal,Corporate,5,439.71,0,2198.57,18.72,450.35,Cash on Delivery,Completed,46,4.4
2025-02-14,ORD01976,CUST1917,Printer,Office Supplies,South,Bengaluru,Consumer,5,444.71,0,2223.57,27.66,383.37,UPI,Completed,29,3.3
2025-02-15,ORD01693,CUST1207,Printer,Office Supplies,Central,Bhopal,Corporate,2,262.33,10,524.65,17.42,33.73,UPI,Completed,43,4.8
2025-02-15,ORD01025,CUST1249,Keyboard,Office Supplies,South,Hyderabad,Consumer,1,272.4,15,272.4,25.58,-21.98,UPI,Completed,22,4.1
2025-02-15,ORD00056,CUST1571,Tablet,Electronics,West,Ahmedabad,Small Business,1,836.6,5,836.6,6.32,159.35,Credit Card,Cancelled,49,4.7
2025-02-15,ORD01650,CUST2775,Headphones,Electronics,Central,Bhopal,Consumer,1,1150.99,10,1150.99,33.0,53.61,Credit Card,Completed,29,4.4
2025-02-15,ORD02703,CUST1236,Air Fryer,Home & Kitchen,North,Chandigarh,Consumer,1,200.4,15,200.4,16.59,-20.06,PayPal,Completed,31,3.8
2025-02-15,ORD00538,CUST1527,Backpack,Fashion,South,Chennai,Consumer,2,162.82,0,325.64,21.05,12.81,UPI,Completed,40,4.4
2025-02-15,ORD01671,CUST1255,Running Shoes,Sports,South,Hyderabad,Consumer,3,88.62,10,265.87,27.56,2.28,Debit Card,Completed,29,4.0
2025-02-15,ORD00908,CUST2994,Smartwatch,Electronics,East,Guwahati,Consumer,4,1385.35,5,5541.41,44.31,863.89,Credit Card,Completed,62,2.9
2025-02-16,ORD02705,CUST3264,Running Shoes,Sports,West,Mumbai,Corporate,5,176.9,0,884.52,40.52,33.03,UPI,Completed,60,4.6
2025-02-16,ORD02745,CUST2054,Notebook,Office Supplies,Central,Bhopal,Small Business,1,140.4,10,140.4,8.9,0.98,UPI,Completed,50,4.0
2025-02-16,ORD04983,CUST3015,Jacket,Fashion,East,Bhubaneswar,Corporate,3,79.77,0,239.31,39.95,-20.04,UPI,Completed,46,4.0
2025-02-16,ORD03181,CUST1764,Cookware Set,Home & Kitchen,South,Hyderabad,Consumer,2,412.65,0,825.29,18.59,60.39,Debit Card,Completed,58,2.4
2025-02-16,ORD02674,CUST1279,Fitness Band,Sports,East,Guwahati,Small Business,5,304.99,0,1524.93,19.18,392.32,Debit Card,Cancelled,44,4.0
2025-02-16,ORD01554,CUST2945,Fitness Band,Sports,North,Jaipur,Consumer,5,191.27,5,956.33,35.72,112.43,Cash on Delivery,Completed,44,4.2
2025-02-16,ORD00502,CUST1936,Blender,Home & Kitchen,South,Bengaluru,Consumer,1,258.95,15,258.95,31.9,-36.98,UPI,Completed,26,4.5
2025-02-17,ORD04660,CUST1844,Moisturizer,Beauty,North,Delhi,Corporate,2,37.54,5,75.08,40.93,-33.3,Debit Card,Completed,43,4.2
2025-02-17,ORD03223,CUST1551,Jacket,Fashion,South,Bengaluru,Consumer,3,129.3,5,387.89,8.85,56.86,Cash on Delivery,Returned,32,5.0
2025-02-17,ORD04565,CUST1347,Shampoo,Beauty,West,Mumbai,Consumer,4,24.77,10,99.1,23.33,-7.8,UPI,Returned,49,4.3
2025-02-17,ORD03125,CUST1419,Keyboard,Office Supplies,North,Jaipur,Consumer,3,194.3,5,582.91,21.62,91.42,Debit Card,Completed,63,2.0
2025-02-17,ORD05000,CUST3013,Fitness Band,Sports,West,Ahmedabad,Small Business,2,180.41,0,360.83,22.64,40.25,Credit Card,Completed,40,3.5
2025-02-17,ORD03543,CUST3176,Fitness Band,Sports,South,Hyderabad,Consumer,4,134.96,0,539.84,42.73,39.17,Cash on Delivery,Completed,60,4.1
2025-02-17,ORD04467,CUST1552,Smartwatch,Electronics,West,Ahmedabad,Consumer,4,778.37,5,3113.48,45.52,563.71,PayPal,Completed,18,4.3
2025-02-17,ORD03785,CUST2164,Moisturizer,Beauty,East,Kolkata,Consumer,1,55.98,10,55.98,12.82,-5.0,UPI,Completed,40,5.0
2025-02-17,ORD02974,CUST1205,Running Shoes,Sports,South,Chennai,Corporate,2,142.36,10,284.72,19.47,19.75,Credit Card,Completed,55,4.1
2025-02-18,ORD01808,CUST3396,Laptop,Electronics,West,Mumbai,Consumer,3,248.49,15,745.48,13.17,-16.67,Debit Card,Completed,49,3.8
2025-02-18,ORD04904,CUST1649,Lipstick,Beauty,East,Kolkata,Small Business,3,58.47,10,175.41,30.68,-27.16,Credit Card,Returned,54,2.6
2025-02-18,ORD01768,CUST1631,Shampoo,Beauty,Central,Lucknow,Consumer,1,135.38,15,135.38,26.08,-27.66,Debit Card,Completed,41,3.6
2025-02-18,ORD01434,CUST2445,Smartwatch,Electronics,East,Bhubaneswar,Consumer,5,1176.72,20,5883.61,38.49,220.46,Cash on Delivery,Completed,26,4.0
2025-02-18,ORD01842,CUST1154,Perfume,Beauty,Central,Lucknow,Consumer,4,217.48,15,869.92,24.73,75.43,PayPal,Completed,62,4.0
2025-02-18,ORD01175,CUST1621,Jacket,Fashion,West,Mumbai,Corporate,4,49.43,15,197.72,42.89,-38.71,Debit Card,Completed,26,4.5
2025-02-18,ORD01515,CUST3002,Dumbbells,Sports,Central,Indore,Consumer,4,107.95,15,431.81,34.64,-55.38,PayPal,Cancelled,35,3.9
2025-02-18,ORD00268,CUST3057,Smartwatch,Electronics,Central,Lucknow,Consumer,1,1082.3,15,1082.3,33.32,60.68,UPI,Completed,23,5.0
2025-02-18,ORD01271,CUST2365,Jeans,Fashion,East,Guwahati,Consumer,5,241.8,10,1209.01,18.52,108.08,Debit Card,Returned,26,4.2
2025-02-18,ORD03226,CUST1552,Office Chair,Office Supplies,East,Guwahati,Small Business,1,102.23,10,102.23,25.4,-11.5,PayPal,Completed,49,3.5
2025-02-18,ORD03624,CUST1433,Coffee Maker,Home & Kitchen,North,Chandigarh,Small Business,1,224.28,15,224.28,18.69,-30.54,Credit Card,Completed,53,3.2
2025-02-19,ORD03256,CUST1010,Blender,Home & Kitchen,Central,Lucknow,Consumer,2,169.1,10,338.19,23.16,33.72,Credit Card,Completed,26,4.6
2025-02-19,ORD03713,CUST3311,Keyboard,Office Supplies,North,Delhi,Consumer,3,447.87,0,1343.61,25.41,128.16,Cash on Delivery,Completed,28,3.8
2025-02-19,ORD04094,CUST2093,Desk Lamp,Office Supplies,West,Ahmedabad,Small Business,2,141.57,15,283.14,11.9,-19.47,Debit Card,Returned,22,4.2
2025-02-19,ORD03268,CUST2237,Keyboard,Office Supplies,South,Bengaluru,Small Business,2,181.54,0,363.08,5.9,34.39,Cash on Delivery,Completed,58,4.6
2025-02-19,ORD01657,CUST1900,Tablet,Electronics,North,Delhi,Consumer,5,471.34,5,2356.71,33.94,434.22,Cash on Delivery,Completed,35,3.1
2025-02-19,ORD01723,CUST1424,Fitness Band,Sports,South,Hyderabad,Consumer,2,279.09,5,558.18,8.52,84.94,UPI,Completed,40,3.2
2025-02-19,ORD02631,CUST2147,Backpack,Fashion,North,Jaipur,Corporate,1,186.75,5,186.75,21.02,12.37,Cash on Delivery,Completed,22,2.9
2025-02-19,ORD00543,CUST1519,Smartphone,Electronics,East,Guwahati,Consumer,2,674.05,20,1348.1,15.22,-158.68,Credit Card,Completed,58,4.4
2025-02-19,ORD01942,CUST2348,Headphones,Electronics,Central,Indore,Consumer,3,568.72,0,1706.15,25.75,267.78,UPI,Returned,36,4.5
2025-02-20,ORD02642,CUST1984,Laptop,Electronics,East,Guwahati,Corporate,2,1277.24,5,2554.48,24.43,231.81,UPI,Completed,32,2.9
2025-02-20,ORD00351,CUST1847,Printer,Office Supplies,North,Chandigarh,Consumer,4,324.12,10,1296.47,22.3,66.34,Credit Card,Cancelled,33,3.4
2025-02-20,ORD00800,CUST3371,Lipstick,Beauty,Central,Indore,Small Business,4,168.51,10,674.05,18.39,21.39,UPI,Completed,28,5.0
2025-02-20,ORD00916,CUST3046,Vacuum Cleaner,Home & Kitchen,Central,Indore,Consumer,1,166.84,10,166.84,28.08,-27.22,UPI,Completed,47,3.0
2025-02-20,ORD04622,CUST1417,Cookware Set,Home & Kitchen,West,Pune,Consumer,2,347.8,0,695.6,32.92,75.82,Credit Card,Completed,20,4.1
2025-02-20,ORD02533,CUST1854,T-Shirt,Fashion,West,Ahmedabad,Small Business,1,114.84,10,114.84,19.35,-3.77,Debit Card,Returned,35,3.4
2025-02-20,ORD00447,CUST1148,Lipstick,Beauty,West,Ahmedabad,Consumer,2,130.84,15,261.68,38.19,-51.36,Credit Card,Completed,43,4.8
2025-02-20,ORD04035,CUST1780,Coffee Maker,Home & Kitchen,North,Jaipur,Corporate,3,163.24,5,489.72,39.89,18.48,PayPal,Completed,64,4.9
2025-02-20,ORD01921,CUST1860,Perfume,Beauty,North,Chandigarh,Consumer,1,100.4,5,100.4,21.43,-14.36,PayPal,Completed,60,2.9
2025-02-20,ORD02250,CUST1352,Smartwatch,Electronics,South,Bengaluru,Consumer,3,1112.84,15,3338.52,22.32,-249.95,Credit Card,Returned,19,4.2
2025-02-20,ORD03812,CUST1010,Coffee Maker,Home & Kitchen,South,Hyderabad,Corporate,5,487.17,5,2435.87,34.84,357.8,Credit Card,Completed,49,3.4
2025-02-20,ORD01140,CUST2356,Smartwatch,Electronics,Central,Indore,Corporate,3,702.92,5,2108.77,21.04,296.29,Debit Card,Returned,29,4.8
2025-02-21,ORD00698,CUST1076,Air Fryer,Home & Kitchen,East,Kolkata,Consumer,4,205.97,0,823.88,35.0,55.82,Cash on Delivery,Completed,24,4.9
2025-02-21,ORD02525,CUST1281,Lipstick,Beauty,South,Hyderabad,Corporate,2,154.36,15,308.72,35.79,-56.88,Credit Card,Completed,52,4.2
2025-02-21,ORD04326,CUST2459,Jacket,Fashion,South,Hyderabad,Consumer,4,208.52,5,834.07,33.38,125.73,PayPal,Completed,36,4.4
2025-02-21,ORD03585,CUST3430,Cookware Set,Home & Kitchen,South,Bengaluru,Consumer,3,174.73,15,524.2,26.9,33.58,Debit Card,Completed,43,4.8
2025-02-21,ORD01993,CUST3378,Keyboard,Office Supplies,North,Chandigarh,Consumer,5,39.11,10,195.55,18.55,-8.68,Debit Card,Completed,27,2.7
2025-02-21,ORD03855,CUST3365,Jeans,Fashion,North,Delhi,Small Business,4,71.01,10,284.03,39.91,8.68,UPI,Completed,24,4.9
2025-02-21,ORD02126,CUST2486,Tablet,Electronics,East,Guwahati,Consumer,1,962.59,20,962.59,9.09,45.38,PayPal,Completed,28,2.8
2025-02-21,ORD03065,CUST3207,Notebook,Office Supplies,North,Chandigarh,Small Business,1,88.56,15,88.56,13.88,-4.96,Cash on Delivery,Completed,21,5.0
2025-02-21,ORD02968,CUST1698,Headphones,Electronics,East,Guwahati,Small Business,4,821.47,5,3285.87,12.54,384.63,UPI,Completed,21,4.8
2025-02-22,ORD03217,CUST1367,Smartwatch,Electronics,East,Bhubaneswar,Small Business,4,328.13,10,1312.53,44.37,17.6,PayPal,Completed,44,4.0
2025-02-22,ORD03975,CUST1316,Shampoo,Beauty,Central,Indore,Consumer,5,52.59,5,262.97,47.11,-7.29,Credit Card,Completed,46,3.1
2025-02-22,ORD04099,CUST1047,Backpack,Fashion,North,Jaipur,Small Business,4,151.96,0,607.86,20.03,117.86,UPI,Completed,18,4.4
2025-02-22,ORD00115,CUST2450,Coffee Maker,Home & Kitchen,South,Hyderabad,Consumer,4,281.87,15,1127.5,42.73,-5.02,Debit Card,Completed,55,4.1
2025-02-22,ORD03844,CUST2441,Jacket,Fashion,East,Kolkata,Consumer,4,164.91,10,659.63,20.5,25.68,Credit Card,Returned,53,4.1
2025-02-22,ORD01452,CUST3408,Keyboard,Office Supplies,North,Chandigarh,Corporate,3,416.6,10,1249.8,41.36,106.29,UPI,Cancelled,31,4.0
2025-02-22,ORD02498,CUST1963,Blender,Home & Kitchen,East,Kolkata,Consumer,1,302.25,0,302.25,16.51,12.6,Credit Card,Completed,58,3.4
2025-02-22,ORD01507,CUST2195,Headphones,Electronics,East,Guwahati,Consumer,3,1226.69,5,3680.07,30.81,118.48,Credit Card,Completed,56,3.2
2025-02-22,ORD00422,CUST3356,Backpack,Fashion,South,Hyderabad,Corporate,5,97.96,10,489.82,35.56,3.21,Cash on Delivery,Completed,55,2.7
2025-02-22,ORD01890,CUST1615,Backpack,Fashion,Central,Lucknow,Consumer,1,28.06,10,28.06,31.23,-31.13,Credit Card,Completed,61,3.3
2025-02-23,ORD02670,CUST2746,Smartwatch,Electronics,Central,Bhopal,Consumer,2,544.92,15,1089.84,35.34,85.33,Credit Card,Completed,61,5.0
2025-02-23,ORD00811,CUST1151,Lipstick,Beauty,South,Hyderabad,Consumer,5,107.06,20,535.32,20.86,11.0,UPI,Completed,63,2.4
2025-02-23,ORD03086,CUST1823,Smartphone,Electronics,North,Jaipur,Small Business,4,1187.05,20,4748.19,41.74,-357.35,UPI,Cancelled,57,2.8
2025-02-23,ORD01838,CUST1736,Sneakers,Fashion,East,Kolkata,Consumer,1,206.67,10,206.67,26.54,-19.26,PayPal,Completed,28,4.1
2025-02-23,ORD00477,CUST2643,Cookware Set,Home & Kitchen,South,Bengaluru,Consumer,3,180.13,5,540.4,32.29,58.16,Credit Card,Completed,40,3.9
2025-02-23,ORD03778,CUST1829,Smartwatch,Electronics,Central,Indore,Corporate,4,243.28,15,973.1,45.27,40.03,UPI,Completed,27,5.0
2025-02-24,ORD03016,CUST1079,Backpack,Fashion,East,Guwahati,Consumer,4,176.23,5,704.93,18.86,124.94,UPI,Completed,23,4.0
2025-02-24,ORD04743,CUST2714,Dumbbells,Sports,East,Guwahati,Consumer,5,270.29,0,1351.45,35.67,169.43,Credit Card,Completed,45,3.5
2025-02-24,ORD03055,CUST1036,Running Shoes,Sports,East,Kolkata,Consumer,3,94.17,15,282.51,37.86,-12.81,PayPal,Completed,58,4.0
2025-02-24,ORD00135,CUST3121,Sneakers,Fashion,Central,Bhopal,Consumer,5,91.3,20,456.5,49.54,-49.26,UPI,Returned,38,3.4
2025-02-24,ORD03334,CUST2320,Smartphone,Electronics,Central,Indore,Corporate,5,1352.93,10,6764.63,30.04,-4.06,Credit Card,Completed,35,5.0
2025-02-24,ORD01526,CUST3370,Office Chair,Office Supplies,East,Kolkata,Consumer,1,220.65,15,220.65,35.73,-31.11,Cash on Delivery,Cancelled,53,1.7
2025-02-24,ORD03311,CUST3180,Cookware Set,Home & Kitchen,West,Pune,Consumer,3,229.9,10,689.7,20.34,88.41,Credit Card,Completed,46,4.4
2025-02-24,ORD04615,CUST2918,Tablet,Electronics,East,Guwahati,Consumer,2,1284.45,10,2568.9,19.76,237.99,PayPal,Completed,40,3.6
2025-02-24,ORD02171,CUST2636,Air Fryer,Home & Kitchen,East,Kolkata,Consumer,4,66.53,15,266.11,42.17,-12.3,Credit Card,Completed,60,4.8
2025-02-24,ORD02334,CUST2479,Notebook,Office Supplies,South,Bengaluru,Consumer,4,234.02,10,936.08,31.7,116.36,PayPal,Completed,33,3.4
2025-02-25,ORD03864,CUST2544,Perfume,Beauty,North,Jaipur,Consumer,4,24.25,5,97.0,17.23,-12.34,UPI,Returned,59,5.0
2025-02-25,ORD04088,CUST2980,Shampoo,Beauty,West,Pune,Small Business,3,71.48,10,214.44,19.98,-3.64,UPI,Completed,63,3.2
2025-02-25,ORD03956,CUST2819,Notebook,Office Supplies,East,Bhubaneswar,Corporate,3,409.3,10,1227.89,41.01,49.48,Credit Card,Completed,22,2.9
2025-02-25,ORD03922,CUST1895,Jeans,Fashion,South,Hyderabad,Consumer,3,65.6,10,196.81,31.07,-9.54,Debit Card,Cancelled,45,3.4
2025-02-25,ORD02175,CUST1244,Printer,Office Supplies,East,Guwahati,Consumer,5,169.39,0,846.94,31.56,201.35,Credit Card,Completed,31,5.0
2025-02-25,ORD01669,CUST2086,Keyboard,Office Supplies,West,Ahmedabad,Corporate,5,299.59,5,1497.94,29.73,235.0,UPI,Completed,26,3.1
2025-02-25,ORD00865,CUST1450,Backpack,Fashion,Central,Bhopal,Corporate,3,27.07,15,81.22,30.25,-25.1,UPI,Completed,21,3.4
2025-02-25,ORD03013,CUST2581,Coffee Maker,Home & Kitchen,East,Bhubaneswar,Consumer,1,229.82,0,229.82,34.13,-10.79,UPI,Returned,56,3.2
2025-02-26,ORD03290,CUST2668,Tablet,Electronics,South,Chennai,Consumer,1,468.35,10,468.35,34.41,-30.26,PayPal,Completed,46,3.7
2025-02-26,ORD03599,CUST1793,Coffee Maker,Home & Kitchen,North,Delhi,Small Business,1,496.41,15,496.41,22.81,-32.75,PayPal,Completed,57,3.9
2025-02-26,ORD03462,CUST2882,Coffee Maker,Home & Kitchen,East,Kolkata,Corporate,3,271.79,0,815.36,33.46,189.56,Credit Card,Completed,58,3.8
2025-02-26,ORD00919,CUST3082,Perfume,Beauty,Central,Indore,Corporate,3,19.56,0,58.67,28.87,-13.0,UPI,Completed,57,3.0
2025-02-26,ORD04885,CUST1381,Notebook,Office Supplies,East,Bhubaneswar,Consumer,1,371.57,10,371.57,6.61,-6.25,UPI,Completed,29,4.9
2025-02-26,ORD03870,CUST3249,Notebook,Office Supplies,South,Chennai,Small Business,3,105.6,5,316.8,38.59,25.6,UPI,Completed,38,4.2
2025-02-26,ORD04741,CUST1446,Smartwatch,Electronics,South,Hyderabad,Small Business,3,554.98,15,1664.93,19.42,144.07,Credit Card,Completed,18,3.4
2025-02-26,ORD03202,CUST1825,Vacuum Cleaner,Home & Kitchen,South,Hyderabad,Corporate,4,373.17,5,1492.68,34.97,187.76,UPI,Completed,58,3.4
2025-02-27,ORD04726,CUST3359,Vacuum Cleaner,Home & Kitchen,Central,Bhopal,Consumer,1,322.5,10,322.5,34.99,-34.44,Debit Card,Completed,60,3.4
2025-02-27,ORD00668,CUST1769,Dumbbells,Sports,West,Ahmedabad,Corporate,2,226.04,10,452.09,24.44,-30.2,UPI,Completed,52,4.2
2025-02-27,ORD03839,CUST2654,Printer,Office Supplies,South,Chennai,Consumer,5,150.47,0,752.34,25.51,183.54,UPI,Completed,42,5.0
2025-02-27,ORD01108,CUST2400,Headphones,Electronics,West,Pune,Consumer,3,180.6,15,541.8,13.16,27.96,Credit Card,Completed,34,4.3
2025-02-27,ORD04199,CUST2231,Laptop,Electronics,North,Chandigarh,Consumer,4,242.68,15,970.72,32.74,78.33,Credit Card,Completed,38,4.3
2025-02-27,ORD01031,CUST1208,Vacuum Cleaner,Home & Kitchen,West,Ahmedabad,Consumer,2,96.53,0,193.06,19.5,1.3,Debit Card,Completed,39,3.6
2025-02-27,ORD02806,CUST2977,Sports Bottle,Sports,Central,Lucknow,Corporate,2,261.1,10,522.21,23.09,53.47,Credit Card,Completed,36,4.6
2025-02-27,ORD01578,CUST3279,T-Shirt,Fashion,East,Kolkata,Corporate,1,192.33,5,192.33,6.75,22.5,Credit Card,Completed,32,1.8
2025-02-27,ORD00646,CUST1903,Keyboard,Office Supplies,Central,Indore,Consumer,2,282.22,0,564.44,31.91,72.6,Credit Card,Completed,38,3.5
2025-02-28,ORD04380,CUST1540,Air Fryer,Home & Kitchen,East,Bhubaneswar,Corporate,5,479.51,0,2397.56,43.76,475.07,UPI,Completed,59,4.2
2025-02-28,ORD00927,CUST1372,Jeans,Fashion,West,Pune,Consumer,4,192.77,15,771.1,19.14,-65.17,PayPal,Returned,25,4.2
2025-02-28,ORD00751,CUST3065,Keyboard,Office Supplies,East,Guwahati,Consumer,1,288.71,0,288.71,20.55,12.13,Cash on Delivery,Returned,35,2.9
2025-02-28,ORD03137,CUST2088,Running Shoes,Sports,West,Ahmedabad,Small Business,1,189.99,10,189.99,11.37,0.58,Cash on Delivery,Completed,43,3.5
2025-02-28,ORD01640,CUST1198,Cookware Set,Home & Kitchen,South,Hyderabad,Small Business,5,157.52,10,787.59,37.52,45.67,Credit Card,Completed,56,3.2
2025-02-28,ORD02571,CUST1218,Moisturizer,Beauty,East,Kolkata,Consumer,3,121.53,15,364.59,30.62,-55.73,Debit Card,Completed,29,4.1
2025-02-28,ORD02696,CUST2004,Sneakers,Fashion,West,Mumbai,Consumer,1,56.3,20,56.3,20.41,-18.27,Cash on Delivery,Completed,48,4.5
2025-02-28,ORD00031,CUST2541,Laptop,Electronics,East,Bhubaneswar,Corporate,1,1259.87,10,1259.87,25.76,57.81,Credit Card,Completed,23,2.9
2025-02-28,ORD02687,CUST3333,Jeans,Fashion,West,Mumbai,Consumer,2,39.56,5,79.11,14.94,-8.63,UPI,Completed,60,3.0
2025-02-28,ORD01844,CUST1328,Headphones,Electronics,North,Delhi,Consumer,4,788.05,5,3152.19,40.69,239.08,Credit Card,Completed,40,4.3
2025-02-28,ORD04889,CUST3243,Smartphone,Electronics,West,Mumbai,Consumer,1,822.7,15,822.7,31.25,2.58,UPI,Completed,33,5.0
2025-02-28,ORD03973,CUST1920,Headphones,Electronics,North,Jaipur,Consumer,2,693.36,10,1386.73,23.6,-8.33,PayPal,Completed,29,5.0
2025-02-28,ORD03021,CUST1043,Office Chair,Office Supplies,East,Bhubaneswar,Corporate,1,264.92,15,264.92,36.04,-27.48,UPI,Completed,24,4.0
2025-02-28,ORD01459,CUST2823,Backpack,Fashion,Central,Bhopal,Consumer,2,38.38,10,76.76,29.34,-20.44,Debit Card,Cancelled,61,3.9
2025-02-28,ORD04568,CUST2591,Jeans,Fashion,South,Chennai,Corporate,1,183.78,10,183.78,19.92,-7.63,Debit Card,Completed,19,4.0
2025-02-28,ORD03501,CUST3408,Sneakers,Fashion,South,Hyderabad,Small Business,2,190.14,10,380.27,30.63,-36.79,Credit Card,Completed,47,3.3
2025-03-01,ORD03800,CUST1213,Shampoo,Beauty,West,Ahmedabad,Consumer,3,119.69,10,359.07,19.35,28.08,PayPal,Completed,62,4.0
2025-03-01,ORD02550,CUST1977,Sports Bottle,Sports,East,Bhubaneswar,Small Business,3,42.08,0,126.23,12.6,14.85,Debit Card,Completed,50,5.0
2025-03-01,ORD00106,CUST2298,Cookware Set,Home & Kitchen,South,Bengaluru,Small Business,3,409.08,20,1227.25,18.57,72.93,Cash on Delivery,Completed,26,3.1
2025-03-01,ORD00545,CUST2840,Headphones,Electronics,East,Guwahati,Corporate,2,1209.03,10,2418.05,36.73,265.26,PayPal,Completed,32,3.9
2025-03-01,ORD00097,CUST1895,Smartwatch,Electronics,West,Pune,Corporate,3,298.23,10,894.7,43.55,106.19,Cash on Delivery,Completed,20,3.3
2025-03-01,ORD00055,CUST3410,Face Serum,Beauty,North,Delhi,Corporate,1,36.7,15,36.7,36.62,-32.74,Credit Card,Returned,31,3.4
2025-03-01,ORD01872,CUST1435,Cookware Set,Home & Kitchen,East,Bhubaneswar,Small Business,4,72.23,5,288.9,38.09,22.87,Cash on Delivery,Completed,38,3.7
2025-03-01,ORD03642,CUST1946,Fitness Band,Sports,East,Guwahati,Consumer,5,44.64,10,223.18,33.82,3.4,Debit Card,Returned,34,4.7
2025-03-01,ORD02713,CUST2364,Dumbbells,Sports,North,Jaipur,Consumer,2,265.18,10,530.36,33.59,61.2,UPI,Returned,50,4.7
2025-03-01,ORD03231,CUST2634,Headphones,Electronics,Central,Lucknow,Consumer,1,537.61,0,537.61,25.84,95.82,UPI,Returned,51,5.0
2025-03-02,ORD04688,CUST1243,Smartphone,Electronics,East,Guwahati,Corporate,2,283.57,15,567.13,19.25,-21.93,PayPal,Completed,40,3.9
2025-03-02,ORD01460,CUST3165,Sneakers,Fashion,East,Bhubaneswar,Consumer,2,33.43,5,66.85,28.12,-20.62,UPI,Completed,35,5.0
2025-03-02,ORD04642,CUST2103,Cookware Set,Home & Kitchen,South,Hyderabad,Small Business,5,353.55,10,1767.76,28.98,136.06,Credit Card,Completed,56,4.3
2025-03-02,ORD03646,CUST2797,Headphones,Electronics,South,Hyderabad,Consumer,4,477.56,5,1910.25,33.1,275.86,Debit Card,Completed,63,4.3
2025-03-02,ORD02220,CUST3017,Air Fryer,Home & Kitchen,North,Chandigarh,Consumer,3,181.17,5,543.51,27.0,67.92,UPI,Completed,61,3.3
2025-03-03,ORD01948,CUST1586,Blender,Home & Kitchen,South,Bengaluru,Small Business,5,70.88,10,354.42,27.47,24.47,UPI,Completed,32,2.7
2025-03-03,ORD02306,CUST2289,Moisturizer,Beauty,East,Kolkata,Consumer,4,16.42,15,65.68,28.86,-23.11,UPI,Completed,40,3.2
2025-03-03,ORD01943,CUST2565,Shampoo,Beauty,West,Ahmedabad,Consumer,1,119.27,5,119.27,31.82,-6.35,Credit Card,Completed,41,5.0
2025-03-03,ORD04663,CUST3284,Smartphone,Electronics,Central,Bhopal,Corporate,1,276.34,10,276.34,7.15,-7.54,Credit Card,Completed,37,4.0
2025-03-03,ORD02124,CUST2444,Smartwatch,Electronics,West,Mumbai,Small Business,2,911.4,0,1822.81,33.25,425.25,Cash on Delivery,Completed,30,5.0
2025-03-03,ORD01828,CUST1512,Yoga Mat,Sports,East,Guwahati,Small Business,3,223.65,10,670.94,47.94,-23.62,Credit Card,Completed,53,4.9
2025-03-03,ORD02737,CUST1665,Running Shoes,Sports,West,Mumbai,Consumer,3,45.27,20,135.82,32.82,-27.62,UPI,Completed,47,4.6
2025-03-03,ORD02744,CUST2147,Vacuum Cleaner,Home & Kitchen,West,Mumbai,Corporate,5,270.97,5,1354.83,33.48,22.46,UPI,Completed,57,3.4
2025-03-03,ORD04880,CUST2147,Dumbbells,Sports,South,Bengaluru,Consumer,4,343.9,5,1375.61,18.18,155.12,PayPal,Completed,25,3.8
2025-03-04,ORD04136,CUST1546,Smartphone,Electronics,North,Jaipur,Corporate,3,892.27,10,2676.81,36.61,242.9,Credit Card,Completed,25,4.9
2025-03-04,ORD01323,CUST3199,Smartphone,Electronics,West,Ahmedabad,Small Business,5,955.21,10,4776.06,32.17,580.26,PayPal,Completed,55,5.0
2025-03-04,ORD01131,CUST1860,Backpack,Fashion,West,Ahmedabad,Consumer,4,244.92,5,979.67,16.65,105.83,Debit Card,Completed,50,3.9
2025-03-04,ORD01048,CUST3079,T-Shirt,Fashion,West,Mumbai,Corporate,5,109.79,15,548.96,42.46,24.08,PayPal,Completed,20,3.5
2025-03-04,ORD01730,CUST2316,Backpack,Fashion,South,Bengaluru,Consumer,1,113.59,10,113.59,15.29,-16.95,UPI,Returned,30,3.3
2025-03-04,ORD04273,CUST2951,Smartwatch,Electronics,North,Chandigarh,Corporate,2,1137.96,5,2275.92,34.71,131.27,PayPal,Returned,41,3.9
2025-03-04,ORD03628,CUST2873,Cookware Set,Home & Kitchen,South,Bengaluru,Corporate,5,407.99,10,2039.95,37.6,199.66,Credit Card,Completed,45,4.7
2025-03-04,ORD01495,CUST1830,Smartphone,Electronics,North,Jaipur,Small Business,1,813.19,15,813.19,6.57,61.84,Credit Card,Completed,60,5.0
2025-03-05,ORD04225,CUST2751,Air Fryer,Home & Kitchen,Central,Bhopal,Small Business,3,369.58,10,1108.73,42.49,-58.48,UPI,Completed,50,3.7
2025-03-05,ORD03600,CUST3376,Jacket,Fashion,North,Jaipur,Consumer,4,97.76,5,391.06,34.96,36.78,Cash on Delivery,Completed,59,2.1
2025-03-05,ORD01432,CUST1156,Backpack,Fashion,North,Delhi,Consumer,5,77.82,15,389.08,22.57,5.19,PayPal,Completed,58,4.5
2025-03-05,ORD02946,CUST1675,Keyboard,Office Supplies,South,Chennai,Corporate,2,124.42,10,248.84,12.09,-14.0,Credit Card,Cancelled,53,4.2
2025-03-05,ORD02388,CUST2502,Dumbbells,Sports,South,Bengaluru,Consumer,2,219.63,15,439.27,14.18,4.74,Credit Card,Completed,44,4.1
2025-03-05,ORD04681,CUST1271,Perfume,Beauty,East,Guwahati,Corporate,5,155.34,15,776.72,22.58,76.65,UPI,Completed,28,5.0
2025-03-05,ORD04699,CUST3225,Backpack,Fashion,West,Mumbai,Small Business,2,63.66,20,127.32,31.62,-24.77,PayPal,Completed,42,5.0
2025-03-05,ORD02204,CUST2061,Printer,Office Supplies,West,Ahmedabad,Consumer,2,438.01,5,876.02,17.91,58.83,PayPal,Completed,36,4.7
2025-03-05,ORD01423,CUST1000,Face Serum,Beauty,South,Bengaluru,Consumer,4,163.36,10,653.46,21.63,14.62,UPI,Completed,63,3.9
2025-03-05,ORD04756,CUST2835,Smartphone,Electronics,North,Delhi,Consumer,5,847.15,5,4235.75,27.09,945.19,Debit Card,Completed,28,4.7
2025-03-05,ORD02646,CUST3179,Sneakers,Fashion,North,Delhi,Consumer,1,71.58,15,71.58,21.67,-20.63,Credit Card,Cancelled,25,3.9
2025-03-05,ORD03123,CUST2716,Sports Bottle,Sports,West,Pune,Consumer,5,314.14,5,1570.7,26.2,213.87,UPI,Returned,54,3.6
2025-03-06,ORD04840,CUST3383,Laptop,Electronics,North,Delhi,Consumer,1,295.8,10,295.8,33.0,3.93,Credit Card,Returned,20,5.0
2025-03-06,ORD00462,CUST2138,Sneakers,Fashion,North,Delhi,Corporate,1,123.38,5,123.38,12.97,1.17,Debit Card,Completed,31,4.4
2025-03-06,ORD04494,CUST1657,Air Fryer,Home & Kitchen,North,Delhi,Consumer,5,97.29,15,486.44,39.55,-3.36,Credit Card,Cancelled,42,3.4
2025-03-06,ORD04097,CUST1483,Dumbbells,Sports,Central,Bhopal,Small Business,4,336.25,20,1345.01,31.61,-66.0,Cash on Delivery,Completed,25,2.5
2025-03-06,ORD01130,CUST1420,T-Shirt,Fashion,South,Hyderabad,Corporate,5,44.17,10,220.83,23.47,12.3,UPI,Cancelled,37,4.3
2025-03-07,ORD04056,CUST2554,T-Shirt,Fashion,South,Chennai,Corporate,3,231.23,20,693.7,14.23,-28.7,Debit Card,Completed,25,3.5
2025-03-07,ORD03184,CUST1780,Perfume,Beauty,North,Chandigarh,Consumer,2,199.28,5,398.56,26.71,8.79,Debit Card,Completed,29,3.6
2025-03-07,ORD01695,CUST2984,Tablet,Electronics,North,Chandigarh,Consumer,1,1234.42,10,1234.42,8.27,95.17,Credit Card,Cancelled,23,3.8
2025-03-07,ORD01949,CUST2197,Dumbbells,Sports,Central,Bhopal,Consumer,2,40.82,5,81.63,26.77,-17.79,Debit Card,Completed,49,4.1
2025-03-07,ORD04627,CUST1795,Sports Bottle,Sports,Central,Bhopal,Consumer,4,254.21,5,1016.84,30.62,84.41,UPI,Completed,20,3.8
2025-03-07,ORD04157,CUST1802,Yoga Mat,Sports,North,Delhi,Consumer,2,76.08,5,152.17,22.45,-14.67,UPI,Completed,56,4.2
2025-03-07,ORD00503,CUST2523,Headphones,Electronics,South,Bengaluru,Consumer,1,252.17,5,252.17,22.42,1.63,UPI,Completed,60,4.2
2025-03-07,ORD01360,CUST2431,Blender,Home & Kitchen,North,Delhi,Corporate,1,255.8,0,255.8,12.42,25.91,PayPal,Completed,62,4.7
2025-03-07,ORD04574,CUST3112,Air Fryer,Home & Kitchen,West,Pune,Small Business,1,386.5,5,386.5,7.76,53.37,UPI,Completed,48,4.3
2025-03-08,ORD04878,CUST2183,Jacket,Fashion,North,Jaipur,Corporate,2,234.06,10,468.12,27.53,54.66,Debit Card,Completed,33,3.2
2025-03-08,ORD00345,CUST1709,Coffee Maker,Home & Kitchen,Central,Lucknow,Small Business,2,270.66,5,541.33,39.25,18.12,Credit Card,Completed,18,4.4
2025-03-08,ORD02715,CUST3495,Air Fryer,Home & Kitchen,North,Chandigarh,Consumer,2,302.71,5,605.42,38.4,79.46,Credit Card,Completed,63,3.3
2025-03-08,ORD04086,CUST2644,Backpack,Fashion,West,Ahmedabad,Small Business,3,145.72,0,437.15,44.46,71.89,UPI,Completed,58,4.1
2025-03-08,ORD00759,CUST1416,Face Serum,Beauty,South,Chennai,Corporate,3,183.32,0,549.96,15.01,107.67,Debit Card,Returned,59,4.2
2025-03-08,ORD04977,CUST2052,Desk Lamp,Office Supplies,West,Mumbai,Consumer,3,182.44,0,547.32,39.59,100.11,UPI,Completed,50,3.7
2025-03-08,ORD02226,CUST3248,Headphones,Electronics,East,Guwahati,Small Business,3,1105.13,5,3315.39,8.34,130.22,PayPal,Completed,53,3.4
2025-03-08,ORD01900,CUST2423,Keyboard,Office Supplies,East,Bhubaneswar,Small Business,1,262.4,0,262.4,15.6,40.2,UPI,Returned,35,4.5
2025-03-08,ORD04414,CUST2913,Vacuum Cleaner,Home & Kitchen,North,Jaipur,Consumer,4,239.27,10,957.07,27.78,105.1,Credit Card,Completed,32,2.4
2025-03-08,ORD00841,CUST2754,Office Chair,Office Supplies,Central,Bhopal,Consumer,1,266.31,0,266.31,22.18,2.86,UPI,Completed,19,4.3
2025-03-09,ORD02788,CUST2138,Sports Bottle,Sports,Central,Indore,Small Business,5,73.21,15,366.03,34.6,-34.49,Cash on Delivery,Completed,20,5.0
2025-03-09,ORD00771,CUST2084,Notebook,Office Supplies,East,Kolkata,Corporate,2,201.18,0,402.36,17.63,24.34,Credit Card,Completed,40,2.7
2025-03-09,ORD03912,CUST2539,Jacket,Fashion,Central,Bhopal,Consumer,5,92.26,0,461.28,44.64,59.04,Debit Card,Completed,42,3.4
2025-03-09,ORD02592,CUST2439,Tablet,Electronics,East,Bhubaneswar,Consumer,3,499.57,0,1498.7,31.98,386.68,Cash on Delivery,Completed,63,5.0
2025-03-09,ORD02851,CUST3454,Laptop,Electronics,East,Guwahati,Small Business,3,1297.85,5,3893.56,41.81,159.8,UPI,Returned,58,2.5
2025-03-09,ORD03174,CUST2403,Desk Lamp,Office Supplies,Central,Indore,Small Business,3,252.25,10,756.76,31.41,-23.4,PayPal,Completed,32,4.0
2025-03-09,ORD03900,CUST1411,T-Shirt,Fashion,West,Pune,Corporate,1,182.85,15,182.85,16.65,-13.9,UPI,Completed,21,3.8
2025-03-09,ORD04984,CUST3275,Keyboard,Office Supplies,South,Bengaluru,Corporate,5,148.0,15,740.02,18.31,-38.2,Credit Card,Completed,26,4.2
2025-03-09,ORD02663,CUST1378,Backpack,Fashion,West,Pune,Corporate,3,234.79,5,704.38,43.53,7.97,UPI,Returned,35,4.8
2025-03-09,ORD03140,CUST3154,Backpack,Fashion,West,Pune,Corporate,2,145.24,20,290.47,37.49,-52.36,UPI,Completed,41,2.2
2025-03-10,ORD01392,CUST1816,Sports Bottle,Sports,North,Delhi,Corporate,2,209.54,0,419.08,26.43,17.13,Cash on Delivery,Completed,37,3.0
2025-03-10,ORD01020,CUST3317,Air Fryer,Home & Kitchen,West,Ahmedabad,Consumer,5,145.99,10,729.97,9.8,53.37,UPI,Returned,47,4.4
2025-03-10,ORD03561,CUST1407,Coffee Maker,Home & Kitchen,West,Mumbai,Small Business,2,230.77,10,461.53,33.9,22.27,Credit Card,Completed,59,4.9
2025-03-10,ORD02573,CUST2005,Keyboard,Office Supplies,West,Mumbai,Small Business,3,14.24,15,42.71,29.96,-28.2,Credit Card,Completed,22,2.8
2025-03-10,ORD00342,CUST1441,Backpack,Fashion,Central,Lucknow,Consumer,2,201.17,10,402.33,14.81,16.72,Credit Card,Completed,60,3.7
2025-03-10,ORD03865,CUST1815,Sports Bottle,Sports,North,Chandigarh,Corporate,2,30.54,0,61.07,22.55,-15.12,Credit Card,Completed,53,4.2
2025-03-10,ORD00244,CUST1881,Coffee Maker,Home & Kitchen,East,Kolkata,Corporate,3,225.06,20,675.18,15.24,-43.15,Debit Card,Completed,47,3.6
2025-03-10,ORD03893,CUST2366,Jeans,Fashion,South,Hyderabad,Consumer,2,61.84,15,123.69,9.58,-1.48,UPI,Completed,58,5.0
2025-03-10,ORD02620,CUST1835,Printer,Office Supplies,West,Ahmedabad,Consumer,4,301.72,10,1206.86,21.88,102.96,Debit Card,Completed,47,5.0
2025-03-11,ORD01519,CUST3183,Perfume,Beauty,South,Chennai,Consumer,1,206.2,0,206.2,35.38,-11.79,UPI,Completed,63,3.5
2025-03-11,ORD03953,CUST2862,Jeans,Fashion,West,Mumbai,Small Business,4,199.29,20,797.16,32.89,-119.78,Credit Card,Returned,60,4.7
2025-03-11,ORD04734,CUST2778,Printer,Office Supplies,South,Hyderabad,Consumer,3,133.77,15,401.32,20.54,-15.83,UPI,Completed,37,4.9
2025-03-11,ORD00762,CUST1135,Smartwatch,Electronics,North,Delhi,Corporate,4,767.57,0,3070.3,38.76,464.19,Cash on Delivery,Completed,56,3.8
2025-03-11,ORD01070,CUST2473,Desk Lamp,Office Supplies,East,Kolkata,Consumer,5,368.59,15,1842.96,23.57,-70.08,PayPal,Completed,23,2.8
2025-03-11,ORD01548,CUST2408,Printer,Office Supplies,North,Delhi,Small Business,4,60.4,15,241.61,31.57,-15.21,Debit Card,Completed,29,4.7
2025-03-12,ORD02321,CUST1802,Dumbbells,Sports,West,Mumbai,Consumer,5,297.22,5,1486.1,49.65,288.66,PayPal,Completed,47,5.0
2025-03-12,ORD01582,CUST1513,Smartwatch,Electronics,South,Bengaluru,Consumer,3,1296.61,15,3889.82,33.67,317.71,Debit Card,Completed,23,3.3
2025-03-12,ORD02179,CUST2911,Laptop,Electronics,East,Guwahati,Consumer,3,862.45,5,2587.35,41.02,252.35,UPI,Completed,54,4.0
2025-03-12,ORD01908,CUST3149,Cookware Set,Home & Kitchen,West,Pune,Consumer,5,402.38,5,2011.89,24.74,135.66,Cash on Delivery,Cancelled,19,3.9
2025-03-13,ORD01786,CUST1005,Cookware Set,Home & Kitchen,West,Ahmedabad,Consumer,5,40.63,15,203.13,35.85,-10.28,Credit Card,Completed,32,4.7
2025-03-13,ORD04531,CUST3111,Moisturizer,Beauty,East,Bhubaneswar,Consumer,5,58.14,5,290.7,35.35,-4.78,UPI,Completed,19,4.0
2025-03-13,ORD01493,CUST2407,Jacket,Fashion,North,Chandigarh,Consumer,4,172.22,15,688.86,19.35,17.09,UPI,Completed,26,3.1
2025-03-13,ORD04711,CUST1834,Backpack,Fashion,West,Mumbai,Consumer,1,49.86,10,49.86,21.63,-20.15,PayPal,Completed,36,4.3
2025-03-13,ORD03459,CUST2416,Blender,Home & Kitchen,East,Bhubaneswar,Consumer,2,386.43,15,772.85,26.95,35.67,Debit Card,Completed,61,5.0
2025-03-13,ORD01724,CUST1762,Tablet,Electronics,West,Pune,Consumer,2,1183.14,15,2366.28,29.58,-52.44,Debit Card,Completed,44,4.7
2025-03-13,ORD04978,CUST2132,Sneakers,Fashion,Central,Lucknow,Consumer,1,158.67,5,158.67,29.06,-2.0,Debit Card,Returned,27,4.9
2025-03-13,ORD01240,CUST3035,Jacket,Fashion,East,Bhubaneswar,Consumer,2,80.11,15,160.22,38.8,-36.68,Cash on Delivery,Completed,44,3.9
2025-03-13,ORD00026,CUST3165,Notebook,Office Supplies,South,Hyderabad,Consumer,5,305.55,10,1527.74,21.73,152.91,PayPal,Completed,22,4.2
2025-03-13,ORD01068,CUST2295,Tablet,Electronics,North,Chandigarh,Consumer,1,1283.21,5,1283.21,25.85,248.92,UPI,Completed,50,3.4
2025-03-13,ORD00365,CUST2159,Shampoo,Beauty,East,Guwahati,Consumer,1,139.71,0,139.71,35.2,0.76,UPI,Completed,36,4.2
2025-03-14,ORD01199,CUST2735,Jeans,Fashion,West,Pune,Small Business,1,247.41,15,247.41,9.42,-25.41,UPI,Completed,46,4.1
2025-03-14,ORD00381,CUST1126,Moisturizer,Beauty,Central,Bhopal,Corporate,4,36.69,0,146.76,35.49,4.94,Debit Card,Completed,40,5.0
2025-03-14,ORD02261,CUST2197,Headphones,Electronics,Central,Lucknow,Consumer,4,586.96,10,2347.84,19.71,-40.77,PayPal,Completed,64,4.3
2025-03-14,ORD03046,CUST2827,Blender,Home & Kitchen,South,Bengaluru,Corporate,2,195.55,5,391.1,26.38,32.56,Cash on Delivery,Completed,19,4.3
2025-03-14,ORD04220,CUST2714,Air Fryer,Home & Kitchen,West,Ahmedabad,Consumer,3,422.74,0,1268.23,22.24,79.87,Credit Card,Completed,57,3.4
2025-03-14,ORD03190,CUST1541,Coffee Maker,Home & Kitchen,South,Chennai,Small Business,5,356.79,0,1783.96,9.2,472.2,Cash on Delivery,Cancelled,36,3.4
2025-03-14,ORD04139,CUST2286,Office Chair,Office Supplies,Central,Indore,Corporate,1,189.18,10,189.18,38.91,-28.99,Credit Card,Completed,39,3.5
2025-03-14,ORD00315,CUST1604,Air Fryer,Home & Kitchen,North,Delhi,Small Business,1,106.44,0,106.44,31.2,-14.89,UPI,Completed,19,3.1
2025-03-14,ORD03235,CUST2321,Fitness Band,Sports,North,Chandigarh,Small Business,5,227.51,10,1137.54,56.78,-1.71,Debit Card,Completed,43,2.8
2025-03-15,ORD03874,CUST3353,Smartwatch,Electronics,North,Jaipur,Consumer,3,754.02,10,2262.06,25.15,-14.02,Credit Card,Completed,23,3.9
2025-03-15,ORD02178,CUST2864,Air Fryer,Home & Kitchen,West,Mumbai,Consumer,4,174.47,10,697.87,42.23,2.46,Credit Card,Completed,40,3.2
2025-03-15,ORD01536,CUST1150,Sneakers,Fashion,West,Mumbai,Consumer,4,97.64,0,390.58,20.26,41.08,UPI,Completed,59,5.0
2025-03-15,ORD00213,CUST2873,Perfume,Beauty,East,Guwahati,Consumer,4,175.4,15,701.59,37.17,-30.25,UPI,Completed,45,4.3
2025-03-15,ORD02267,CUST1199,Printer,Office Supplies,West,Ahmedabad,Consumer,3,404.09,5,1212.26,10.34,239.98,UPI,Completed,38,3.2
2025-03-15,ORD03489,CUST2703,Sneakers,Fashion,West,Ahmedabad,Small Business,1,136.44,5,136.44,20.74,9.61,Cash on Delivery,Completed,18,5.0
2025-03-15,ORD01848,CUST2787,Backpack,Fashion,Central,Lucknow,Small Business,2,202.7,10,405.39,23.94,31.22,Credit Card,Completed,51,4.8
2025-03-15,ORD00058,CUST1988,Vacuum Cleaner,Home & Kitchen,Central,Bhopal,Small Business,3,115.27,10,345.8,30.22,28.62,PayPal,Cancelled,36,5.0
2025-03-15,ORD03340,CUST2304,Shampoo,Beauty,East,Guwahati,Consumer,4,99.38,5,397.53,30.67,7.05,UPI,Completed,56,3.8
2025-03-16,ORD04183,CUST1081,Vacuum Cleaner,Home & Kitchen,South,Hyderabad,Consumer,4,272.84,10,1091.38,48.87,123.13,Credit Card,Completed,51,3.4
2025-03-16,ORD04847,CUST3343,Office Chair,Office Supplies,Central,Lucknow,Corporate,4,422.26,15,1689.05,15.21,201.19,PayPal,Completed,59,4.5
2025-03-16,ORD02273,CUST2769,Smartwatch,Electronics,North,Chandigarh,Consumer,3,1094.62,10,3283.86,31.24,3.23,Credit Card,Completed,51,4.1
2025-03-16,ORD03272,CUST2595,Keyboard,Office Supplies,South,Hyderabad,Small Business,5,157.99,5,789.96,39.07,114.48,Debit Card,Completed,41,3.4
2025-03-16,ORD03729,CUST3109,Running Shoes,Sports,South,Hyderabad,Consumer,3,177.98,5,533.94,16.2,27.19,Debit Card,Completed,33,3.2
2025-03-16,ORD02075,CUST2503,Desk Lamp,Office Supplies,North,Chandigarh,Consumer,1,27.72,15,27.72,11.95,-12.76,Debit Card,Completed,61,3.6
2025-03-17,ORD03432,CUST3012,Blender,Home & Kitchen,North,Chandigarh,Corporate,2,263.88,15,527.76,32.65,0.14,Credit Card,Completed,62,3.3
2025-03-17,ORD02308,CUST1329,Smartphone,Electronics,South,Chennai,Consumer,4,629.87,20,2519.48,14.04,-183.07,UPI,Completed,43,3.6
2025-03-17,ORD01408,CUST1515,Headphones,Electronics,West,Pune,Consumer,2,584.1,5,1168.2,14.89,177.64,Debit Card,Completed,28,2.6
2025-03-17,ORD03886,CUST2609,Cookware Set,Home & Kitchen,Central,Bhopal,Small Business,1,268.79,10,268.79,33.28,-13.71,UPI,Completed,59,4.2
2025-03-17,ORD00267,CUST2226,Cookware Set,Home & Kitchen,West,Ahmedabad,Consumer,2,303.2,10,606.4,35.07,32.14,Debit Card,Completed,19,5.0
2025-03-17,ORD03453,CUST1277,Smartwatch,Electronics,West,Pune,Corporate,2,674.48,5,1348.96,31.63,167.13,Debit Card,Completed,34,4.4
2025-03-17,ORD01583,CUST2269,Yoga Mat,Sports,East,Bhubaneswar,Consumer,3,141.9,0,425.71,23.15,83.14,UPI,Returned,43,4.2
2025-03-18,ORD04547,CUST1590,Laptop,Electronics,East,Kolkata,Small Business,5,583.86,0,2919.32,30.92,486.72,Cash on Delivery,Completed,43,4.5
2025-03-18,ORD01931,CUST3020,Blender,Home & Kitchen,East,Guwahati,Corporate,2,378.82,5,757.63,32.03,-3.1,UPI,Completed,18,2.6
2025-03-18,ORD03816,CUST1539,Running Shoes,Sports,South,Hyderabad,Corporate,1,144.92,10,144.92,11.57,13.12,Debit Card,Completed,22,2.6
2025-03-18,ORD03408,CUST3461,Smartwatch,Electronics,Central,Bhopal,Consumer,3,631.29,10,1893.86,22.58,112.43,Cash on Delivery,Completed,34,4.2
2025-03-18,ORD00147,CUST1099,Smartphone,Electronics,North,Chandigarh,Corporate,4,706.27,10,2825.07,32.17,241.04,PayPal,Cancelled,43,5.0
2025-03-18,ORD03269,CUST1215,Keyboard,Office Supplies,Central,Bhopal,Consumer,4,426.67,10,1706.66,35.47,75.33,Credit Card,Completed,37,2.5
2025-03-18,ORD00829,CUST1262,Lipstick,Beauty,South,Chennai,Consumer,3,168.62,5,505.87,20.15,41.66,UPI,Completed,35,4.1
2025-03-19,ORD01752,CUST1593,Jacket,Fashion,East,Kolkata,Consumer,3,153.65,5,460.96,15.79,37.14,Debit Card,Completed,44,4.4
2025-03-19,ORD02384,CUST2207,Coffee Maker,Home & Kitchen,West,Ahmedabad,Small Business,2,169.06,0,338.11,8.94,40.06,Credit Card,Cancelled,34,4.4
2025-03-19,ORD04371,CUST1135,Face Serum,Beauty,West,Pune,Consumer,1,25.63,10,25.63,19.09,-19.55,Debit Card,Completed,55,5.0
2025-03-19,ORD02323,CUST1287,Shampoo,Beauty,Central,Lucknow,Consumer,2,171.02,5,342.04,27.17,26.92,UPI,Completed,60,3.5
2025-03-19,ORD04536,CUST2671,Laptop,Electronics,East,Kolkata,Small Business,1,1296.12,0,1296.12,10.6,213.0,UPI,Completed,23,5.0
2025-03-19,ORD00606,CUST3027,T-Shirt,Fashion,Central,Lucknow,Small Business,4,43.11,10,172.46,42.67,-15.97,Cash on Delivery,Completed,59,3.2
2025-03-19,ORD02570,CUST2718,T-Shirt,Fashion,West,Mumbai,Consumer,4,236.58,5,946.31,19.12,73.59,Credit Card,Returned,54,3.3
2025-03-19,ORD03832,CUST2832,Desk Lamp,Office Supplies,South,Chennai,Corporate,2,166.08,15,332.15,31.05,-32.8,Debit Card,Completed,47,2.6
2025-03-20,ORD02942,CUST3274,Blender,Home & Kitchen,South,Chennai,Consumer,4,125.4,10,501.6,38.76,-6.05,PayPal,Completed,59,4.9
2025-03-20,ORD04634,CUST1412,Vacuum Cleaner,Home & Kitchen,East,Guwahati,Corporate,5,490.52,5,2452.61,51.0,331.28,Credit Card,Completed,52,2.9
2025-03-20,ORD04109,CUST2255,Notebook,Office Supplies,West,Mumbai,Corporate,5,343.25,15,1716.24,34.68,-81.02,Debit Card,Completed,38,4.0
2025-03-20,ORD03061,CUST3072,Jacket,Fashion,North,Delhi,Small Business,5,137.52,10,687.62,20.55,2.51,PayPal,Completed,49,4.7
2025-03-20,ORD01567,CUST1442,Cookware Set,Home & Kitchen,South,Hyderabad,Consumer,2,194.33,10,388.66,31.48,24.41,Cash on Delivery,Completed,28,4.0
2025-03-21,ORD01442,CUST1707,Desk Lamp,Office Supplies,Central,Indore,Corporate,5,176.21,5,881.04,31.25,94.28,Credit Card,Completed,56,3.1
2025-03-21,ORD01448,CUST1979,Keyboard,Office Supplies,Central,Bhopal,Small Business,3,169.88,20,509.64,17.23,-22.38,Debit Card,Completed,34,3.7
2025-03-21,ORD01163,CUST3268,Smartwatch,Electronics,West,Mumbai,Consumer,3,349.51,0,1048.52,23.71,210.58,PayPal,Completed,26,3.7
2025-03-21,ORD02857,CUST1950,Perfume,Beauty,West,Mumbai,Corporate,4,85.76,5,343.03,26.37,-7.21,PayPal,Returned,19,3.2
2025-03-21,ORD04924,CUST1911,Smartphone,Electronics,Central,Indore,Consumer,1,1190.28,15,1190.28,26.16,81.56,Credit Card,Completed,31,3.2
2025-03-21,ORD04823,CUST3274,Smartphone,Electronics,South,Chennai,Corporate,5,1135.78,10,5678.9,39.71,925.36,Credit Card,Completed,33,1.7
2025-03-21,ORD02742,CUST2961,Face Serum,Beauty,Central,Bhopal,Corporate,5,181.32,15,906.6,51.24,-23.73,UPI,Completed,47,5.0
2025-03-21,ORD00254,CUST3268,Vacuum Cleaner,Home & Kitchen,West,Ahmedabad,Consumer,1,396.26,0,396.26,29.11,62.97,UPI,Completed,23,3.6
2025-03-21,ORD02063,CUST1829,Fitness Band,Sports,South,Bengaluru,Consumer,5,228.98,15,1144.91,23.28,-82.53,Cash on Delivery,Completed,24,4.7
2025-03-21,ORD04061,CUST3146,Smartphone,Electronics,Central,Bhopal,Consumer,3,1178.61,15,3535.83,27.68,-233.98,UPI,Cancelled,35,4.9
2025-03-21,ORD02565,CUST2035,Moisturizer,Beauty,South,Hyderabad,Small Business,3,143.0,20,428.99,33.31,-52.18,UPI,Completed,50,5.0
2025-03-22,ORD00264,CUST3463,Backpack,Fashion,North,Delhi,Consumer,5,60.06,0,300.28,28.31,51.55,Debit Card,Completed,56,3.5
2025-03-22,ORD04082,CUST1306,Blender,Home & Kitchen,Central,Lucknow,Consumer,2,160.15,10,320.3,21.24,-10.5,Credit Card,Completed,61,4.2
2025-03-22,ORD02561,CUST2072,Jacket,Fashion,West,Mumbai,Small Business,5,114.66,0,573.29,53.35,81.36,Credit Card,Completed,40,3.8
2025-03-22,ORD04988,CUST2622,Running Shoes,Sports,Central,Bhopal,Small Business,3,82.79,5,248.38,20.13,-12.49,Cash on Delivery,Cancelled,61,3.9
2025-03-22,ORD04493,CUST2800,Yoga Mat,Sports,West,Pune,Consumer,1,315.97,10,315.97,31.76,-0.09,Credit Card,Completed,55,4.6
2025-03-22,ORD02154,CUST2870,Laptop,Electronics,West,Pune,Consumer,5,1354.2,0,6770.98,32.4,1451.93,UPI,Completed,64,4.0
2025-03-22,ORD03859,CUST1779,Moisturizer,Beauty,Central,Indore,Corporate,3,81.0,0,243.01,32.53,22.28,Credit Card,Completed,41,3.8
2025-03-22,ORD03629,CUST2747,Notebook,Office Supplies,Central,Bhopal,Corporate,5,380.44,0,1902.21,47.35,249.27,UPI,Completed,31,5.0
2025-03-23,ORD04526,CUST2949,Running Shoes,Sports,West,Ahmedabad,Corporate,3,172.5,5,517.49,27.55,67.38,PayPal,Completed,40,3.4
2025-03-23,ORD04431,CUST2268,Office Chair,Office Supplies,East,Guwahati,Consumer,3,306.51,15,919.52,17.25,-15.3,Cash on Delivery,Completed,22,4.2
2025-03-23,ORD03266,CUST2932,Coffee Maker,Home & Kitchen,South,Bengaluru,Small Business,4,41.18,10,164.74,38.76,-38.58,UPI,Cancelled,62,3.4
2025-03-23,ORD00974,CUST3233,Jacket,Fashion,Central,Bhopal,Consumer,3,50.39,5,151.16,14.18,10.7,UPI,Completed,53,3.3
2025-03-23,ORD02814,CUST2794,Jeans,Fashion,West,Mumbai,Consumer,2,219.78,5,439.57,40.91,13.6,UPI,Completed,43,4.0
2025-03-23,ORD04257,CUST3439,Jacket,Fashion,Central,Indore,Consumer,4,60.74,10,242.94,23.39,-1.29,Credit Card,Returned,28,4.6
2025-03-23,ORD01882,CUST2017,Office Chair,Office Supplies,North,Chandigarh,Small Business,3,336.92,15,1010.77,25.38,66.0,PayPal,Completed,58,2.6
2025-03-23,ORD00632,CUST2310,Sports Bottle,Sports,North,Jaipur,Corporate,2,233.9,5,467.81,30.91,34.04,UPI,Completed,28,4.2
2025-03-23,ORD04934,CUST2910,Office Chair,Office Supplies,Central,Indore,Consumer,3,22.1,5,66.29,28.32,-15.04,Debit Card,Completed,62,3.5
2025-03-23,ORD02168,CUST1644,T-Shirt,Fashion,West,Pune,Consumer,1,130.77,5,130.77,9.05,9.38,Debit Card,Completed,21,4.0
2025-03-23,ORD01936,CUST3055,Office Chair,Office Supplies,South,Chennai,Consumer,1,368.15,15,368.15,17.29,23.08,Debit Card,Completed,51,3.5
2025-03-23,ORD03381,CUST1934,Yoga Mat,Sports,Central,Indore,Consumer,1,173.19,10,173.19,25.69,1.98,UPI,Completed,23,4.9
2025-03-23,ORD03550,CUST1456,Air Fryer,Home & Kitchen,North,Chandigarh,Consumer,2,150.34,10,300.68,39.1,-20.61,UPI,Completed,20,4.6
2025-03-24,ORD00358,CUST2779,Desk Lamp,Office Supplies,Central,Bhopal,Consumer,1,127.86,10,127.86,35.88,-22.89,Cash on Delivery,Returned,31,3.8
2025-03-24,ORD04693,CUST1688,Cookware Set,Home & Kitchen,East,Guwahati,Consumer,5,71.41,15,357.04,49.18,-66.35,PayPal,Completed,19,2.7
2025-03-24,ORD00350,CUST1256,Yoga Mat,Sports,East,Bhubaneswar,Small Business,2,303.4,20,606.8,25.48,18.43,Credit Card,Completed,46,3.8
2025-03-24,ORD00902,CUST1927,Fitness Band,Sports,North,Chandigarh,Consumer,3,344.23,20,1032.7,9.5,-40.18,UPI,Completed,24,3.5
2025-03-24,ORD01471,CUST2106,Yoga Mat,Sports,South,Hyderabad,Consumer,5,136.62,0,683.08,25.89,158.63,Debit Card,Completed,44,4.6
2025-03-24,ORD04358,CUST1085,Sports Bottle,Sports,South,Hyderabad,Small Business,4,295.17,10,1180.67,33.97,164.15,PayPal,Completed,33,5.0
2025-03-24,ORD02298,CUST2403,Coffee Maker,Home & Kitchen,North,Chandigarh,Consumer,5,141.67,10,708.33,51.17,48.31,Credit Card,Completed,22,4.1
2025-03-25,ORD01015,CUST1785,Running Shoes,Sports,Central,Bhopal,Consumer,5,60.68,10,303.39,25.83,16.6,Debit Card,Completed,63,4.0
2025-03-25,ORD02236,CUST2129,Backpack,Fashion,East,Kolkata,Consumer,2,209.32,10,418.64,25.92,30.31,Cash on Delivery,Completed,19,2.3
2025-03-25,ORD00781,CUST3425,Cookware Set,Home & Kitchen,West,Mumbai,Consumer,2,479.67,15,959.35,39.72,44.67,Credit Card,Completed,57,4.2
2025-03-25,ORD00970,CUST2875,Backpack,Fashion,Central,Indore,Corporate,1,189.93,15,189.93,33.51,-23.79,Cash on Delivery,Completed,32,5.0
2025-03-25,ORD00260,CUST1585,Blender,Home & Kitchen,North,Chandigarh,Corporate,4,88.95,20,355.8,29.87,-18.21,Cash on Delivery,Completed,58,4.4
2025-03-25,ORD04798,CUST2929,Backpack,Fashion,South,Bengaluru,Consumer,2,73.0,15,146.0,27.13,-26.01,UPI,Completed,20,4.5
2025-03-25,ORD04039,CUST1271,Face Serum,Beauty,North,Chandigarh,Consumer,5,133.56,10,667.8,35.3,82.87,Cash on Delivery,Completed,49,3.1
2025-03-25,ORD04378,CUST1851,Jacket,Fashion,West,Pune,Consumer,3,153.76,15,461.27,8.89,-13.63,UPI,Completed,53,3.6
2025-03-25,ORD03796,CUST1344,Air Fryer,Home & Kitchen,South,Hyderabad,Consumer,2,280.09,15,560.18,26.98,6.01,Debit Card,Returned,64,4.0
2025-03-25,ORD00933,CUST2831,Tablet,Electronics,Central,Lucknow,Consumer,2,656.15,5,1312.31,11.47,261.32,Cash on Delivery,Completed,24,3.0
2025-03-25,ORD01774,CUST1440,Backpack,Fashion,North,Delhi,Consumer,3,128.75,5,386.24,11.67,6.68,UPI,Completed,61,3.1
2025-03-25,ORD03909,CUST1084,Sports Bottle,Sports,South,Bengaluru,Consumer,3,236.91,10,710.72,31.0,32.55,Credit Card,Completed,55,2.8
2025-03-25,ORD03608,CUST2241,Desk Lamp,Office Supplies,East,Bhubaneswar,Consumer,1,135.91,0,135.91,15.83,-2.32,Credit Card,Completed,54,3.2
2025-03-25,ORD02174,CUST2894,Smartwatch,Electronics,North,Chandigarh,Consumer,4,663.12,10,2652.46,18.07,-15.9,PayPal,Completed,36,3.5
2025-03-25,ORD02133,CUST2333,Headphones,Electronics,West,Ahmedabad,Consumer,1,1276.74,5,1276.74,14.9,242.93,UPI,Returned,43,3.9
2025-03-25,ORD04400,CUST1920,Notebook,Office Supplies,North,Delhi,Consumer,2,307.06,5,614.11,36.88,77.6,UPI,Completed,21,4.7
2025-03-25,ORD00619,CUST2111,Keyboard,Office Supplies,West,Pune,Corporate,4,359.68,20,1438.72,13.59,-163.16,UPI,Completed,45,4.0
2025-03-26,ORD02409,CUST2714,Laptop,Electronics,East,Bhubaneswar,Consumer,2,1046.45,10,2092.9,25.68,191.2,Credit Card,Completed,34,5.0
2025-03-26,ORD03477,CUST3345,Smartphone,Electronics,West,Pune,Consumer,2,820.18,5,1640.36,32.16,47.52,UPI,Completed,55,3.6
2025-03-26,ORD01966,CUST1509,Headphones,Electronics,East,Bhubaneswar,Consumer,1,598.32,10,598.32,17.11,-0.4,Debit Card,Completed,55,3.1
2025-03-26,ORD02944,CUST3035,Blender,Home & Kitchen,North,Chandigarh,Consumer,4,95.4,20,381.59,26.51,-44.47,UPI,Completed,26,4.7
2025-03-26,ORD01295,CUST3437,Office Chair,Office Supplies,Central,Lucknow,Small Business,4,310.17,5,1240.66,27.66,62.87,UPI,Completed,55,4.0
2025-03-26,ORD01376,CUST1917,Lipstick,Beauty,West,Ahmedabad,Small Business,5,110.89,15,554.43,49.96,-44.91,UPI,Completed,55,3.2
2025-03-26,ORD00928,CUST2402,Office Chair,Office Supplies,North,Jaipur,Small Business,4,261.05,10,1044.2,36.23,-26.45,Debit Card,Completed,63,3.2
2025-03-26,ORD04301,CUST1275,Smartwatch,Electronics,West,Ahmedabad,Consumer,5,455.57,15,2277.85,28.26,228.53,UPI,Completed,49,3.5
2025-03-26,ORD03405,CUST1044,T-Shirt,Fashion,Central,Indore,Consumer,3,225.11,10,675.33,12.36,-0.27,PayPal,Completed,23,4.0
2025-03-26,ORD00991,CUST2557,Keyboard,Office Supplies,South,Chennai,Corporate,5,10.6,10,53.01,45.76,-40.13,Credit Card,Cancelled,30,2.7
2025-03-26,ORD01107,CUST1632,Fitness Band,Sports,South,Hyderabad,Consumer,3,131.67,5,395.02,43.33,32.6,UPI,Completed,25,2.3
2025-03-26,ORD03877,CUST2802,Cookware Set,Home & Kitchen,South,Hyderabad,Corporate,1,249.79,15,249.79,39.28,-33.02,UPI,Completed,22,4.1
2025-03-26,ORD01480,CUST3445,Coffee Maker,Home & Kitchen,Central,Bhopal,Consumer,1,161.0,15,161.0,14.15,0.67,UPI,Cancelled,55,4.3
2025-03-26,ORD04001,CUST1030,Blender,Home & Kitchen,East,Bhubaneswar,Small Business,5,211.65,10,1058.26,38.59,127.4,Credit Card,Completed,32,5.0
2025-03-27,ORD03752,CUST2991,Fitness Band,Sports,West,Mumbai,Consumer,3,283.62,15,850.87,29.52,-42.02,Credit Card,Returned,26,5.0
2025-03-27,ORD04973,CUST1877,Desk Lamp,Office Supplies,South,Bengaluru,Corporate,2,318.91,20,637.82,32.2,14.06,UPI,Completed,54,3.1
2025-03-27,ORD04936,CUST2019,Tablet,Electronics,West,Ahmedabad,Consumer,5,729.61,15,3648.04,24.79,266.64,UPI,Cancelled,24,3.3
2025-03-27,ORD03634,CUST3483,Fitness Band,Sports,East,Bhubaneswar,Consumer,5,140.89,10,704.45,50.96,10.1,Credit Card,Completed,22,4.1
2025-03-27,ORD00948,CUST1460,Blender,Home & Kitchen,Central,Indore,Small Business,2,410.57,10,821.14,28.61,8.31,Debit Card,Completed,28,2.5
2025-03-27,ORD04232,CUST2152,Tablet,Electronics,East,Kolkata,Consumer,3,873.89,10,2621.67,34.44,205.17,Credit Card,Completed,35,4.1
2025-03-27,ORD04429,CUST3003,Fitness Band,Sports,East,Guwahati,Consumer,4,218.81,10,875.26,46.93,67.01,UPI,Returned,28,4.4
2025-03-27,ORD01112,CUST2778,T-Shirt,Fashion,West,Ahmedabad,Corporate,3,154.96,0,464.88,32.24,6.81,Debit Card,Completed,41,5.0
2025-03-27,ORD04444,CUST3232,Lipstick,Beauty,East,Bhubaneswar,Consumer,1,16.53,10,16.53,33.78,-31.88,UPI,Completed,18,4.7
2025-03-27,ORD02026,CUST2759,Perfume,Beauty,South,Chennai,Corporate,2,153.94,15,307.87,24.65,-25.9,UPI,Cancelled,56,2.8
2025-03-27,ORD00594,CUST1943,Jeans,Fashion,South,Bengaluru,Corporate,4,134.4,15,537.59,51.13,13.53,Credit Card,Completed,50,4.3
2025-03-27,ORD03878,CUST2866,Headphones,Electronics,West,Pune,Consumer,3,1196.26,0,3588.77,14.73,524.47,PayPal,Completed,32,3.5
2025-03-27,ORD01207,CUST1081,Face Serum,Beauty,South,Bengaluru,Small Business,5,21.8,0,109.0,34.16,-15.83,UPI,Completed,19,4.0
2025-03-28,ORD00735,CUST2000,Printer,Office Supplies,West,Mumbai,Consumer,4,433.8,5,1735.21,38.71,232.94,Debit Card,Completed,35,3.3
2025-03-28,ORD00490,CUST3186,Smartphone,Electronics,North,Chandigarh,Corporate,4,410.43,10,1641.73,17.39,55.32,UPI,Completed,55,3.7
2025-03-28,ORD04274,CUST2469,Coffee Maker,Home & Kitchen,North,Chandigarh,Consumer,1,408.45,10,408.45,38.05,-0.66,UPI,Completed,42,2.5
2025-03-28,ORD02877,CUST1676,Jacket,Fashion,South,Chennai,Corporate,5,79.64,15,398.22,32.94,-42.99,Credit Card,Completed,26,4.5
2025-03-28,ORD01757,CUST3498,Office Chair,Office Supplies,South,Chennai,Consumer,2,281.64,10,563.27,33.15,-5.86,Credit Card,Cancelled,61,4.8
2025-03-28,ORD00456,CUST1806,Smartphone,Electronics,Central,Lucknow,Consumer,3,256.15,5,768.45,30.77,120.16,Cash on Delivery,Completed,54,5.0
2025-03-28,ORD00412,CUST3259,Backpack,Fashion,Central,Lucknow,Consumer,5,239.11,5,1195.54,45.34,69.15,Debit Card,Completed,48,4.3
2025-03-28,ORD01353,CUST1765,Sneakers,Fashion,West,Ahmedabad,Consumer,5,107.1,10,535.51,28.08,40.13,UPI,Completed,38,3.3
2025-03-29,ORD00101,CUST3433,Jeans,Fashion,South,Hyderabad,Corporate,2,194.22,5,388.44,37.86,8.56,Debit Card,Returned,60,3.6
2025-03-29,ORD00440,CUST3449,Backpack,Fashion,Central,Lucknow,Corporate,1,208.21,5,208.21,15.14,14.29,Debit Card,Cancelled,46,3.1
2025-03-29,ORD04323,CUST2308,Office Chair,Office Supplies,West,Pune,Small Business,4,332.23,5,1328.93,19.19,210.47,Credit Card,Completed,32,3.2
2025-03-29,ORD03412,CUST3327,Headphones,Electronics,South,Hyderabad,Corporate,3,1092.98,15,3278.94,34.79,234.98,Cash on Delivery,Returned,23,3.3
2025-03-29,ORD00872,CUST3374,Shampoo,Beauty,North,Delhi,Corporate,3,89.84,10,269.53,34.32,-30.71,Debit Card,Completed,61,3.2
2025-03-29,ORD02559,CUST1016,Coffee Maker,Home & Kitchen,West,Mumbai,Corporate,2,186.12,5,372.23,8.9,32.67,Credit Card,Returned,41,4.7
2025-03-29,ORD03549,CUST1144,Office Chair,Office Supplies,East,Guwahati,Consumer,4,291.9,0,1167.59,18.9,242.25,Credit Card,Returned,33,5.0
2025-03-29,ORD01016,CUST1763,Desk Lamp,Office Supplies,South,Chennai,Small Business,1,246.7,5,246.7,8.39,12.54,UPI,Completed,52,2.2
2025-03-29,ORD03705,CUST3318,Lipstick,Beauty,North,Chandigarh,Small Business,1,183.59,10,183.59,9.0,17.44,Credit Card,Completed,55,4.7
2025-03-29,ORD03793,CUST1818,Shampoo,Beauty,East,Guwahati,Consumer,2,216.47,10,432.94,34.45,-27.09,Credit Card,Completed,43,4.4
2025-03-29,ORD02548,CUST1178,Backpack,Fashion,West,Pune,Small Business,4,104.85,10,419.41,22.38,37.27,Credit Card,Completed,57,3.1
2025-03-29,ORD00704,CUST1745,Air Fryer,Home & Kitchen,South,Chennai,Consumer,4,424.61,15,1698.45,37.53,25.53,Credit Card,Returned,36,5.0
2025-03-29,ORD02106,CUST1881,Jeans,Fashion,South,Bengaluru,Consumer,1,128.43,15,128.43,33.55,-27.92,Cash on Delivery,Completed,32,5.0
2025-03-30,ORD00369,CUST3210,Perfume,Beauty,South,Hyderabad,Consumer,5,217.2,10,1085.99,22.67,157.5,Credit Card,Completed,28,4.3
2025-03-30,ORD00626,CUST3402,Lipstick,Beauty,West,Mumbai,Consumer,4,56.17,5,224.7,25.25,-14.07,UPI,Returned,40,4.0
2025-03-30,ORD03691,CUST1024,Smartphone,Electronics,Central,Lucknow,Consumer,3,1086.34,5,3259.02,21.47,302.01,UPI,Completed,61,3.6
2025-03-30,ORD01789,CUST1818,Notebook,Office Supplies,Central,Lucknow,Consumer,4,337.95,10,1351.81,39.54,-10.52,UPI,Completed,42,3.5
2025-03-30,ORD01377,CUST2153,Fitness Band,Sports,Central,Indore,Consumer,5,149.29,5,746.46,33.7,87.68,Credit Card,Completed,30,3.1
2025-03-30,ORD00891,CUST1440,Jeans,Fashion,West,Mumbai,Consumer,5,159.36,5,796.8,39.94,53.94,PayPal,Completed,40,3.8
2025-03-30,ORD01632,CUST1062,Sneakers,Fashion,South,Hyderabad,Consumer,2,188.21,0,376.42,30.37,36.07,UPI,Completed,58,4.8
2025-03-30,ORD01968,CUST1421,Vacuum Cleaner,Home & Kitchen,South,Hyderabad,Consumer,2,259.37,10,518.74,15.21,27.48,UPI,Completed,52,3.9
2025-03-30,ORD01340,CUST3352,Notebook,Office Supplies,East,Bhubaneswar,Consumer,2,405.54,10,811.07,31.71,79.94,Credit Card,Completed,23,3.9
2025-03-30,ORD03938,CUST1231,Yoga Mat,Sports,South,Bengaluru,Consumer,1,210.61,10,210.61,33.09,-0.43,UPI,Completed,24,4.3
2025-03-31,ORD02884,CUST2022,Tablet,Electronics,East,Guwahati,Consumer,4,275.33,10,1101.33,39.92,3.29,Credit Card,Completed,28,3.0
2025-03-31,ORD00977,CUST2893,Keyboard,Office Supplies,East,Guwahati,Corporate,2,28.49,0,56.98,12.54,-3.33,UPI,Completed,61,4.8
2025-03-31,ORD04503,CUST2684,Headphones,Electronics,South,Chennai,Consumer,1,535.05,5,535.05,31.15,2.59,PayPal,Completed,41,5.0
2025-03-31,ORD01337,CUST2535,Face Serum,Beauty,West,Pune,Small Business,2,141.64,5,283.28,29.51,27.69,Credit Card,Returned,61,4.5
2025-03-31,ORD01183,CUST3369,Desk Lamp,Office Supplies,South,Hyderabad,Corporate,1,90.34,10,90.34,19.2,-15.61,UPI,Returned,41,3.7
2025-03-31,ORD02588,CUST2100,Laptop,Electronics,North,Jaipur,Consumer,4,485.71,5,1942.83,45.2,329.29,Cash on Delivery,Completed,64,4.1
2025-03-31,ORD00003,CUST2275,Office Chair,Office Supplies,North,Delhi,Small Business,4,351.06,20,1404.23,45.2,45.2,PayPal,Completed,64,3.6
2025-03-31,ORD01165,CUST3094,Smartphone,Electronics,West,Pune,Consumer,2,308.95,0,617.89,15.47,106.57,Credit Card,Returned,28,5.0
2025-03-31,ORD00778,CUST3282,Blender,Home & Kitchen,West,Pune,Corporate,2,488.68,10,977.37,23.56,-23.27,Credit Card,Completed,47,4.1
2025-03-31,ORD04710,CUST1662,Coffee Maker,Home & Kitchen,West,Mumbai,Small Business,1,484.92,10,484.92,28.47,30.48,Cash on Delivery,Completed,51,4.2
2025-03-31,ORD01097,CUST1515,Laptop,Electronics,Central,Lucknow,Small Business,5,1167.37,15,5836.86,25.24,547.56,Cash on Delivery,Completed,32,5.0
2025-03-31,ORD04504,CUST3113,Lipstick,Beauty,South,Chennai,Corporate,2,38.51,10,77.03,29.75,-30.81,PayPal,Completed,37,3.9
2025-04-01,ORD03205,CUST2485,Cookware Set,Home & Kitchen,West,Ahmedabad,Consumer,3,192.52,15,577.55,24.4,32.33,Cash on Delivery,Completed,28,4.9
2025-04-01,ORD01591,CUST2250,Jacket,Fashion,West,Ahmedabad,Small Business,4,94.48,10,377.93,19.35,-3.27,Cash on Delivery,Completed,47,4.3
2025-04-01,ORD01461,CUST1107,Laptop,Electronics,West,Ahmedabad,Corporate,1,332.48,10,332.48,26.2,26.51,Credit Card,Completed,26,4.2
2025-04-01,ORD02478,CUST2327,Cookware Set,Home & Kitchen,West,Ahmedabad,Consumer,4,379.6,10,1518.42,24.39,150.16,UPI,Cancelled,43,2.8
2025-04-01,ORD04238,CUST3490,Coffee Maker,Home & Kitchen,Central,Bhopal,Consumer,5,199.93,10,999.63,51.29,33.36,Debit Card,Completed,33,3.6
2025-04-01,ORD03882,CUST1276,T-Shirt,Fashion,Central,Lucknow,Consumer,4,123.13,10,492.52,36.46,40.58,PayPal,Completed,30,2.9
2025-04-01,ORD02123,CUST2072,Tablet,Electronics,South,Chennai,Consumer,5,966.65,5,4833.26,20.73,560.12,Debit Card,Completed,49,3.7
2025-04-01,ORD01616,CUST3465,Jeans,Fashion,East,Guwahati,Small Business,5,129.52,10,647.58,43.44,20.81,UPI,Completed,57,4.3
2025-04-01,ORD03163,CUST1858,Keyboard,Office Supplies,East,Bhubaneswar,Corporate,4,266.24,5,1064.98,32.73,43.86,Credit Card,Completed,28,4.7
2025-04-01,ORD01893,CUST1740,Shampoo,Beauty,West,Mumbai,Small Business,5,92.75,5,463.77,35.88,65.29,Debit Card,Completed,50,4.5
2025-04-01,ORD02724,CUST1452,Backpack,Fashion,West,Ahmedabad,Corporate,4,238.16,5,952.65,30.97,117.29,UPI,Returned,18,2.8
2025-04-02,ORD04229,CUST3256,Sports Bottle,Sports,Central,Bhopal,Consumer,5,73.01,0,365.04,13.19,71.87,UPI,Completed,39,4.7
2025-04-02,ORD01639,CUST1010,Face Serum,Beauty,North,Chandigarh,Consumer,5,153.48,0,767.42,27.68,130.29,Credit Card,Completed,53,4.8
2025-04-02,ORD04439,CUST3062,Shampoo,Beauty,North,Chandigarh,Consumer,3,37.6,10,112.81,46.28,-27.72,Credit Card,Completed,28,3.3
2025-04-02,ORD01800,CUST1906,Yoga Mat,Sports,West,Ahmedabad,Corporate,4,340.13,10,1360.53,45.17,89.03,UPI,Completed,33,4.0
2025-04-02,ORD01688,CUST3469,Smartphone,Electronics,North,Chandigarh,Consumer,5,611.87,15,3059.33,35.76,84.15,Credit Card,Completed,24,5.0
2025-04-02,ORD00837,CUST3424,Sports Bottle,Sports,East,Kolkata,Corporate,1,283.71,20,283.71,14.24,-31.38,Credit Card,Completed,57,4.3
2025-04-02,ORD03625,CUST1904,T-Shirt,Fashion,West,Ahmedabad,Consumer,2,234.02,10,468.04,28.51,4.98,Debit Card,Completed,52,2.4
2025-04-03,ORD04611,CUST1040,Smartwatch,Electronics,East,Kolkata,Small Business,3,468.95,10,1406.84,15.25,168.54,UPI,Completed,42,5.0
2025-04-03,ORD01139,CUST1782,Sports Bottle,Sports,Central,Indore,Small Business,3,214.91,5,644.74,12.99,30.44,PayPal,Completed,47,3.5
2025-04-03,ORD03281,CUST2295,T-Shirt,Fashion,Central,Indore,Corporate,4,152.15,10,608.62,27.63,-23.74,Debit Card,Completed,62,5.0
2025-04-03,ORD02926,CUST3214,Yoga Mat,Sports,West,Ahmedabad,Consumer,2,132.71,0,265.43,37.96,21.05,UPI,Cancelled,63,3.3
2025-04-03,ORD04325,CUST2660,Running Shoes,Sports,West,Mumbai,Small Business,5,146.56,20,732.78,28.62,-0.66,UPI,Completed,59,3.6
2025-04-03,ORD01241,CUST1819,Jeans,Fashion,South,Bengaluru,Small Business,1,139.04,10,139.04,17.14,6.89,UPI,Returned,44,3.2
2025-04-03,ORD00937,CUST1798,Sports Bottle,Sports,South,Bengaluru,Corporate,5,128.97,20,644.86,36.32,-24.27,UPI,Completed,18,3.8
2025-04-03,ORD02369,CUST1303,Air Fryer,Home & Kitchen,South,Hyderabad,Consumer,3,89.94,20,269.83,32.37,-64.28,UPI,Cancelled,27,3.7
2025-04-03,ORD01202,CUST1592,Jeans,Fashion,Central,Lucknow,Small Business,4,80.85,10,323.39,21.67,18.37,Credit Card,Completed,36,3.6
2025-04-03,ORD00830,CUST1037,Moisturizer,Beauty,North,Delhi,Consumer,2,127.21,15,254.42,8.26,14.42,UPI,Cancelled,29,4.8
2025-04-03,ORD03152,CUST1802,Office Chair,Office Supplies,Central,Bhopal,Small Business,5,80.33,5,401.66,35.63,10.38,PayPal,Completed,61,3.9
2025-04-03,ORD01431,CUST1029,Smartphone,Electronics,Central,Indore,Corporate,2,791.67,10,1583.33,39.77,55.85,UPI,Completed,28,3.3
2025-04-03,ORD01055,CUST1124,Office Chair,Office Supplies,South,Hyderabad,Consumer,4,293.12,15,1172.5,25.87,112.54,PayPal,Completed,27,4.2
2025-04-04,ORD00105,CUST1550,Face Serum,Beauty,West,Mumbai,Corporate,1,157.3,5,157.3,6.28,18.99,UPI,Completed,50,3.7
2025-04-04,ORD03834,CUST2426,Tablet,Electronics,Central,Indore,Consumer,1,1239.33,10,1239.33,24.45,-19.67,Debit Card,Completed,40,3.8
2025-04-04,ORD03571,CUST1374,Face Serum,Beauty,West,Mumbai,Consumer,4,86.77,5,347.07,31.09,-18.27,Credit Card,Completed,47,4.0
2025-04-04,ORD00666,CUST2151,Smartwatch,Electronics,North,Chandigarh,Consumer,3,772.18,5,2316.53,22.61,53.5,UPI,Completed,55,2.8
2025-04-04,ORD02966,CUST1498,T-Shirt,Fashion,West,Ahmedabad,Consumer,4,126.08,10,504.32,25.56,1.13,Debit Card,Completed,24,4.0
2025-04-04,ORD01510,CUST2779,Smartwatch,Electronics,East,Kolkata,Consumer,1,156.87,20,156.87,24.1,-14.08,UPI,Completed,48,4.4
2025-04-04,ORD02142,CUST2062,Cookware Set,Home & Kitchen,South,Hyderabad,Small Business,3,138.06,5,414.19,27.22,48.87,Credit Card,Completed,28,4.4
2025-04-04,ORD01576,CUST1474,Running Shoes,Sports,South,Bengaluru,Corporate,1,240.48,0,240.48,26.41,17.31,UPI,Returned,24,3.7
2025-04-04,ORD01611,CUST1099,Jeans,Fashion,North,Chandigarh,Consumer,1,143.73,5,143.73,15.54,-5.6,Credit Card,Returned,45,4.3
2025-04-04,ORD03680,CUST1831,Coffee Maker,Home & Kitchen,South,Hyderabad,Consumer,4,65.18,10,260.71,28.84,-26.89,UPI,Completed,25,4.0
2025-04-04,ORD02662,CUST2589,Running Shoes,Sports,East,Guwahati,Consumer,5,214.54,5,1072.68,22.81,31.6,Cash on Delivery,Returned,53,3.1
2025-04-04,ORD02845,CUST2135,Keyboard,Office Supplies,Central,Bhopal,Small Business,2,129.07,10,258.14,13.16,-16.9,UPI,Completed,53,4.4
2025-04-05,ORD01378,CUST2396,Jeans,Fashion,North,Chandigarh,Corporate,2,222.17,10,444.33,11.88,32.33,UPI,Completed,42,3.7
2025-04-05,ORD00710,CUST2161,T-Shirt,Fashion,West,Mumbai,Consumer,4,235.39,5,941.56,17.43,188.39,Cash on Delivery,Completed,30,4.9
2025-04-05,ORD03115,CUST2304,Dumbbells,Sports,West,Pune,Small Business,4,131.66,10,526.64,37.5,46.63,UPI,Returned,25,4.3
2025-04-05,ORD04420,CUST1415,Headphones,Electronics,West,Pune,Consumer,3,360.85,20,1082.54,47.13,-16.48,Cash on Delivery,Completed,41,5.0
2025-04-05,ORD01684,CUST2161,Printer,Office Supplies,North,Chandigarh,Consumer,5,75.74,0,378.69,52.37,22.26,UPI,Completed,18,3.3
2025-04-05,ORD00931,CUST1473,Jacket,Fashion,East,Kolkata,Consumer,1,41.07,10,41.07,32.41,-25.96,Credit Card,Cancelled,60,4.0
2025-04-05,ORD01149,CUST3302,Backpack,Fashion,Central,Lucknow,Consumer,3,237.96,0,713.88,38.64,111.43,UPI,Completed,28,4.4
2025-04-05,ORD01197,CUST1223,Smartwatch,Electronics,North,Jaipur,Consumer,4,935.81,0,3743.25,42.02,641.24,UPI,Completed,46,3.9
2025-04-05,ORD04926,CUST2975,Lipstick,Beauty,North,Jaipur,Consumer,4,160.83,5,643.32,33.6,103.1,Credit Card,Completed,24,3.0
2025-04-05,ORD04774,CUST1642,Desk Lamp,Office Supplies,Central,Bhopal,Consumer,5,160.37,20,801.83,38.52,-4.83,Cash on Delivery,Completed,23,2.3
2025-04-05,ORD00005,CUST1863,Tablet,Electronics,West,Ahmedabad,Consumer,3,838.39,5,2515.17,15.82,115.42,UPI,Completed,54,3.6
2025-04-06,ORD04411,CUST1054,Keyboard,Office Supplies,West,Mumbai,Consumer,1,379.03,20,379.03,35.29,-65.12,UPI,Completed,39,3.4
2025-04-06,ORD03924,CUST1359,Blender,Home & Kitchen,South,Chennai,Small Business,5,389.16,15,1945.79,18.54,74.74,UPI,Returned,43,5.0
2025-04-06,ORD04851,CUST2551,Fitness Band,Sports,South,Chennai,Small Business,1,77.34,10,77.34,6.79,-4.93,UPI,Completed,39,3.0
2025-04-06,ORD04339,CUST2520,Notebook,Office Supplies,Central,Indore,Corporate,3,80.51,15,241.53,21.63,0.7,Credit Card,Returned,34,3.4
2025-04-07,ORD00496,CUST1755,Notebook,Office Supplies,East,Kolkata,Consumer,5,22.6,5,112.99,24.04,-15.39,UPI,Completed,47,3.0
2025-04-07,ORD00867,CUST2644,Vacuum Cleaner,Home & Kitchen,Central,Lucknow,Corporate,4,291.64,0,1166.55,18.73,106.74,Credit Card,Completed,36,5.0
2025-04-07,ORD02416,CUST1257,Desk Lamp,Office Supplies,West,Mumbai,Consumer,2,436.54,15,873.08,40.54,41.57,Credit Card,Completed,62,4.3
2025-04-07,ORD03043,CUST2178,Coffee Maker,Home & Kitchen,West,Ahmedabad,Consumer,1,167.37,15,167.37,17.13,-22.34,Credit Card,Completed,51,3.9
2025-04-07,ORD00732,CUST2805,Jeans,Fashion,West,Ahmedabad,Consumer,5,244.6,20,1222.98,44.87,0.32,PayPal,Completed,34,3.8
2025-04-07,ORD00082,CUST1456,Keyboard,Office Supplies,North,Chandigarh,Consumer,5,94.38,5,471.92,38.59,34.04,Credit Card,Completed,63,4.1
2025-04-07,ORD03784,CUST1382,Notebook,Office Supplies,North,Jaipur,Small Business,3,426.0,5,1278.0,32.7,192.84,UPI,Completed,35,3.9
2025-04-07,ORD04641,CUST3193,Moisturizer,Beauty,East,Kolkata,Consumer,5,20.5,0,102.49,24.49,-8.9,UPI,Completed,42,4.9
2025-04-07,ORD03031,CUST2823,Jeans,Fashion,West,Pune,Consumer,2,49.4,10,98.8,37.31,-30.08,Credit Card,Returned,34,4.8
2025-04-07,ORD03908,CUST1779,Running Shoes,Sports,South,Hyderabad,Small Business,3,215.22,0,645.67,41.31,84.48,PayPal,Completed,52,3.9
2025-04-08,ORD00411,CUST1233,Headphones,Electronics,West,Ahmedabad,Consumer,4,777.45,0,3109.8,34.35,466.71,Debit Card,Completed,26,4.6
2025-04-08,ORD00486,CUST1362,Air Fryer,Home & Kitchen,East,Guwahati,Small Business,5,364.03,10,1820.17,26.1,-55.04,Credit Card,Returned,55,2.6
2025-04-08,ORD02360,CUST1581,Jacket,Fashion,North,Delhi,Consumer,5,182.7,5,913.48,14.92,154.37,Cash on Delivery,Completed,55,4.4
2025-04-08,ORD01185,CUST3090,Notebook,Office Supplies,North,Chandigarh,Small Business,2,306.75,0,613.5,25.95,80.39,PayPal,Completed,62,4.6
2025-04-08,ORD01564,CUST3262,Smartwatch,Electronics,North,Delhi,Consumer,3,1242.18,10,3726.53,13.65,100.04,UPI,Returned,42,2.7
2025-04-08,ORD01201,CUST2763,Notebook,Office Supplies,North,Jaipur,Small Business,4,117.58,20,470.31,22.74,-43.25,Credit Card,Completed,60,4.0
2025-04-08,ORD00355,CUST2872,Fitness Band,Sports,East,Guwahati,Consumer,2,138.3,0,276.59,15.58,37.53,UPI,Completed,34,4.5
2025-04-09,ORD00683,CUST1060,Blender,Home & Kitchen,Central,Indore,Consumer,1,480.28,0,480.28,24.6,96.22,UPI,Completed,36,3.8
2025-04-09,ORD04299,CUST1279,Cookware Set,Home & Kitchen,South,Chennai,Corporate,4,307.1,10,1228.41,14.44,39.86,Credit Card,Returned,54,3.6
2025-04-09,ORD04219,CUST2432,Blender,Home & Kitchen,Central,Bhopal,Corporate,2,129.12,15,258.24,7.56,20.25,Debit Card,Cancelled,61,3.5
2025-04-09,ORD02977,CUST2066,Yoga Mat,Sports,Central,Indore,Consumer,2,93.6,5,187.2,13.29,12.54,Credit Card,Completed,32,2.6
2025-04-09,ORD03498,CUST1128,Laptop,Electronics,Central,Indore,Consumer,5,519.81,5,2599.06,53.25,461.21,Credit Card,Completed,23,4.5
2025-04-09,ORD01051,CUST3398,Notebook,Office Supplies,West,Pune,Consumer,1,269.42,10,269.42,17.03,26.89,Debit Card,Completed,20,3.7
2025-04-09,ORD00457,CUST2525,Smartwatch,Electronics,East,Bhubaneswar,Consumer,2,170.44,15,340.89,13.94,5.99,UPI,Cancelled,44,3.3
2025-04-09,ORD01963,CUST2658,Vacuum Cleaner,Home & Kitchen,South,Chennai,Consumer,3,455.7,15,1367.1,31.9,62.62,UPI,Completed,35,5.0
2025-04-09,ORD04581,CUST1803,Desk Lamp,Office Supplies,North,Jaipur,Consumer,5,36.25,15,181.23,26.02,-8.99,UPI,Completed,31,3.4
2025-04-10,ORD01708,CUST3491,Air Fryer,Home & Kitchen,West,Ahmedabad,Corporate,3,248.47,5,745.41,13.25,41.84,UPI,Completed,51,4.4
2025-04-10,ORD02402,CUST1195,Air Fryer,Home & Kitchen,Central,Bhopal,Consumer,5,294.74,10,1473.68,40.16,157.8,UPI,Cancelled,53,2.8
2025-04-10,ORD02841,CUST2632,Smartphone,Electronics,West,Ahmedabad,Consumer,2,1139.23,10,2278.45,31.83,187.36,UPI,Completed,37,1.6
2025-04-10,ORD03759,CUST1240,Vacuum Cleaner,Home & Kitchen,West,Ahmedabad,Consumer,1,363.85,20,363.85,27.4,-43.52,Credit Card,Completed,31,4.2
2025-04-10,ORD04833,CUST1843,Smartphone,Electronics,East,Kolkata,Corporate,2,1212.88,10,2425.76,29.4,236.7,UPI,Cancelled,54,4.9
2025-04-10,ORD01041,CUST1763,Moisturizer,Beauty,Central,Bhopal,Consumer,1,88.13,10,88.13,6.47,9.11,Debit Card,Returned,21,4.6
2025-04-10,ORD00558,CUST1287,Vacuum Cleaner,Home & Kitchen,West,Mumbai,Consumer,3,467.25,15,1401.75,17.74,52.87,Debit Card,Cancelled,59,3.8
2025-04-10,ORD02378,CUST2868,Air Fryer,Home & Kitchen,Central,Indore,Consumer,1,214.17,10,214.17,34.56,-18.79,UPI,Completed,44,3.5
2025-04-10,ORD00945,CUST1895,Printer,Office Supplies,South,Hyderabad,Consumer,5,148.68,10,743.39,57.14,-28.66,Credit Card,Completed,56,3.8
2025-04-10,ORD00804,CUST2100,Laptop,Electronics,East,Bhubaneswar,Corporate,5,931.33,15,4656.66,24.23,398.19,UPI,Completed,21,5.0
2025-04-11,ORD04267,CUST2016,Blender,Home & Kitchen,West,Pune,Consumer,4,435.4,0,1741.6,41.17,131.41,UPI,Completed,38,4.8
2025-04-11,ORD03643,CUST1146,Tablet,Electronics,South,Chennai,Small Business,5,293.78,10,1468.89,46.72,216.41,Debit Card,Completed,45,4.4
2025-04-11,ORD00357,CUST3332,Jeans,Fashion,East,Kolkata,Consumer,1,224.21,10,224.21,33.53,-14.68,Credit Card,Completed,21,5.0
2025-04-11,ORD04148,CUST2866,Smartwatch,Electronics,North,Jaipur,Consumer,1,1311.38,5,1311.38,19.44,56.55,UPI,Completed,23,4.5
2025-04-11,ORD03732,CUST2569,Fitness Band,Sports,West,Ahmedabad,Small Business,5,230.32,5,1151.6,42.32,28.94,Debit Card,Completed,57,4.0
2025-04-11,ORD00416,CUST2925,Lipstick,Beauty,South,Hyderabad,Consumer,3,37.98,15,113.94,30.07,-26.99,UPI,Completed,27,3.8
2025-04-11,ORD00450,CUST1433,Air Fryer,Home & Kitchen,South,Hyderabad,Small Business,5,424.32,15,2121.62,25.3,-52.94,Credit Card,Completed,45,2.4
2025-04-11,ORD01341,CUST1485,Blender,Home & Kitchen,East,Bhubaneswar,Small Business,5,417.83,10,2089.13,33.13,323.33,Debit Card,Completed,53,4.8
2025-04-12,ORD03553,CUST1692,Printer,Office Supplies,South,Hyderabad,Consumer,4,320.08,15,1280.31,22.94,31.49,Credit Card,Completed,47,4.6
2025-04-12,ORD02528,CUST2119,Face Serum,Beauty,North,Delhi,Corporate,2,199.7,0,399.4,23.19,86.21,Credit Card,Cancelled,44,3.7
2025-04-12,ORD02702,CUST2062,Face Serum,Beauty,West,Mumbai,Corporate,3,121.36,15,364.09,25.36,-19.03,UPI,Completed,33,5.0
2025-04-12,ORD02202,CUST3003,Lipstick,Beauty,North,Delhi,Corporate,2,70.36,15,140.73,23.03,-11.15,Debit Card,Completed,54,3.3
2025-04-12,ORD00546,CUST3096,Cookware Set,Home & Kitchen,West,Pune,Corporate,3,375.35,20,1126.04,23.32,-60.91,UPI,Completed,61,4.0
2025-04-12,ORD01975,CUST1433,Coffee Maker,Home & Kitchen,West,Pune,Small Business,2,423.39,10,846.79,30.04,83.58,Cash on Delivery,Completed,47,5.0
2025-04-12,ORD00289,CUST2438,Smartphone,Electronics,East,Kolkata,Consumer,5,1236.67,10,6183.33,32.18,855.53,PayPal,Completed,37,3.3
2025-04-12,ORD04253,CUST3141,Sports Bottle,Sports,South,Bengaluru,Small Business,1,103.44,10,103.44,8.93,-10.28,Credit Card,Completed,44,3.6
2025-04-13,ORD03284,CUST2742,Moisturizer,Beauty,South,Chennai,Consumer,4,136.06,15,544.23,39.78,-46.73,Debit Card,Completed,54,4.3
2025-04-13,ORD03333,CUST3375,Jeans,Fashion,Central,Bhopal,Corporate,3,180.91,5,542.74,14.57,54.66,UPI,Completed,43,3.7
2025-04-13,ORD03325,CUST2646,Vacuum Cleaner,Home & Kitchen,North,Jaipur,Corporate,3,240.24,10,720.72,41.9,-25.41,Credit Card,Completed,54,3.4
2025-04-13,ORD03286,CUST2907,Jacket,Fashion,East,Bhubaneswar,Corporate,5,88.96,5,444.79,49.44,51.79,UPI,Completed,25,3.6
2025-04-13,ORD04901,CUST2820,T-Shirt,Fashion,West,Mumbai,Consumer,5,44.42,10,222.09,32.42,-2.85,UPI,Completed,50,3.5
2025-04-13,ORD03603,CUST2620,Sports Bottle,Sports,North,Chandigarh,Consumer,5,86.72,0,433.62,28.79,79.31,UPI,Completed,59,3.3
2025-04-13,ORD04909,CUST1661,Fitness Band,Sports,North,Jaipur,Small Business,2,90.04,20,180.08,42.75,-56.62,Credit Card,Completed,45,4.6
2025-04-13,ORD01044,CUST1092,Air Fryer,Home & Kitchen,South,Chennai,Consumer,4,188.01,20,752.06,35.68,-67.3,PayPal,Returned,62,2.5
2025-04-13,ORD04700,CUST3015,Air Fryer,Home & Kitchen,Central,Bhopal,Consumer,1,53.1,10,53.1,26.31,-17.8,Cash on Delivery,Completed,47,4.6
2025-04-13,ORD00020,CUST2167,Printer,Office Supplies,North,Delhi,Consumer,5,262.31,10,1311.56,28.21,31.77,Cash on Delivery,Cancelled,31,4.8
2025-04-13,ORD00665,CUST3095,Printer,Office Supplies,East,Guwahati,Consumer,3,132.79,0,398.36,21.21,66.35,Credit Card,Completed,27,5.0
2025-04-14,ORD04674,CUST3092,Lipstick,Beauty,East,Kolkata,Consumer,4,160.6,0,642.4,51.66,109.19,Cash on Delivery,Completed,26,4.9
2025-04-14,ORD00843,CUST2135,Sneakers,Fashion,North,Delhi,Consumer,1,104.85,5,104.85,27.11,-16.37,PayPal,Completed,22,4.6
2025-04-14,ORD04841,CUST2436,Blender,Home & Kitchen,North,Chandigarh,Corporate,2,113.65,5,227.3,31.9,-20.64,Cash on Delivery,Completed,28,3.2
2025-04-14,ORD00298,CUST1745,Laptop,Electronics,North,Chandigarh,Corporate,2,1399.81,20,2799.61,24.56,140.06,Cash on Delivery,Completed,31,4.8
2025-04-14,ORD01778,CUST2752,Tablet,Electronics,West,Pune,Small Business,3,945.64,0,2836.91,28.69,273.77,UPI,Completed,43,3.0
2025-04-14,ORD01906,CUST1360,Coffee Maker,Home & Kitchen,South,Chennai,Consumer,5,42.3,10,211.5,18.49,8.24,Credit Card,Returned,43,3.7
2025-04-14,ORD04283,CUST1847,Sports Bottle,Sports,Central,Indore,Consumer,5,89.78,0,448.92,34.87,31.83,Debit Card,Completed,27,3.9
2025-04-15,ORD02532,CUST2381,Smartphone,Electronics,East,Bhubaneswar,Consumer,5,774.73,15,3873.66,14.55,72.91,Cash on Delivery,Completed,52,5.0
2025-04-15,ORD00279,CUST2416,Dumbbells,Sports,North,Jaipur,Consumer,4,154.82,10,619.26,44.18,-39.51,Credit Card,Completed,61,3.5
2025-04-15,ORD01346,CUST2777,Smartwatch,Electronics,North,Delhi,Small Business,1,1196.87,5,1196.87,28.8,63.05,UPI,Cancelled,55,4.3
2025-04-15,ORD03470,CUST1114,Fitness Band,Sports,North,Chandigarh,Consumer,4,282.58,15,1130.32,28.28,31.87,Debit Card,Completed,29,1.8
2025-04-15,ORD02238,CUST3065,Coffee Maker,Home & Kitchen,East,Guwahati,Small Business,1,44.36,10,44.36,23.09,-15.17,PayPal,Completed,22,4.5
2025-04-15,ORD00553,CUST1527,Notebook,Office Supplies,South,Hyderabad,Consumer,3,176.39,15,529.16,42.83,-37.2,UPI,Completed,57,4.4
2025-04-16,ORD00346,CUST2505,T-Shirt,Fashion,South,Bengaluru,Small Business,2,221.25,10,442.49,25.12,3.23,Credit Card,Returned,58,3.6
2025-04-16,ORD04553,CUST2548,Jacket,Fashion,South,Hyderabad,Small Business,5,194.19,10,970.97,36.39,-12.53,Debit Card,Completed,43,3.3
2025-04-16,ORD04539,CUST3072,Office Chair,Office Supplies,South,Chennai,Consumer,2,258.88,5,517.75,36.84,-16.57,Debit Card,Completed,60,4.5
2025-04-16,ORD04795,CUST1664,Laptop,Electronics,South,Bengaluru,Consumer,4,1359.6,10,5438.4,42.81,209.96,PayPal,Completed,21,2.9
2025-04-16,ORD02229,CUST1278,Vacuum Cleaner,Home & Kitchen,Central,Lucknow,Consumer,4,332.21,5,1328.83,42.47,113.16,UPI,Completed,57,3.7
2025-04-16,ORD00227,CUST2079,Air Fryer,Home & Kitchen,North,Delhi,Consumer,4,73.58,15,294.33,14.18,9.38,PayPal,Completed,54,4.8
2025-04-16,ORD00869,CUST2932,Smartwatch,Electronics,Central,Bhopal,Consumer,3,557.19,10,1671.56,24.02,163.24,Credit Card,Completed,34,4.8
2025-04-16,ORD00359,CUST3121,Printer,Office Supplies,South,Bengaluru,Small Business,1,145.73,0,145.73,25.44,11.11,Debit Card,Completed,51,3.7
2025-04-16,ORD00877,CUST2594,Coffee Maker,Home & Kitchen,South,Hyderabad,Corporate,4,221.69,5,886.75,18.75,43.3,Credit Card,Completed,29,5.0
2025-04-16,ORD01263,CUST2650,Desk Lamp,Office Supplies,North,Delhi,Small Business,1,287.12,5,287.12,27.99,33.67,UPI,Completed,46,3.9
2025-04-16,ORD00523,CUST3018,Face Serum,Beauty,Central,Indore,Consumer,2,126.47,5,252.94,10.68,27.27,Debit Card,Returned,62,5.0
2025-04-16,ORD04491,CUST2611,Fitness Band,Sports,West,Pune,Small Business,2,265.58,10,531.16,25.82,48.31,UPI,Completed,43,4.1
2025-04-17,ORD01319,CUST2243,Lipstick,Beauty,Central,Indore,Consumer,4,168.31,5,673.24,19.06,39.24,UPI,Completed,41,4.8
2025-04-17,ORD02980,CUST1816,Notebook,Office Supplies,Central,Lucknow,Consumer,2,357.93,15,715.86,13.77,26.41,Cash on Delivery,Returned,54,3.8
2025-04-17,ORD01973,CUST1396,Running Shoes,Sports,East,Kolkata,Consumer,4,223.57,10,894.28,44.63,79.1,PayPal,Cancelled,38,3.6
2025-04-17,ORD04158,CUST2649,Blender,Home & Kitchen,Central,Indore,Consumer,3,472.14,0,1416.41,26.84,273.13,Cash on Delivery,Completed,60,3.6
2025-04-17,ORD02996,CUST1606,Fitness Band,Sports,East,Kolkata,Small Business,5,326.22,10,1631.11,35.85,-67.95,Credit Card,Completed,42,4.8
2025-04-17,ORD02247,CUST2292,Cookware Set,Home & Kitchen,North,Delhi,Consumer,1,427.45,15,427.45,13.47,-29.19,Credit Card,Completed,39,4.6
2025-04-17,ORD00071,CUST2440,Sneakers,Fashion,West,Mumbai,Consumer,1,106.4,10,106.4,25.77,-19.8,Debit Card,Completed,28,5.0
2025-04-17,ORD00367,CUST2868,Laptop,Electronics,Central,Bhopal,Consumer,3,745.41,5,2236.24,26.62,51.15,Debit Card,Completed,34,2.9
2025-04-17,ORD00856,CUST2381,Laptop,Electronics,Central,Lucknow,Consumer,2,494.24,10,988.47,18.36,151.16,Credit Card,Completed,37,3.0
2025-04-18,ORD01498,CUST2680,Smartphone,Electronics,South,Chennai,Consumer,2,804.52,10,1609.04,10.74,122.94,Credit Card,Completed,37,4.6
2025-04-18,ORD03173,CUST3469,Sports Bottle,Sports,South,Bengaluru,Consumer,1,303.14,15,303.14,23.1,-28.05,UPI,Completed,61,3.6
2025-04-18,ORD02515,CUST2224,Desk Lamp,Office Supplies,Central,Indore,Corporate,4,77.19,15,308.74,41.09,-11.62,UPI,Completed,36,4.7
2025-04-18,ORD03108,CUST2530,Vacuum Cleaner,Home & Kitchen,North,Jaipur,Consumer,1,179.4,5,179.4,11.75,8.09,UPI,Completed,25,3.5
2025-04-18,ORD04671,CUST2554,Lipstick,Beauty,North,Jaipur,Consumer,1,78.1,10,78.1,10.72,-1.37,Credit Card,Completed,21,4.9
2025-04-18,ORD00786,CUST1664,Blender,Home & Kitchen,North,Jaipur,Consumer,5,214.1,15,1070.49,42.04,-25.13,UPI,Completed,21,3.8
2025-04-18,ORD04335,CUST2531,Sneakers,Fashion,Central,Indore,Small Business,4,123.96,5,495.82,33.16,16.68,UPI,Completed,31,5.0
2025-04-18,ORD02484,CUST1213,Running Shoes,Sports,East,Guwahati,Consumer,1,234.73,15,234.73,8.47,-12.83,UPI,Completed,41,3.6
2025-04-18,ORD02398,CUST1964,T-Shirt,Fashion,North,Chandigarh,Consumer,3,151.61,15,454.83,31.34,-12.55,UPI,Completed,39,4.8
2025-04-18,ORD03440,CUST3049,Smartphone,Electronics,Central,Bhopal,Corporate,2,308.52,15,617.04,15.56,-32.37,Cash on Delivery,Completed,57,4.0
2025-04-19,ORD02800,CUST1655,Blender,Home & Kitchen,East,Guwahati,Small Business,2,180.41,5,360.83,22.41,33.4,UPI,Completed,40,4.2
2025-04-19,ORD00017,CUST1851,Tablet,Electronics,Central,Lucknow,Corporate,4,599.5,0,2398.02,27.98,444.8,Credit Card,Returned,60,3.9
2025-04-19,ORD02496,CUST1305,Cookware Set,Home & Kitchen,East,Kolkata,Small Business,3,206.11,20,618.32,40.84,-41.27,Cash on Delivery,Cancelled,48,4.3
2025-04-19,ORD00364,CUST3474,Smartphone,Electronics,South,Hyderabad,Corporate,5,1264.45,10,6322.24,27.67,-143.55,UPI,Completed,26,5.0
2025-04-19,ORD02396,CUST2550,Air Fryer,Home & Kitchen,Central,Indore,Consumer,5,79.41,5,397.06,11.64,46.79,Debit Card,Completed,49,5.0
2025-04-19,ORD03792,CUST2623,Smartphone,Electronics,South,Hyderabad,Corporate,4,876.14,15,3504.57,17.86,-202.69,Credit Card,Returned,33,4.3
2025-04-20,ORD00022,CUST1455,Keyboard,Office Supplies,West,Mumbai,Small Business,4,58.93,10,235.71,14.86,-16.92,UPI,Completed,45,4.4
2025-04-20,ORD01374,CUST1503,Vacuum Cleaner,Home & Kitchen,East,Guwahati,Consumer,5,329.27,15,1646.35,33.02,112.3,Cash on Delivery,Completed,34,3.2
2025-04-20,ORD01463,CUST1251,Blender,Home & Kitchen,North,Chandigarh,Consumer,2,446.56,5,893.13,36.51,115.35,Credit Card,Completed,43,5.0
2025-04-20,ORD02969,CUST1277,Tablet,Electronics,Central,Indore,Consumer,5,1180.6,5,5902.99,43.19,1150.0,Credit Card,Returned,31,4.4
2025-04-20,ORD03906,CUST3406,Coffee Maker,Home & Kitchen,North,Chandigarh,Consumer,1,465.87,20,465.87,33.16,-44.89,Credit Card,Completed,59,4.1
2025-04-20,ORD04100,CUST1852,Headphones,Electronics,South,Chennai,Consumer,5,1385.81,0,6929.06,42.93,1303.82,Credit Card,Completed,31,3.3
2025-04-20,ORD04546,CUST1294,Cookware Set,Home & Kitchen,West,Pune,Small Business,3,150.99,15,452.98,31.02,2.57,Cash on Delivery,Completed,55,2.9
2025-04-21,ORD03215,CUST3245,Notebook,Office Supplies,Central,Bhopal,Small Business,3,348.65,5,1045.95,34.94,142.51,UPI,Completed,60,2.7
2025-04-21,ORD01875,CUST2088,Jeans,Fashion,West,Pune,Consumer,3,245.97,0,737.92,34.48,104.29,UPI,Completed,46,4.2
2025-04-21,ORD00317,CUST1400,Face Serum,Beauty,East,Kolkata,Corporate,1,51.33,10,51.33,20.13,-20.85,Cash on Delivery,Completed,51,4.6
2025-04-21,ORD01619,CUST1999,Smartwatch,Electronics,Central,Indore,Corporate,3,821.84,15,2465.53,29.35,-180.6,UPI,Completed,37,3.8
2025-04-21,ORD00845,CUST1604,Dumbbells,Sports,Central,Bhopal,Corporate,2,182.35,10,364.71,27.85,28.6,UPI,Completed,61,3.7
2025-04-21,ORD03096,CUST2851,Shampoo,Beauty,East,Guwahati,Consumer,2,132.26,15,264.53,27.16,-28.46,Cash on Delivery,Completed,40,4.0
2025-04-22,ORD03931,CUST2184,Cookware Set,Home & Kitchen,South,Bengaluru,Small Business,4,50.94,15,203.78,21.35,-18.27,Credit Card,Completed,20,4.2
2025-04-22,ORD00438,CUST2392,Jacket,Fashion,Central,Indore,Small Business,5,29.62,10,148.09,30.63,-21.81,Debit Card,Cancelled,27,5.0
2025-04-22,ORD04341,CUST2309,Desk Lamp,Office Supplies,Central,Lucknow,Small Business,4,156.56,10,626.25,35.24,-1.36,Debit Card,Completed,48,4.5
2025-04-22,ORD00717,CUST1507,Tablet,Electronics,West,Ahmedabad,Consumer,4,1062.15,10,4248.6,30.47,273.66,UPI,Completed,19,4.2
2025-04-22,ORD01673,CUST1363,Jacket,Fashion,West,Pune,Consumer,5,243.87,20,1219.37,35.92,-45.34,UPI,Completed,41,5.0
2025-04-22,ORD01878,CUST2517,Lipstick,Beauty,Central,Lucknow,Corporate,4,158.76,10,635.04,34.85,62.4,Cash on Delivery,Returned,45,3.9
2025-04-22,ORD01887,CUST2823,Laptop,Electronics,East,Kolkata,Consumer,2,172.48,0,344.96,17.86,37.24,Credit Card,Completed,62,2.7
2025-04-22,ORD00065,CUST2622,Sneakers,Fashion,West,Pune,Consumer,4,156.24,10,624.96,32.56,44.41,Cash on Delivery,Completed,22,3.9
2025-04-23,ORD03552,CUST1625,Sneakers,Fashion,Central,Indore,Small Business,1,106.79,15,106.79,20.87,-9.77,Cash on Delivery,Completed,36,3.4
2025-04-23,ORD02895,CUST1732,Sneakers,Fashion,North,Delhi,Consumer,3,38.21,10,114.64,12.48,-2.15,Debit Card,Completed,33,2.6
2025-04-23,ORD02593,CUST1222,Desk Lamp,Office Supplies,Central,Indore,Consumer,4,327.38,10,1309.51,40.64,29.78,Cash on Delivery,Returned,32,4.9
2025-04-23,ORD03559,CUST2625,Smartwatch,Electronics,South,Hyderabad,Consumer,2,593.12,0,1186.24,39.01,79.76,UPI,Completed,51,3.3
2025-04-23,ORD04806,CUST2549,Printer,Office Supplies,Central,Lucknow,Consumer,5,373.77,0,1868.86,38.56,243.05,UPI,Completed,19,4.2
2025-04-23,ORD01750,CUST2254,Desk Lamp,Office Supplies,East,Kolkata,Small Business,4,283.41,15,1133.64,37.49,-46.14,PayPal,Returned,44,3.3
2025-04-23,ORD03650,CUST2853,Keyboard,Office Supplies,Central,Bhopal,Consumer,5,68.18,5,340.89,37.18,37.23,Credit Card,Completed,35,3.5
2025-04-23,ORD04149,CUST1849,Notebook,Office Supplies,North,Delhi,Consumer,3,435.94,10,1307.83,26.42,97.43,UPI,Cancelled,63,5.0
2025-04-23,ORD04190,CUST2814,Tablet,Electronics,East,Bhubaneswar,Corporate,3,1044.08,10,3132.23,43.91,-60.28,UPI,Completed,63,2.5
2025-04-23,ORD03193,CUST2485,Printer,Office Supplies,Central,Indore,Small Business,4,382.02,20,1528.1,33.88,68.1,Debit Card,Completed,19,5.0
2025-04-24,ORD04437,CUST1943,Moisturizer,Beauty,West,Mumbai,Small Business,2,46.69,10,93.39,39.78,-25.08,UPI,Completed,45,4.7
2025-04-24,ORD00659,CUST3462,Keyboard,Office Supplies,South,Bengaluru,Small Business,3,214.4,15,643.19,15.73,61.09,Credit Card,Completed,41,4.1
2025-04-24,ORD02353,CUST1761,Tablet,Electronics,Central,Indore,Small Business,3,1261.79,5,3785.37,25.36,304.95,UPI,Returned,38,2.9
2025-04-24,ORD04591,CUST2168,Coffee Maker,Home & Kitchen,West,Pune,Corporate,4,182.21,15,728.86,30.77,-41.75,Credit Card,Returned,45,5.0
2025-04-24,ORD00209,CUST2353,T-Shirt,Fashion,North,Chandigarh,Corporate,3,159.17,5,477.51,15.16,72.1,Credit Card,Completed,64,4.3
2025-04-24,ORD00700,CUST1992,Sneakers,Fashion,South,Bengaluru,Consumer,3,114.65,15,343.94,20.97,22.75,Credit Card,Completed,31,3.9
2025-04-24,ORD04189,CUST1520,Face Serum,Beauty,Central,Indore,Consumer,1,147.39,0,147.39,23.85,17.24,UPI,Completed,53,3.6
2025-04-24,ORD04251,CUST1625,Desk Lamp,Office Supplies,South,Hyderabad,Consumer,5,226.78,5,1133.89,30.54,66.68,PayPal,Cancelled,41,3.1
2025-04-24,ORD01998,CUST1796,Keyboard,Office Supplies,South,Bengaluru,Small Business,1,254.02,5,254.02,15.47,32.55,PayPal,Completed,35,5.0
2025-04-24,ORD03652,CUST2436,Yoga Mat,Sports,South,Chennai,Corporate,5,50.21,15,251.07,10.23,-0.14,UPI,Completed,35,4.1
2025-04-25,ORD02392,CUST3125,Coffee Maker,Home & Kitchen,East,Bhubaneswar,Corporate,1,393.88,10,393.88,30.4,16.16,Cash on Delivery,Completed,48,4.2
2025-04-25,ORD01413,CUST3227,Notebook,Office Supplies,North,Chandigarh,Consumer,1,239.27,20,239.27,23.9,-8.81,UPI,Cancelled,36,4.0
2025-04-25,ORD03967,CUST3152,Vacuum Cleaner,Home & Kitchen,North,Chandigarh,Small Business,1,444.88,15,444.88,26.97,3.82,Debit Card,Completed,58,3.8
2025-04-25,ORD02964,CUST3367,Fitness Band,Sports,Central,Indore,Small Business,1,267.21,15,267.21,35.49,-49.0,UPI,Completed,59,2.9
2025-04-25,ORD00217,CUST2871,T-Shirt,Fashion,North,Chandigarh,Consumer,5,155.26,10,776.31,22.58,12.73,Debit Card,Completed,38,5.0
2025-04-25,ORD03028,CUST1731,Shampoo,Beauty,South,Hyderabad,Consumer,2,87.57,15,175.14,21.64,-3.97,Credit Card,Completed,41,3.2
2025-04-25,ORD03145,CUST1880,Office Chair,Office Supplies,East,Guwahati,Small Business,2,368.28,15,736.57,24.18,-59.14,UPI,Completed,62,3.9
2025-04-25,ORD03493,CUST1506,Perfume,Beauty,Central,Bhopal,Small Business,1,132.02,5,132.02,33.34,-22.7,Debit Card,Completed,45,4.1
2025-04-25,ORD01573,CUST2947,Coffee Maker,Home & Kitchen,North,Jaipur,Corporate,3,190.95,15,572.85,28.96,28.35,PayPal,Returned,18,4.0
2025-04-25,ORD01496,CUST2838,Smartwatch,Electronics,North,Jaipur,Consumer,2,308.74,0,617.47,24.85,116.34,PayPal,Completed,18,4.6
2025-04-25,ORD03476,CUST1710,Smartphone,Electronics,Central,Indore,Consumer,5,1091.39,0,5456.93,46.96,805.99,PayPal,Completed,54,4.0
2025-04-26,ORD02941,CUST1516,Moisturizer,Beauty,East,Bhubaneswar,Consumer,4,189.26,0,757.04,40.14,129.27,Debit Card,Completed,57,3.6
2025-04-26,ORD00081,CUST1963,Sneakers,Fashion,Central,Bhopal,Consumer,1,159.47,5,159.47,37.79,-11.76,Credit Card,Completed,49,4.5
2025-04-26,ORD03358,CUST2389,Cookware Set,Home & Kitchen,Central,Lucknow,Corporate,4,58.62,5,234.48,47.69,-16.93,Credit Card,Cancelled,62,3.5
2025-04-26,ORD00652,CUST1979,Office Chair,Office Supplies,North,Jaipur,Small Business,3,53.85,20,161.55,26.47,-17.24,Debit Card,Completed,58,3.3
2025-04-26,ORD00686,CUST1599,Smartwatch,Electronics,East,Guwahati,Consumer,5,1171.23,5,5856.16,34.41,173.71,PayPal,Completed,61,2.3
2025-04-26,ORD02311,CUST2365,Laptop,Electronics,East,Kolkata,Consumer,1,472.48,10,472.48,4.2,-0.21,UPI,Returned,31,4.4
2025-04-27,ORD01227,CUST1366,Desk Lamp,Office Supplies,Central,Bhopal,Consumer,3,18.96,20,56.87,34.82,-39.87,Debit Card,Completed,44,5.0
2025-04-27,ORD00083,CUST3202,Smartwatch,Electronics,West,Pune,Small Business,4,1395.77,5,5583.09,25.37,644.36,UPI,Completed,19,3.8
2025-04-27,ORD00086,CUST2668,Printer,Office Supplies,West,Mumbai,Consumer,4,31.05,0,124.18,41.42,-11.57,UPI,Cancelled,32,5.0
2025-04-27,ORD00943,CUST2525,Blender,Home & Kitchen,South,Hyderabad,Consumer,4,224.82,5,899.28,28.7,87.05,Cash on Delivery,Completed,31,5.0
2025-04-27,ORD02410,CUST3147,Vacuum Cleaner,Home & Kitchen,East,Guwahati,Corporate,4,249.61,15,998.45,19.29,-71.03,UPI,Completed,26,3.0
2025-04-27,ORD00075,CUST2249,Backpack,Fashion,Central,Bhopal,Consumer,1,83.21,0,83.21,25.77,-9.35,Credit Card,Completed,32,3.4
2025-04-27,ORD01058,CUST3321,Smartwatch,Electronics,East,Guwahati,Small Business,5,1195.12,5,5975.62,26.34,1251.72,Cash on Delivery,Completed,19,4.2
2025-04-27,ORD04005,CUST1672,Smartwatch,Electronics,West,Ahmedabad,Corporate,5,1291.12,0,6455.62,39.69,611.84,UPI,Completed,54,4.2
2025-04-27,ORD03037,CUST1747,Smartphone,Electronics,South,Bengaluru,Corporate,2,1026.96,0,2053.93,30.71,314.06,UPI,Completed,28,4.6
2025-04-27,ORD02717,CUST2582,Desk Lamp,Office Supplies,North,Chandigarh,Corporate,5,175.54,10,877.68,42.28,-54.45,UPI,Completed,63,2.9
2025-04-27,ORD04981,CUST3107,Perfume,Beauty,East,Kolkata,Small Business,2,120.28,10,240.56,16.07,-10.89,Credit Card,Returned,33,3.1
2025-04-27,ORD03038,CUST2494,Notebook,Office Supplies,West,Ahmedabad,Small Business,4,413.59,10,1654.36,39.29,157.01,PayPal,Completed,20,3.8
2025-04-28,ORD03025,CUST1626,Sneakers,Fashion,West,Mumbai,Consumer,4,94.2,0,376.79,13.66,16.57,Credit Card,Completed,33,4.8
2025-04-28,ORD03097,CUST1657,Notebook,Office Supplies,North,Jaipur,Consumer,2,160.81,10,321.63,32.3,-27.92,UPI,Completed,35,3.5
2025-04-28,ORD04836,CUST1605,T-Shirt,Fashion,West,Ahmedabad,Corporate,2,161.21,0,322.42,24.43,61.03,UPI,Completed,48,4.3
2025-04-28,ORD00851,CUST3386,Cookware Set,Home & Kitchen,Central,Lucknow,Corporate,4,164.27,5,657.07,28.95,39.54,PayPal,Completed,21,3.6
2025-04-28,ORD02183,CUST1703,Keyboard,Office Supplies,East,Guwahati,Corporate,4,346.03,15,1384.11,34.84,-97.68,Credit Card,Completed,41,4.9
2025-04-28,ORD00976,CUST1451,Perfume,Beauty,West,Pune,Corporate,2,102.43,10,204.85,20.13,5.41,Credit Card,Completed,63,3.8
2025-04-28,ORD00528,CUST2784,Air Fryer,Home & Kitchen,East,Kolkata,Small Business,4,177.95,10,711.79,37.97,68.69,PayPal,Completed,54,3.2
2025-04-28,ORD00223,CUST3212,Keyboard,Office Supplies,West,Mumbai,Consumer,4,105.79,0,423.17,26.35,64.77,UPI,Completed,49,3.4
2025-04-29,ORD03807,CUST1488,Perfume,Beauty,North,Jaipur,Consumer,2,50.78,15,101.56,37.55,-39.55,PayPal,Completed,52,4.4
2025-04-29,ORD01700,CUST2770,Notebook,Office Supplies,South,Chennai,Consumer,2,235.34,15,470.69,13.41,16.94,Debit Card,Completed,19,5.0
2025-04-29,ORD01437,CUST1312,Smartwatch,Electronics,South,Hyderabad,Consumer,3,472.14,15,1416.41,24.81,35.02,UPI,Completed,46,3.7
2025-04-29,ORD00417,CUST3067,Tablet,Electronics,North,Delhi,Small Business,2,1157.73,5,2315.47,15.28,301.35,Credit Card,Completed,45,5.0
2025-04-29,ORD01876,CUST3325,Smartphone,Electronics,North,Jaipur,Consumer,3,907.35,10,2722.04,15.76,263.31,Debit Card,Completed,55,4.7
2025-04-29,ORD03230,CUST1207,Backpack,Fashion,Central,Bhopal,Consumer,2,165.08,10,330.15,26.91,27.31,Debit Card,Completed,46,2.7
2025-04-29,ORD00709,CUST1594,Air Fryer,Home & Kitchen,Central,Indore,Consumer,3,395.07,10,1185.21,34.5,37.84,UPI,Completed,19,3.9
2025-04-29,ORD03588,CUST1834,Sports Bottle,Sports,East,Guwahati,Consumer,3,191.27,5,573.81,45.68,38.78,UPI,Completed,38,4.2
2025-04-29,ORD03245,CUST2426,Moisturizer,Beauty,Central,Indore,Corporate,2,110.43,0,220.86,12.19,14.91,UPI,Completed,44,2.9
2025-04-30,ORD02073,CUST1119,Laptop,Electronics,South,Chennai,Corporate,3,190.67,10,572.02,17.8,51.33,UPI,Completed,18,4.4
2025-04-30,ORD00170,CUST2289,Cookware Set,Home & Kitchen,South,Chennai,Consumer,4,197.62,5,790.47,37.89,7.51,Credit Card,Completed,40,3.0
2025-04-30,ORD03632,CUST1141,Moisturizer,Beauty,North,Delhi,Consumer,5,87.28,5,436.4,24.04,31.91,PayPal,Completed,54,4.4
2025-04-30,ORD02211,CUST2937,Lipstick,Beauty,East,Guwahati,Corporate,3,41.69,15,125.07,20.26,-26.14,Cash on Delivery,Completed,27,3.0
2025-05-01,ORD02153,CUST1479,Blender,Home & Kitchen,North,Delhi,Corporate,3,94.89,10,284.66,38.63,5.05,PayPal,Completed,52,3.1
2025-05-01,ORD00212,CUST3476,Smartphone,Electronics,North,Delhi,Consumer,3,1100.44,0,3301.33,43.57,856.48,Credit Card,Completed,35,4.1
2025-05-01,ORD02458,CUST2708,Printer,Office Supplies,West,Mumbai,Small Business,2,104.49,5,208.98,29.98,-9.73,Debit Card,Completed,32,5.0
2025-05-01,ORD03641,CUST3253,Notebook,Office Supplies,West,Mumbai,Consumer,3,228.8,5,686.4,25.34,127.41,Cash on Delivery,Completed,34,5.0
2025-05-01,ORD02441,CUST2150,Keyboard,Office Supplies,East,Kolkata,Corporate,2,345.19,5,690.39,41.23,103.35,Cash on Delivery,Completed,21,4.0
2025-05-01,ORD00323,CUST3037,Vacuum Cleaner,Home & Kitchen,North,Delhi,Consumer,1,140.41,5,140.41,21.36,7.76,UPI,Completed,25,3.9
2025-05-01,ORD00809,CUST2554,Printer,Office Supplies,North,Chandigarh,Corporate,1,199.82,5,199.82,27.52,-9.65,Cash on Delivery,Completed,60,4.6
2025-05-01,ORD03285,CUST2200,Headphones,Electronics,North,Chandigarh,Consumer,1,632.81,20,632.81,15.97,-3.22,Debit Card,Completed,31,3.9
2025-05-01,ORD00740,CUST1201,Fitness Band,Sports,East,Kolkata,Corporate,3,327.99,15,983.98,18.92,-26.79,Credit Card,Completed,20,3.2
2025-05-01,ORD01524,CUST2511,Sports Bottle,Sports,North,Jaipur,Consumer,4,340.14,0,1360.56,36.54,297.61,UPI,Completed,53,4.4
2025-05-02,ORD02718,CUST2586,Fitness Band,Sports,North,Jaipur,Small Business,1,211.92,15,211.92,5.41,-12.58,Cash on Delivery,Completed,29,4.4
2025-05-02,ORD03972,CUST2675,Smartwatch,Electronics,Central,Indore,Consumer,2,446.79,10,893.58,28.9,50.65,Cash on Delivery,Completed,59,4.2
2025-05-02,ORD02531,CUST1407,Blender,Home & Kitchen,West,Ahmedabad,Consumer,3,239.68,5,719.05,27.43,100.9,UPI,Returned,36,4.0
2025-05-02,ORD00088,CUST2850,Keyboard,Office Supplies,North,Jaipur,Consumer,3,298.85,0,896.55,27.96,84.04,UPI,Cancelled,47,4.0
2025-05-02,ORD03985,CUST2966,Notebook,Office Supplies,South,Hyderabad,Corporate,3,202.9,5,608.71,44.87,60.36,PayPal,Completed,33,5.0
2025-05-02,ORD03858,CUST1717,Smartwatch,Electronics,North,Chandigarh,Corporate,1,1312.23,15,1312.23,28.92,-78.48,Debit Card,Completed,59,4.5
2025-05-02,ORD02886,CUST3481,Printer,Office Supplies,North,Delhi,Consumer,5,436.9,10,2184.51,30.39,250.97,Cash on Delivery,Completed,59,1.7
2025-05-02,ORD01904,CUST3412,Shampoo,Beauty,North,Chandigarh,Consumer,5,71.31,10,356.54,30.27,-36.14,UPI,Completed,64,4.8
2025-05-03,ORD03860,CUST1662,Blender,Home & Kitchen,West,Pune,Small Business,2,186.27,0,372.53,18.46,75.38,PayPal,Completed,58,5.0
2025-05-03,ORD02991,CUST3079,Tablet,Electronics,North,Jaipur,Consumer,1,232.9,15,232.9,10.66,-3.81,UPI,Completed,64,3.9
2025-05-03,ORD01074,CUST2692,Coffee Maker,Home & Kitchen,Central,Indore,Small Business,2,368.15,15,736.3,32.32,20.77,Debit Card,Completed,40,3.2
2025-05-03,ORD02164,CUST1403,Cookware Set,Home & Kitchen,Central,Lucknow,Corporate,4,86.43,10,345.74,36.8,-32.58,Cash on Delivery,Completed,38,3.7
2025-05-03,ORD03035,CUST1449,Tablet,Electronics,North,Chandigarh,Consumer,1,1308.18,20,1308.18,38.98,25.69,Credit Card,Completed,20,4.6
2025-05-03,ORD02262,CUST1091,Air Fryer,Home & Kitchen,South,Bengaluru,Corporate,1,297.25,10,297.25,28.92,-1.42,Credit Card,Completed,53,5.0
2025-05-03,ORD02019,CUST3283,Sports Bottle,Sports,Central,Bhopal,Consumer,1,72.43,15,72.43,29.52,-21.85,Credit Card,Cancelled,56,4.6
2025-05-03,ORD01696,CUST2210,Running Shoes,Sports,North,Chandigarh,Consumer,3,245.76,15,737.27,17.42,-40.16,PayPal,Completed,38,3.6
2025-05-03,ORD04013,CUST1235,Sneakers,Fashion,Central,Indore,Small Business,3,109.46,5,328.39,24.44,31.24,Credit Card,Completed,49,5.0
2025-05-03,ORD00048,CUST2561,Printer,Office Supplies,Central,Indore,Consumer,1,299.86,10,299.86,32.17,-8.82,UPI,Cancelled,43,3.5
2025-05-03,ORD04131,CUST1779,Coffee Maker,Home & Kitchen,West,Pune,Consumer,3,303.44,0,910.31,18.23,213.94,UPI,Completed,48,4.0
2025-05-04,ORD00443,CUST3402,Jeans,Fashion,South,Bengaluru,Consumer,5,20.87,10,104.33,31.7,-20.55,PayPal,Completed,60,4.7
2025-05-04,ORD02625,CUST1191,Vacuum Cleaner,Home & Kitchen,North,Jaipur,Small Business,4,424.3,5,1697.22,26.84,117.66,Credit Card,Completed,25,3.2
2025-05-04,ORD00160,CUST2780,Running Shoes,Sports,West,Pune,Corporate,3,88.37,15,265.1,44.17,-31.06,Debit Card,Completed,28,4.3
2025-05-04,ORD00004,CUST3278,Cookware Set,Home & Kitchen,South,Chennai,Consumer,5,74.29,15,371.47,45.2,-13.9,PayPal,Completed,51,4.8
2025-05-04,ORD03363,CUST1003,Lipstick,Beauty,South,Bengaluru,Consumer,4,161.87,0,647.5,43.49,16.76,UPI,Completed,63,3.6
2025-05-04,ORD02148,CUST1809,Vacuum Cleaner,Home & Kitchen,East,Bhubaneswar,Small Business,4,279.43,15,1117.72,18.3,-17.54,Cash on Delivery,Returned,58,2.6
2025-05-04,ORD01614,CUST2551,Desk Lamp,Office Supplies,Central,Indore,Consumer,1,109.43,15,109.43,8.62,-3.97,UPI,Completed,62,2.5
2025-05-04,ORD01679,CUST3262,Notebook,Office Supplies,Central,Indore,Small Business,5,348.73,0,1743.66,32.51,150.24,UPI,Completed,45,5.0
2025-05-04,ORD02103,CUST2268,Headphones,Electronics,South,Chennai,Consumer,3,1215.98,0,3647.95,20.38,356.78,Debit Card,Completed,62,3.0
2025-05-04,ORD04171,CUST3005,Sports Bottle,Sports,North,Delhi,Corporate,4,175.18,15,700.7,38.5,20.08,UPI,Completed,50,5.0
2025-05-05,ORD03852,CUST2432,Jacket,Fashion,North,Chandigarh,Small Business,3,90.79,10,272.38,29.61,-20.14,Cash on Delivery,Completed,61,4.9
2025-05-05,ORD02438,CUST3240,Tablet,Electronics,South,Bengaluru,Consumer,5,781.52,5,3907.61,52.34,106.54,UPI,Completed,56,3.9
2025-05-05,ORD02082,CUST3191,Air Fryer,Home & Kitchen,East,Guwahati,Consumer,1,48.2,5,48.2,14.86,-11.68,Credit Card,Completed,61,3.8
2025-05-05,ORD03962,CUST1381,Smartphone,Electronics,South,Hyderabad,Consumer,3,436.29,10,1308.86,37.73,40.62,UPI,Completed,48,4.3
2025-05-05,ORD01762,CUST2706,Headphones,Electronics,East,Bhubaneswar,Consumer,2,833.51,15,1667.03,23.42,115.45,UPI,Completed,27,2.6
2025-05-05,ORD04842,CUST1850,Running Shoes,Sports,West,Pune,Corporate,3,240.06,0,720.17,19.07,162.08,Credit Card,Returned,28,4.3
2025-05-05,ORD03910,CUST2194,Coffee Maker,Home & Kitchen,Central,Lucknow,Consumer,5,87.32,0,436.58,21.96,80.08,Credit Card,Cancelled,52,4.2
2025-05-05,ORD04465,CUST3307,T-Shirt,Fashion,West,Ahmedabad,Consumer,3,44.58,15,133.75,23.25,-11.37,UPI,Completed,52,2.9
2025-05-05,ORD03674,CUST1176,Moisturizer,Beauty,South,Hyderabad,Small Business,1,24.15,5,24.15,13.21,-9.79,PayPal,Completed,41,4.5
2025-05-05,ORD02931,CUST2291,Printer,Office Supplies,North,Jaipur,Consumer,3,75.42,20,226.27,18.11,-35.48,UPI,Completed,54,4.5
2025-05-05,ORD01229,CUST1416,Sports Bottle,Sports,North,Chandigarh,Corporate,4,198.02,5,792.09,24.93,73.1,Debit Card,Completed,52,4.3
2025-05-05,ORD01045,CUST2067,Cookware Set,Home & Kitchen,North,Jaipur,Consumer,4,53.43,0,213.71,38.42,-16.53,Cash on Delivery,Completed,31,3.3
2025-05-05,ORD01152,CUST2849,Vacuum Cleaner,Home & Kitchen,Central,Bhopal,Small Business,1,461.3,15,461.3,23.35,-30.53,Credit Card,Cancelled,33,3.9
2025-05-06,ORD02270,CUST3309,Moisturizer,Beauty,East,Guwahati,Consumer,1,18.09,10,18.09,21.46,-19.32,UPI,Completed,48,4.3
2025-05-06,ORD03596,CUST1378,Notebook,Office Supplies,North,Jaipur,Corporate,2,403.59,5,807.18,17.94,56.41,Debit Card,Completed,33,3.4
2025-05-06,ORD02129,CUST3345,Blender,Home & Kitchen,Central,Bhopal,Consumer,2,399.36,5,798.72,26.66,92.77,Cash on Delivery,Completed,29,4.1
2025-05-06,ORD00372,CUST2212,Printer,Office Supplies,Central,Lucknow,Small Business,5,82.13,15,410.65,26.91,-6.42,Credit Card,Completed,53,4.4
2025-05-06,ORD04646,CUST1841,Notebook,Office Supplies,South,Chennai,Consumer,1,438.55,5,438.55,26.29,70.76,PayPal,Returned,56,4.1
2025-05-06,ORD00718,CUST3211,Office Chair,Office Supplies,Central,Lucknow,Consumer,3,328.93,15,986.78,41.55,13.53,PayPal,Completed,38,4.5
2025-05-06,ORD01637,CUST2606,Cookware Set,Home & Kitchen,East,Kolkata,Consumer,5,91.86,15,459.29,19.27,-21.8,Credit Card,Completed,63,2.4
2025-05-06,ORD02912,CUST2832,Backpack,Fashion,Central,Bhopal,Consumer,2,99.93,15,199.86,23.47,-4.18,UPI,Completed,34,3.8
2025-05-06,ORD03346,CUST1139,T-Shirt,Fashion,Central,Lucknow,Consumer,5,127.43,15,637.16,28.68,9.29,UPI,Cancelled,35,4.1
2025-05-06,ORD04606,CUST1774,Coffee Maker,Home & Kitchen,South,Bengaluru,Consumer,3,435.77,10,1307.32,22.27,120.88,Cash on Delivery,Completed,56,3.6
2025-05-06,ORD00611,CUST3287,Smartwatch,Electronics,South,Bengaluru,Corporate,2,678.87,0,1357.73,36.7,118.75,Cash on Delivery,Returned,34,2.6
2025-05-06,ORD03219,CUST1601,Yoga Mat,Sports,South,Hyderabad,Consumer,2,34.81,5,69.61,37.74,-24.18,UPI,Completed,26,2.9
2025-05-06,ORD02469,CUST2662,Perfume,Beauty,Central,Indore,Small Business,4,123.09,0,492.36,22.49,29.43,UPI,Completed,34,3.9
2025-05-06,ORD02924,CUST1745,T-Shirt,Fashion,North,Jaipur,Consumer,5,118.26,10,591.3,26.94,-6.22,UPI,Completed,37,5.0
2025-05-06,ORD03153,CUST1310,Coffee Maker,Home & Kitchen,North,Chandigarh,Consumer,5,390.61,5,1953.07,41.26,39.12,Credit Card,Completed,40,3.9
2025-05-06,ORD01298,CUST3146,Keyboard,Office Supplies,West,Mumbai,Consumer,1,264.51,0,264.51,29.27,20.46,Debit Card,Completed,44,4.0
2025-05-07,ORD00363,CUST1632,Lipstick,Beauty,West,Mumbai,Consumer,5,185.08,5,925.38,38.48,105.99,Credit Card,Completed,49,4.7
2025-05-07,ORD04837,CUST2041,Office Chair,Office Supplies,North,Delhi,Small Business,4,240.36,0,961.42,34.7,147.79,UPI,Completed,39,3.7
2025-05-07,ORD01094,CUST1228,Office Chair,Office Supplies,West,Pune,Consumer,4,107.2,10,428.82,41.84,-27.05,UPI,Completed,52,3.4
2025-05-07,ORD01450,CUST2629,Blender,Home & Kitchen,East,Bhubaneswar,Small Business,5,464.71,10,2323.54,34.48,225.21,Debit Card,Completed,55,4.1
2025-05-07,ORD04348,CUST2399,Sneakers,Fashion,North,Delhi,Consumer,4,231.79,10,927.16,13.46,122.43,UPI,Cancelled,36,3.6
2025-05-07,ORD03593,CUST2105,Sports Bottle,Sports,Central,Bhopal,Consumer,5,60.09,10,300.47,37.93,4.22,Cash on Delivery,Completed,44,3.7
2025-05-07,ORD00266,CUST1922,Printer,Office Supplies,North,Jaipur,Consumer,3,201.7,0,605.09,37.47,49.15,Credit Card,Completed,55,2.7
2025-05-07,ORD00547,CUST1149,Blender,Home & Kitchen,West,Ahmedabad,Consumer,2,373.36,20,746.73,21.31,-64.37,PayPal,Completed,37,4.8
2025-05-07,ORD04134,CUST1171,Blender,Home & Kitchen,East,Bhubaneswar,Consumer,3,429.08,0,1287.24,34.37,191.82,Credit Card,Completed,55,4.0
2025-05-08,ORD02391,CUST1986,Vacuum Cleaner,Home & Kitchen,North,Chandigarh,Corporate,2,333.49,20,666.99,41.29,-42.43,Cash on Delivery,Completed,36,4.7
2025-05-08,ORD04943,CUST1401,Tablet,Electronics,Central,Bhopal,Consumer,5,608.06,10,3040.29,45.49,475.19,UPI,Returned,31,3.3
2025-05-08,ORD00386,CUST1081,Fitness Band,Sports,East,Guwahati,Small Business,3,286.98,10,860.94,15.17,104.39,UPI,Completed,18,4.0
2025-05-08,ORD02943,CUST2473,Printer,Office Supplies,South,Hyderabad,Corporate,4,231.67,0,926.7,38.62,74.9,Cash on Delivery,Completed,21,3.2
2025-05-08,ORD00111,CUST1906,Backpack,Fashion,East,Kolkata,Small Business,2,111.31,5,222.63,28.23,0.42,Credit Card,Completed,36,4.7
2025-05-09,ORD01795,CUST2594,Air Fryer,Home & Kitchen,Central,Lucknow,Consumer,3,372.38,5,1117.15,35.72,205.99,UPI,Completed,28,2.7
2025-05-09,ORD00182,CUST1673,Notebook,Office Supplies,West,Ahmedabad,Consumer,4,339.19,10,1356.76,21.66,166.55,Credit Card,Completed,39,4.4
2025-05-09,ORD03316,CUST2620,Office Chair,Office Supplies,East,Bhubaneswar,Corporate,2,406.14,5,812.27,24.18,112.63,Debit Card,Completed,31,4.4
2025-05-09,ORD02454,CUST1354,Office Chair,Office Supplies,West,Ahmedabad,Consumer,2,118.96,20,237.92,10.8,3.27,Debit Card,Completed,34,3.8
2025-05-09,ORD03244,CUST2003,Fitness Band,Sports,West,Ahmedabad,Corporate,1,96.97,15,96.97,26.75,-32.44,PayPal,Completed,33,5.0
2025-05-09,ORD01252,CUST2193,Face Serum,Beauty,Central,Indore,Consumer,2,168.93,10,337.85,31.11,-25.67,Credit Card,Completed,51,4.0
2025-05-09,ORD04860,CUST3373,Office Chair,Office Supplies,North,Delhi,Small Business,2,286.11,0,572.21,40.01,56.26,Credit Card,Cancelled,39,3.3
2025-05-09,ORD01307,CUST1054,Notebook,Office Supplies,North,Chandigarh,Consumer,1,232.27,15,232.27,35.15,-15.98,Debit Card,Returned,42,4.4
2025-05-09,ORD03734,CUST3181,Cookware Set,Home & Kitchen,West,Ahmedabad,Corporate,4,313.28,15,1253.13,23.33,62.94,UPI,Completed,44,3.8
2025-05-09,ORD04706,CUST2145,Dumbbells,Sports,East,Guwahati,Corporate,5,259.88,15,1299.42,25.73,-108.37,Credit Card,Completed,63,4.2
2025-05-10,ORD03940,CUST1739,Desk Lamp,Office Supplies,Central,Lucknow,Consumer,4,268.77,5,1075.08,20.07,15.09,UPI,Cancelled,55,4.7
2025-05-10,ORD04753,CUST1769,Running Shoes,Sports,Central,Indore,Consumer,4,184.34,10,737.35,21.7,57.17,Debit Card,Completed,55,3.6
2025-05-10,ORD03419,CUST1309,Sports Bottle,Sports,West,Mumbai,Consumer,1,28.94,10,28.94,19.96,-14.87,UPI,Completed,50,5.0
2025-05-10,ORD03786,CUST1928,Yoga Mat,Sports,South,Bengaluru,Corporate,2,304.93,10,609.86,18.79,79.82,PayPal,Completed,49,4.5
2025-05-10,ORD04261,CUST3412,Sneakers,Fashion,North,Delhi,Consumer,1,73.22,15,73.22,9.68,-5.1,UPI,Completed,27,3.8
2025-05-10,ORD00183,CUST1589,Air Fryer,Home & Kitchen,South,Bengaluru,Small Business,2,418.83,15,837.67,17.17,-61.62,Credit Card,Completed,32,3.7
2025-05-10,ORD02330,CUST2836,Sneakers,Fashion,Central,Bhopal,Small Business,4,95.74,0,382.97,39.54,22.74,Credit Card,Completed,21,2.9
2025-05-10,ORD02645,CUST1601,Sports Bottle,Sports,Central,Lucknow,Small Business,3,40.57,10,121.7,40.71,-36.81,Credit Card,Completed,37,2.8
2025-05-10,ORD01465,CUST3207,Headphones,Electronics,North,Chandigarh,Corporate,3,1186.62,5,3559.85,22.85,104.0,Cash on Delivery,Completed,64,5.0
2025-05-11,ORD00779,CUST2894,Keyboard,Office Supplies,Central,Lucknow,Consumer,1,407.33,0,407.33,30.93,4.76,Credit Card,Completed,53,5.0
2025-05-11,ORD02081,CUST2653,Laptop,Electronics,West,Ahmedabad,Small Business,1,991.7,0,991.7,34.66,47.4,Credit Card,Completed,43,3.9
2025-05-11,ORD01506,CUST2771,Fitness Band,Sports,South,Hyderabad,Consumer,5,88.81,15,444.04,20.29,18.72,Credit Card,Completed,32,3.3
2025-05-11,ORD00552,CUST2395,Vacuum Cleaner,Home & Kitchen,Central,Indore,Consumer,2,175.09,0,350.18,19.92,78.08,UPI,Returned,63,4.6
2025-05-11,ORD02490,CUST2029,Desk Lamp,Office Supplies,Central,Bhopal,Consumer,1,52.21,10,52.21,18.9,-19.2,Debit Card,Returned,47,4.2
2025-05-11,ORD03216,CUST3410,Keyboard,Office Supplies,South,Chennai,Corporate,2,26.86,15,53.71,17.81,-20.84,UPI,Completed,52,3.5
2025-05-11,ORD01142,CUST3220,Jeans,Fashion,North,Delhi,Small Business,5,242.06,5,1210.29,18.75,139.95,UPI,Completed,48,3.7
2025-05-11,ORD04205,CUST1446,Backpack,Fashion,North,Delhi,Corporate,1,77.98,5,77.98,22.48,-9.91,Credit Card,Completed,64,2.7
2025-05-11,ORD04424,CUST2914,Vacuum Cleaner,Home & Kitchen,South,Hyderabad,Small Business,1,118.11,5,118.11,17.42,-11.3,Debit Card,Completed,34,3.8
2025-05-11,ORD04258,CUST2263,Blender,Home & Kitchen,East,Guwahati,Consumer,1,278.47,10,278.47,15.2,-15.82,Cash on Delivery,Returned,28,4.0
2025-05-11,ORD03248,CUST2295,Laptop,Electronics,West,Mumbai,Consumer,5,459.68,5,2298.38,22.58,378.55,Debit Card,Completed,19,3.2
2025-05-11,ORD01218,CUST1772,Backpack,Fashion,Central,Bhopal,Consumer,4,168.89,10,675.56,35.86,-12.32,UPI,Completed,58,3.5
2025-05-11,ORD02563,CUST1315,Backpack,Fashion,West,Mumbai,Small Business,5,55.79,10,278.95,24.78,-24.58,Debit Card,Completed,37,3.5
2025-05-11,ORD04059,CUST1309,Perfume,Beauty,Central,Lucknow,Corporate,1,150.4,0,150.4,17.21,6.57,PayPal,Completed,23,3.2
2025-05-11,ORD02241,CUST1171,Blender,Home & Kitchen,East,Bhubaneswar,Corporate,2,415.68,5,831.35,39.98,104.61,PayPal,Completed,35,3.8
2025-05-11,ORD03172,CUST2545,Smartwatch,Electronics,South,Bengaluru,Consumer,5,1171.3,15,5856.49,41.52,-368.0,Credit Card,Completed,56,3.8
2025-05-12,ORD01932,CUST3470,Fitness Band,Sports,Central,Indore,Consumer,4,181.56,5,726.23,36.14,1.78,UPI,Completed,27,3.9
2025-05-12,ORD02152,CUST1812,Yoga Mat,Sports,Central,Indore,Consumer,5,292.01,15,1460.07,29.67,-90.67,Credit Card,Completed,61,2.6
2025-05-12,ORD04501,CUST2452,Smartphone,Electronics,West,Ahmedabad,Consumer,5,1203.66,5,6018.29,26.18,829.18,Credit Card,Completed,54,4.4
2025-05-12,ORD03147,CUST3379,Tablet,Electronics,Central,Lucknow,Corporate,1,1048.17,15,1048.17,20.04,4.77,Credit Card,Completed,59,3.8
2025-05-12,ORD02062,CUST1369,Face Serum,Beauty,North,Delhi,Corporate,3,198.1,0,594.3,30.23,35.83,Credit Card,Completed,33,3.4
2025-05-12,ORD03368,CUST1447,Desk Lamp,Office Supplies,South,Hyderabad,Consumer,1,399.45,10,399.45,34.97,-26.11,Debit Card,Completed,62,4.4
2025-05-12,ORD01590,CUST1979,Printer,Office Supplies,West,Ahmedabad,Consumer,3,72.97,5,218.9,35.59,-27.07,UPI,Completed,51,3.2
2025-05-13,ORD04204,CUST3102,Sneakers,Fashion,Central,Bhopal,Consumer,4,178.73,15,714.93,41.13,-20.56,Credit Card,Returned,45,4.1
2025-05-13,ORD02176,CUST3465,Cookware Set,Home & Kitchen,North,Delhi,Consumer,4,187.24,10,748.96,44.35,70.35,UPI,Cancelled,46,4.0
2025-05-13,ORD03438,CUST2120,Perfume,Beauty,East,Bhubaneswar,Consumer,1,98.51,15,98.51,24.71,-15.97,PayPal,Completed,53,3.3
2025-05-13,ORD02033,CUST2359,Laptop,Electronics,Central,Lucknow,Corporate,4,126.39,10,505.56,29.88,51.5,UPI,Completed,28,4.1
2025-05-13,ORD04949,CUST1083,Dumbbells,Sports,North,Delhi,Consumer,5,43.51,5,217.56,23.73,-5.06,UPI,Completed,57,3.7
2025-05-13,ORD03278,CUST2536,Running Shoes,Sports,South,Hyderabad,Consumer,5,216.86,15,1084.31,37.6,62.3,Debit Card,Completed,19,3.2
2025-05-14,ORD01955,CUST2788,Blender,Home & Kitchen,East,Kolkata,Small Business,2,485.82,0,971.63,11.3,101.51,UPI,Completed,23,4.5
2025-05-14,ORD03692,CUST3387,Dumbbells,Sports,West,Pune,Small Business,4,347.13,5,1388.51,17.45,70.9,Credit Card,Completed,53,5.0
2025-05-14,ORD03516,CUST2960,Dumbbells,Sports,West,Ahmedabad,Small Business,1,229.86,5,229.86,18.2,-10.13,UPI,Completed,36,5.0
2025-05-14,ORD00361,CUST1011,Coffee Maker,Home & Kitchen,South,Bengaluru,Corporate,1,190.39,0,190.39,10.05,36.43,Credit Card,Completed,26,4.3
2025-05-14,ORD00914,CUST2749,Smartphone,Electronics,North,Jaipur,Consumer,2,513.93,5,1027.85,33.14,188.07,Credit Card,Cancelled,53,3.6
2025-05-14,ORD00221,CUST2577,Yoga Mat,Sports,South,Bengaluru,Consumer,1,233.51,15,233.51,33.97,-12.38,PayPal,Returned,51,4.3
2025-05-15,ORD00309,CUST1603,Running Shoes,Sports,Central,Lucknow,Corporate,4,332.96,5,1331.83,37.45,253.23,UPI,Completed,46,2.6
2025-05-15,ORD04445,CUST1741,Tablet,Electronics,South,Hyderabad,Corporate,1,214.7,15,214.7,26.01,-33.31,Cash on Delivery,Completed,48,3.6
2025-05-15,ORD00414,CUST1384,Shampoo,Beauty,South,Hyderabad,Corporate,1,101.83,5,101.83,38.43,-24.96,Cash on Delivery,Completed,51,4.8
2025-05-15,ORD01790,CUST1716,Office Chair,Office Supplies,West,Ahmedabad,Small Business,5,378.59,10,1892.96,40.91,279.15,UPI,Completed,53,5.0
2025-05-15,ORD00750,CUST1738,Tablet,Electronics,West,Mumbai,Consumer,4,841.38,10,3365.52,45.48,180.2,UPI,Completed,36,4.3
2025-05-15,ORD04128,CUST1202,Coffee Maker,Home & Kitchen,North,Jaipur,Corporate,2,405.62,15,811.24,25.94,-48.43,Cash on Delivery,Completed,50,4.9
2025-05-15,ORD04935,CUST1224,Printer,Office Supplies,North,Jaipur,Small Business,3,32.0,15,95.99,24.49,-30.93,Credit Card,Completed,63,5.0
2025-05-15,ORD00967,CUST1406,Jeans,Fashion,West,Pune,Corporate,2,20.57,5,41.14,27.38,-19.37,Debit Card,Completed,28,4.2
2025-05-15,ORD02395,CUST3237,Laptop,Electronics,North,Jaipur,Consumer,2,525.44,10,1050.88,21.68,19.72,UPI,Completed,46,4.6
2025-05-15,ORD02300,CUST2750,Coffee Maker,Home & Kitchen,North,Jaipur,Corporate,2,72.81,10,145.61,7.21,0.63,Credit Card,Cancelled,50,4.4
2025-05-16,ORD02185,CUST2617,T-Shirt,Fashion,North,Delhi,Consumer,4,234.19,10,936.77,50.08,-16.0,Credit Card,Completed,27,5.0
2025-05-16,ORD03335,CUST2894,Jacket,Fashion,East,Guwahati,Small Business,2,232.91,5,465.82,35.16,32.79,Cash on Delivery,Cancelled,21,4.6
2025-05-17,ORD01464,CUST3186,Vacuum Cleaner,Home & Kitchen,North,Jaipur,Consumer,4,397.51,5,1590.04,19.04,144.2,Credit Card,Completed,30,4.9
2025-05-17,ORD02031,CUST2420,Jacket,Fashion,West,Mumbai,Consumer,5,23.51,15,117.53,31.02,-33.02,Debit Card,Completed,18,3.9
2025-05-17,ORD03820,CUST2683,Vacuum Cleaner,Home & Kitchen,Central,Bhopal,Consumer,5,234.75,15,1173.75,41.9,72.6,PayPal,Completed,37,4.7
2025-05-17,ORD01239,CUST2627,Backpack,Fashion,North,Chandigarh,Small Business,4,159.75,10,639.0,26.99,12.07,UPI,Returned,36,3.1
2025-05-17,ORD02523,CUST2689,Laptop,Electronics,North,Delhi,Consumer,3,1274.69,5,3824.06,34.47,338.24,UPI,Returned,58,3.6
2025-05-17,ORD01316,CUST1278,Backpack,Fashion,Central,Lucknow,Consumer,5,24.51,10,122.54,35.81,-37.36,Credit Card,Completed,29,2.4
2025-05-17,ORD04332,CUST3299,Sports Bottle,Sports,West,Ahmedabad,Consumer,2,139.1,20,278.2,32.05,-49.55,Debit Card,Completed,30,5.0
2025-05-17,ORD01256,CUST3477,Cookware Set,Home & Kitchen,West,Mumbai,Consumer,3,134.97,5,404.92,35.09,-21.38,Credit Card,Completed,21,5.0
2025-05-17,ORD02461,CUST2338,Notebook,Office Supplies,West,Ahmedabad,Small Business,5,286.36,10,1431.79,44.34,114.93,UPI,Returned,36,4.7
2025-05-17,ORD03460,CUST3349,Cookware Set,Home & Kitchen,East,Bhubaneswar,Small Business,4,103.28,10,413.14,35.8,-16.66,Debit Card,Completed,59,4.0
2025-05-17,ORD00971,CUST2627,Desk Lamp,Office Supplies,Central,Indore,Consumer,5,445.8,10,2229.01,52.58,50.39,Credit Card,Completed,48,3.3
2025-05-18,ORD02425,CUST3435,Office Chair,Office Supplies,North,Jaipur,Consumer,1,141.67,10,141.67,20.96,-11.55,Cash on Delivery,Cancelled,32,3.8
2025-05-18,ORD01446,CUST2059,Jeans,Fashion,West,Ahmedabad,Consumer,1,126.44,10,126.44,18.99,-14.25,Cash on Delivery,Completed,43,3.5
2025-05-18,ORD03354,CUST2768,Desk Lamp,Office Supplies,North,Chandigarh,Small Business,2,253.97,0,507.94,9.6,97.87,Debit Card,Completed,28,3.9
2025-05-18,ORD00784,CUST2527,Keyboard,Office Supplies,South,Chennai,Consumer,3,338.44,15,1015.33,38.34,-39.42,UPI,Completed,35,3.3
2025-05-18,ORD03047,CUST1748,Dumbbells,Sports,East,Kolkata,Corporate,5,246.77,5,1233.87,25.22,70.81,Debit Card,Completed,19,5.0
2025-05-18,ORD00150,CUST3434,Headphones,Electronics,South,Chennai,Consumer,3,707.44,15,2122.33,41.64,205.7,Debit Card,Cancelled,25,3.8
2025-05-18,ORD04707,CUST3106,Office Chair,Office Supplies,West,Ahmedabad,Consumer,1,203.98,10,203.98,19.95,11.16,Debit Card,Completed,60,3.4
2025-05-18,ORD02804,CUST1950,Smartphone,Electronics,East,Bhubaneswar,Small Business,3,366.57,0,1099.7,43.25,231.13,UPI,Completed,19,3.7
2025-05-18,ORD00032,CUST3021,Smartwatch,Electronics,Central,Indore,Small Business,1,222.7,20,222.7,34.96,-50.2,UPI,Completed,43,4.5
2025-05-18,ORD04525,CUST3446,Dumbbells,Sports,West,Ahmedabad,Corporate,3,304.09,10,912.26,27.15,-23.56,UPI,Completed,20,4.7
2025-05-19,ORD02671,CUST1198,Smartwatch,Electronics,South,Bengaluru,Small Business,5,167.0,20,834.99,54.74,-42.97,UPI,Cancelled,45,3.3
2025-05-19,ORD03754,CUST3203,Keyboard,Office Supplies,East,Guwahati,Corporate,2,28.06,15,56.12,21.92,-18.7,UPI,Cancelled,49,4.1
2025-05-19,ORD03388,CUST2043,Backpack,Fashion,East,Bhubaneswar,Consumer,3,145.78,15,437.33,21.49,-38.74,UPI,Completed,37,4.5
2025-05-19,ORD02100,CUST3292,Desk Lamp,Office Supplies,East,Bhubaneswar,Consumer,5,103.37,10,516.87,31.78,37.0,UPI,Returned,57,5.0
2025-05-19,ORD00896,CUST3237,Backpack,Fashion,South,Hyderabad,Corporate,5,203.74,5,1018.68,10.86,64.28,Cash on Delivery,Completed,33,3.7
2025-05-19,ORD00926,CUST3156,Sports Bottle,Sports,South,Chennai,Consumer,1,301.94,10,301.94,16.39,35.43,Credit Card,Completed,53,3.4
2025-05-19,ORD00157,CUST2621,T-Shirt,Fashion,West,Mumbai,Consumer,3,148.96,0,446.87,35.58,74.9,Debit Card,Completed,31,5.0
2025-05-19,ORD00196,CUST2711,Running Shoes,Sports,South,Hyderabad,Corporate,5,135.93,15,679.64,27.93,-73.64,Debit Card,Completed,41,2.9
2025-05-19,ORD04280,CUST2532,Office Chair,Office Supplies,Central,Indore,Corporate,5,348.56,10,1742.79,43.51,191.87,PayPal,Completed,22,3.6
2025-05-19,ORD03166,CUST3102,Smartphone,Electronics,North,Chandigarh,Consumer,3,1322.26,10,3966.79,14.35,210.99,UPI,Completed,35,4.2
2025-05-20,ORD03755,CUST1648,Tablet,Electronics,North,Chandigarh,Consumer,3,384.36,10,1153.08,33.39,-3.3,UPI,Completed,31,4.3
2025-05-20,ORD02958,CUST1449,T-Shirt,Fashion,East,Bhubaneswar,Consumer,1,182.87,10,182.87,28.73,-12.21,Debit Card,Completed,30,4.7
2025-05-20,ORD04850,CUST1143,Desk Lamp,Office Supplies,West,Mumbai,Consumer,3,13.53,0,40.6,17.96,-9.68,Credit Card,Completed,58,4.2
2025-05-20,ORD03130,CUST3232,Jacket,Fashion,Central,Bhopal,Small Business,1,90.62,0,90.62,31.91,-12.86,UPI,Completed,59,2.2
2025-05-20,ORD00650,CUST2144,Dumbbells,Sports,North,Jaipur,Small Business,3,123.4,5,370.19,27.59,45.28,Credit Card,Returned,47,4.1
2025-05-21,ORD03442,CUST2503,Backpack,Fashion,North,Delhi,Consumer,3,28.41,5,85.22,17.42,-5.78,Debit Card,Completed,22,4.8
2025-05-21,ORD01903,CUST2722,T-Shirt,Fashion,Central,Lucknow,Corporate,2,218.99,5,437.97,15.23,2.77,PayPal,Completed,18,3.9
2025-05-21,ORD03654,CUST1711,Headphones,Electronics,North,Delhi,Corporate,5,935.42,0,4677.1,18.08,669.42,PayPal,Completed,59,4.9
2025-05-21,ORD03119,CUST3288,Dumbbells,Sports,Central,Bhopal,Consumer,2,299.3,10,598.6,42.8,-20.53,Cash on Delivery,Completed,44,3.1
2025-05-21,ORD04180,CUST1285,Coffee Maker,Home & Kitchen,South,Chennai,Consumer,4,423.93,15,1695.73,37.45,-80.47,PayPal,Returned,41,3.3
2025-05-21,ORD03590,CUST2040,Tablet,Electronics,Central,Bhopal,Consumer,3,166.82,10,500.47,36.75,24.45,Cash on Delivery,Completed,42,5.0
2025-05-21,ORD01017,CUST1236,Blender,Home & Kitchen,North,Jaipur,Consumer,3,94.59,5,283.78,13.36,46.6,Credit Card,Completed,36,4.4
2025-05-22,ORD01059,CUST2652,Lipstick,Beauty,East,Bhubaneswar,Consumer,5,219.46,10,1097.32,37.53,27.37,Cash on Delivery,Completed,54,4.1
2025-05-22,ORD04692,CUST1536,Air Fryer,Home & Kitchen,East,Kolkata,Consumer,5,130.37,10,651.85,36.34,-17.69,Cash on Delivery,Returned,39,4.1
2025-05-22,ORD00562,CUST2667,Printer,Office Supplies,North,Jaipur,Consumer,5,228.02,0,1140.12,22.03,214.22,Debit Card,Completed,52,4.3
2025-05-22,ORD04021,CUST2422,Jacket,Fashion,South,Bengaluru,Small Business,2,64.94,0,129.87,21.11,-4.06,UPI,Returned,28,4.5
2025-05-22,ORD02495,CUST3111,Air Fryer,Home & Kitchen,West,Ahmedabad,Consumer,2,167.52,10,335.05,15.93,8.55,PayPal,Completed,33,4.4
2025-05-22,ORD01847,CUST2037,Yoga Mat,Sports,North,Delhi,Corporate,1,63.07,10,63.07,28.66,-21.15,UPI,Completed,29,4.6
2025-05-23,ORD03149,CUST1581,Headphones,Electronics,West,Mumbai,Consumer,3,915.71,10,2747.12,47.19,145.13,PayPal,Completed,63,2.4
2025-05-23,ORD03742,CUST1901,Perfume,Beauty,West,Mumbai,Consumer,1,58.62,15,58.62,21.69,-19.72,PayPal,Completed,63,3.0
2025-05-23,ORD04106,CUST2242,Fitness Band,Sports,Central,Lucknow,Corporate,2,221.61,10,443.22,12.34,25.12,Credit Card,Completed,62,4.3
2025-05-23,ORD02294,CUST1960,Backpack,Fashion,South,Chennai,Small Business,3,79.33,20,238.0,18.9,-13.24,Credit Card,Completed,23,4.2
2025-05-23,ORD04170,CUST2198,Backpack,Fashion,East,Kolkata,Small Business,1,180.21,10,180.21,35.83,-16.74,Debit Card,Completed,31,4.2
2025-05-23,ORD00395,CUST2973,Laptop,Electronics,Central,Lucknow,Consumer,4,1375.66,10,5502.65,49.94,862.1,Cash on Delivery,Completed,52,4.3
2025-05-23,ORD02853,CUST1074,Air Fryer,Home & Kitchen,West,Mumbai,Consumer,5,281.61,0,1408.05,20.88,286.56,Credit Card,Completed,44,4.1
2025-05-23,ORD03150,CUST3096,Laptop,Electronics,North,Chandigarh,Consumer,3,1049.18,5,3147.54,26.83,609.28,UPI,Completed,43,3.8
2025-05-23,ORD04689,CUST3270,Jeans,Fashion,North,Delhi,Consumer,3,76.96,10,230.88,35.95,-26.94,Credit Card,Completed,34,3.3
2025-05-23,ORD04613,CUST2141,Smartphone,Electronics,East,Bhubaneswar,Consumer,2,919.31,20,1838.61,20.9,125.44,Debit Card,Completed,30,4.2
2025-05-24,ORD04207,CUST3043,Running Shoes,Sports,South,Chennai,Consumer,1,44.42,0,44.42,35.4,-27.58,UPI,Completed,39,4.0
2025-05-24,ORD00699,CUST1982,Laptop,Electronics,South,Chennai,Consumer,5,989.98,10,4949.89,50.89,288.28,UPI,Returned,48,5.0
2025-05-24,ORD01816,CUST2995,Cookware Set,Home & Kitchen,South,Hyderabad,Consumer,2,335.82,10,671.65,33.28,31.4,Debit Card,Completed,38,3.9
2025-05-24,ORD01541,CUST1500,Coffee Maker,Home & Kitchen,South,Hyderabad,Corporate,3,200.32,0,600.95,24.06,85.52,UPI,Completed,38,5.0
2025-05-24,ORD03263,CUST2260,Tablet,Electronics,South,Hyderabad,Corporate,3,320.92,15,962.77,29.49,-34.19,Credit Card,Returned,61,4.1
2025-05-24,ORD04600,CUST1069,Blender,Home & Kitchen,South,Bengaluru,Corporate,5,89.34,20,446.69,25.35,-54.5,PayPal,Completed,45,4.6
2025-05-25,ORD04095,CUST2658,Headphones,Electronics,Central,Bhopal,Small Business,1,828.49,0,828.49,10.15,158.69,Cash on Delivery,Completed,39,4.7
2025-05-25,ORD02870,CUST3291,Smartwatch,Electronics,North,Delhi,Consumer,4,477.52,5,1910.06,51.44,107.85,Debit Card,Completed,23,3.0
2025-05-25,ORD01247,CUST2713,Tablet,Electronics,South,Bengaluru,Small Business,2,269.15,10,538.31,33.15,-29.24,Debit Card,Completed,44,3.9
2025-05-25,ORD04602,CUST1711,Printer,Office Supplies,North,Delhi,Small Business,4,120.34,10,481.34,45.41,-51.85,Credit Card,Completed,63,3.9
2025-05-25,ORD04354,CUST1823,Sneakers,Fashion,South,Chennai,Corporate,2,176.48,0,352.95,17.97,41.52,Credit Card,Completed,33,3.1
2025-05-25,ORD01529,CUST3269,Moisturizer,Beauty,North,Chandigarh,Consumer,3,76.87,0,230.6,30.6,-0.49,Debit Card,Completed,63,3.2
2025-05-25,ORD01736,CUST2564,Coffee Maker,Home & Kitchen,South,Hyderabad,Small Business,5,278.54,10,1392.72,34.77,47.76,Credit Card,Completed,20,3.7
2025-05-25,ORD03464,CUST1652,Sneakers,Fashion,Central,Lucknow,Consumer,4,80.15,0,320.61,42.53,26.78,UPI,Completed,25,5.0
2025-05-25,ORD00368,CUST3116,Coffee Maker,Home & Kitchen,West,Mumbai,Consumer,2,73.69,10,147.39,25.4,-27.22,UPI,Completed,38,4.1
2025-05-25,ORD01509,CUST1581,Smartphone,Electronics,Central,Indore,Corporate,2,1118.12,15,2236.24,36.93,-117.81,Cash on Delivery,Returned,20,3.4
2025-05-26,ORD00997,CUST2408,Air Fryer,Home & Kitchen,East,Guwahati,Corporate,5,285.57,10,1427.86,55.08,-44.93,Debit Card,Completed,62,3.9
2025-05-26,ORD04544,CUST2416,Perfume,Beauty,East,Guwahati,Corporate,3,131.58,10,394.74,43.18,-19.82,PayPal,Completed,20,4.4
2025-05-26,ORD03250,CUST1309,Smartwatch,Electronics,East,Guwahati,Consumer,3,672.13,15,2016.38,15.98,-110.83,Debit Card,Completed,46,3.4
2025-05-26,ORD04473,CUST1586,Lipstick,Beauty,North,Chandigarh,Consumer,3,68.09,0,204.28,22.49,27.65,Credit Card,Completed,18,4.7
2025-05-26,ORD04318,CUST2984,Tablet,Electronics,West,Mumbai,Consumer,1,1137.16,0,1137.16,18.39,186.88,UPI,Completed,24,4.9
2025-05-26,ORD04900,CUST2796,Cookware Set,Home & Kitchen,East,Guwahati,Small Business,4,374.09,10,1496.36,22.74,149.85,UPI,Completed,22,3.6
2025-05-26,ORD00814,CUST1671,Headphones,Electronics,East,Bhubaneswar,Small Business,4,1100.71,5,4402.82,38.38,353.29,Credit Card,Completed,30,3.9
2025-05-26,ORD01372,CUST2350,Dumbbells,Sports,West,Mumbai,Consumer,3,223.28,20,669.83,7.26,15.4,PayPal,Completed,49,4.6
2025-05-27,ORD04764,CUST1798,T-Shirt,Fashion,East,Kolkata,Consumer,3,163.15,10,489.45,23.69,-5.37,Debit Card,Returned,31,4.2
2025-05-27,ORD04163,CUST1081,Smartwatch,Electronics,North,Jaipur,Consumer,5,920.82,15,4604.12,23.81,445.75,Credit Card,Returned,20,3.6
2025-05-27,ORD01620,CUST1329,Blender,Home & Kitchen,Central,Bhopal,Corporate,5,397.29,15,1986.45,43.01,45.92,UPI,Completed,42,2.7
2025-05-27,ORD03197,CUST3019,Office Chair,Office Supplies,West,Mumbai,Small Business,1,296.73,20,296.73,12.02,0.19,PayPal,Completed,24,3.0
2025-05-27,ORD04599,CUST3418,Vacuum Cleaner,Home & Kitchen,West,Pune,Consumer,1,125.91,5,125.91,16.99,-10.08,PayPal,Completed,48,3.7
2025-05-27,ORD01489,CUST2717,Running Shoes,Sports,Central,Lucknow,Corporate,2,185.78,10,371.55,16.2,-22.1,PayPal,Completed,40,3.7
2025-05-27,ORD00749,CUST3177,Smartwatch,Electronics,East,Guwahati,Consumer,2,627.6,10,1255.2,10.99,-3.57,Debit Card,Cancelled,59,5.0
2025-05-27,ORD04543,CUST2738,Laptop,Electronics,Central,Indore,Small Business,2,1049.99,15,2099.98,39.37,223.01,UPI,Cancelled,61,3.8
2025-05-28,ORD03591,CUST2978,Vacuum Cleaner,Home & Kitchen,West,Mumbai,Consumer,2,468.02,5,936.04,34.49,159.76,Credit Card,Completed,26,4.1
2025-05-28,ORD01589,CUST1346,Smartwatch,Electronics,Central,Bhopal,Corporate,3,589.86,0,1769.59,37.13,406.94,Cash on Delivery,Completed,33,4.2
2025-05-28,ORD04027,CUST2427,Coffee Maker,Home & Kitchen,North,Delhi,Consumer,4,314.16,5,1256.64,12.08,54.3,PayPal,Returned,61,4.3
2025-05-28,ORD02753,CUST2066,Vacuum Cleaner,Home & Kitchen,Central,Bhopal,Consumer,1,172.84,0,172.84,13.1,4.26,Cash on Delivery,Completed,41,4.6
2025-05-29,ORD04119,CUST1402,Blender,Home & Kitchen,South,Hyderabad,Small Business,5,55.44,0,277.2,34.35,30.17,UPI,Returned,57,5.0
2025-05-29,ORD01021,CUST1279,Sports Bottle,Sports,East,Kolkata,Corporate,2,108.2,15,216.4,18.51,4.21,UPI,Completed,37,4.5
2025-05-29,ORD01389,CUST1733,Jacket,Fashion,West,Mumbai,Consumer,1,132.2,15,132.2,30.99,-27.1,UPI,Completed,51,3.9
2025-05-29,ORD00441,CUST3240,Blender,Home & Kitchen,North,Delhi,Consumer,1,162.31,10,162.31,23.83,3.26,Credit Card,Completed,51,4.2
2025-05-29,ORD01531,CUST3191,Shampoo,Beauty,Central,Lucknow,Small Business,2,26.62,0,53.24,21.49,-15.84,Debit Card,Completed,52,4.9
2025-05-29,ORD02260,CUST1795,Lipstick,Beauty,South,Chennai,Small Business,4,217.33,10,869.31,30.39,24.1,Cash on Delivery,Completed,18,4.6
2025-05-30,ORD02324,CUST2019,Lipstick,Beauty,West,Pune,Consumer,4,176.2,5,704.8,46.53,-2.54,Debit Card,Completed,48,3.9
2025-05-30,ORD03488,CUST2774,Shampoo,Beauty,South,Bengaluru,Consumer,2,74.01,0,148.03,36.61,-13.11,Credit Card,Cancelled,38,2.8
2025-05-30,ORD00625,CUST1268,T-Shirt,Fashion,Central,Bhopal,Consumer,2,64.6,10,129.21,42.71,-39.72,PayPal,Cancelled,39,4.3
2025-05-30,ORD02295,CUST2666,Backpack,Fashion,South,Hyderabad,Corporate,4,108.2,15,432.81,43.08,-59.71,UPI,Completed,18,3.2
2025-05-30,ORD03551,CUST1948,Sneakers,Fashion,East,Bhubaneswar,Consumer,3,30.9,5,92.71,34.69,-29.83,Debit Card,Returned,58,1.2
2025-05-30,ORD02609,CUST2062,Fitness Band,Sports,South,Hyderabad,Consumer,2,142.77,10,285.54,10.55,31.28,Credit Card,Cancelled,19,2.2
2025-05-31,ORD02981,CUST1303,Air Fryer,Home & Kitchen,North,Delhi,Corporate,4,214.73,10,858.92,40.76,34.14,Cash on Delivery,Completed,22,2.7
2025-05-31,ORD03702,CUST3320,Dumbbells,Sports,North,Delhi,Consumer,2,244.07,0,488.13,12.36,45.92,Credit Card,Completed,64,3.1
2025-05-31,ORD01840,CUST2203,Vacuum Cleaner,Home & Kitchen,South,Bengaluru,Small Business,1,381.38,0,381.38,21.77,48.38,UPI,Completed,32,3.4
2025-05-31,ORD03822,CUST1643,Tablet,Electronics,North,Delhi,Consumer,5,327.74,10,1638.68,24.01,-35.55,Credit Card,Completed,23,4.3
2025-05-31,ORD01440,CUST3430,Headphones,Electronics,South,Bengaluru,Small Business,5,974.87,0,4874.35,36.62,1080.77,Cash on Delivery,Completed,58,4.7
2025-05-31,ORD03052,CUST3495,Laptop,Electronics,Central,Indore,Consumer,3,1390.07,10,4170.2,29.3,465.94,Debit Card,Completed,35,3.5
2025-05-31,ORD01731,CUST3174,Smartwatch,Electronics,West,Mumbai,Consumer,5,1361.37,20,6806.87,17.29,-24.13,Cash on Delivery,Cancelled,64,4.5
2025-05-31,ORD03952,CUST1002,Keyboard,Office Supplies,North,Delhi,Small Business,5,221.19,15,1105.97,16.29,-81.01,UPI,Completed,19,4.7
2025-05-31,ORD01972,CUST2082,Shampoo,Beauty,West,Ahmedabad,Consumer,2,75.78,0,151.57,31.04,-14.89,Debit Card,Cancelled,55,3.2
2025-05-31,ORD04664,CUST1821,Blender,Home & Kitchen,Central,Bhopal,Corporate,3,455.12,20,1365.35,45.2,-128.8,UPI,Completed,51,4.4
2025-06-01,ORD02583,CUST2681,Keyboard,Office Supplies,Central,Lucknow,Small Business,3,89.66,5,268.98,32.48,2.92,Credit Card,Completed,32,4.2
2025-06-01,ORD03171,CUST1823,Coffee Maker,Home & Kitchen,South,Bengaluru,Consumer,5,457.46,0,2287.32,33.49,605.26,UPI,Completed,32,3.6
2025-06-01,ORD03369,CUST3423,Smartphone,Electronics,East,Guwahati,Consumer,5,334.84,20,1674.19,32.75,-231.1,Debit Card,Completed,49,2.5
2025-06-01,ORD01793,CUST2640,Laptop,Electronics,West,Mumbai,Corporate,5,856.03,10,4280.16,30.4,535.78,Credit Card,Completed,47,3.6
2025-06-01,ORD02433,CUST1383,Printer,Office Supplies,South,Chennai,Consumer,5,320.36,0,1601.81,41.6,174.35,UPI,Completed,36,3.2
2025-06-01,ORD04514,CUST3045,Coffee Maker,Home & Kitchen,Central,Bhopal,Consumer,1,261.23,0,261.23,34.57,30.72,PayPal,Returned,55,4.3
2025-06-01,ORD02368,CUST2690,Vacuum Cleaner,Home & Kitchen,Central,Lucknow,Consumer,3,177.4,10,532.2,32.23,-13.88,Debit Card,Completed,34,3.5
2025-06-01,ORD03416,CUST1906,Printer,Office Supplies,South,Chennai,Consumer,5,300.97,5,1504.83,40.98,124.08,UPI,Cancelled,62,2.5
2025-06-01,ORD04201,CUST2057,Coffee Maker,Home & Kitchen,Central,Bhopal,Consumer,4,463.57,5,1854.3,22.27,401.53,Credit Card,Cancelled,29,3.9
2025-06-01,ORD00661,CUST2732,Air Fryer,Home & Kitchen,South,Chennai,Corporate,2,190.93,10,381.86,14.61,38.13,Credit Card,Completed,21,3.8
2025-06-02,ORD04393,CUST1282,Keyboard,Office Supplies,West,Pune,Consumer,5,216.02,15,1080.12,31.39,-15.54,Cash on Delivery,Completed,53,5.0
2025-06-02,ORD01035,CUST2935,Printer,Office Supplies,East,Bhubaneswar,Consumer,5,204.6,10,1022.99,39.61,16.51,PayPal,Completed,44,3.2
2025-06-02,ORD04697,CUST3027,Keyboard,Office Supplies,Central,Lucknow,Consumer,2,132.13,15,264.27,23.61,-15.5,Cash on Delivery,Completed,39,5.0
2025-06-02,ORD02994,CUST1311,Keyboard,Office Supplies,North,Jaipur,Corporate,1,385.39,10,385.39,29.86,35.68,Credit Card,Returned,23,4.7
2025-06-02,ORD03683,CUST2917,Perfume,Beauty,Central,Bhopal,Corporate,5,71.86,15,359.28,22.54,-4.68,PayPal,Completed,44,3.2
2025-06-02,ORD02243,CUST2705,Tablet,Electronics,Central,Indore,Corporate,3,1094.09,15,3282.28,21.9,-32.36,Credit Card,Completed,64,5.0
2025-06-02,ORD02655,CUST3407,Cookware Set,Home & Kitchen,North,Jaipur,Consumer,4,189.51,5,758.05,35.79,80.69,Debit Card,Completed,19,3.4
2025-06-03,ORD04368,CUST1507,Jacket,Fashion,East,Guwahati,Consumer,1,77.81,15,77.81,29.5,-32.75,PayPal,Completed,19,4.4
2025-06-03,ORD03622,CUST1069,Jacket,Fashion,East,Guwahati,Consumer,5,98.26,10,491.32,38.17,3.0,PayPal,Completed,64,2.3
2025-06-03,ORD02216,CUST2322,Jacket,Fashion,South,Chennai,Corporate,1,90.57,5,90.57,15.79,-0.4,UPI,Completed,40,4.3
2025-06-03,ORD04337,CUST1146,Smartphone,Electronics,South,Chennai,Corporate,3,917.45,15,2752.36,33.47,100.23,Debit Card,Completed,58,4.7
2025-06-03,ORD03875,CUST1870,Tablet,Electronics,East,Kolkata,Consumer,3,807.58,5,2422.74,39.83,61.71,Credit Card,Returned,55,3.4
2025-06-03,ORD00316,CUST2367,Cookware Set,Home & Kitchen,North,Chandigarh,Small Business,5,383.86,20,1919.28,35.62,-121.52,Cash on Delivery,Completed,27,4.2
2025-06-03,ORD00328,CUST2348,Moisturizer,Beauty,East,Bhubaneswar,Consumer,3,27.28,20,81.85,25.51,-28.99,Credit Card,Completed,60,4.0
2025-06-03,ORD04350,CUST2880,Printer,Office Supplies,South,Chennai,Consumer,1,54.34,5,54.34,18.4,-15.27,Cash on Delivery,Completed,53,2.8
2025-06-03,ORD04520,CUST1515,Smartphone,Electronics,East,Bhubaneswar,Consumer,4,1326.01,15,5304.05,28.0,326.62,PayPal,Returned,26,3.6
2025-06-03,ORD02885,CUST2455,Face Serum,Beauty,West,Ahmedabad,Consumer,2,183.06,5,366.12,41.39,-16.01,Debit Card,Completed,29,5.0
2025-06-03,ORD00701,CUST2466,Sneakers,Fashion,Central,Bhopal,Consumer,4,61.58,20,246.31,42.1,-47.78,Credit Card,Completed,50,3.7
2025-06-04,ORD00731,CUST2094,Tablet,Electronics,Central,Lucknow,Consumer,4,1217.99,5,4871.94,33.86,1027.13,Credit Card,Completed,39,4.0
2025-06-04,ORD02685,CUST2845,Sneakers,Fashion,North,Chandigarh,Consumer,5,173.8,5,868.98,52.12,100.57,Cash on Delivery,Completed,60,2.6
2025-06-04,ORD03033,CUST1212,Tablet,Electronics,West,Mumbai,Corporate,2,610.48,5,1220.96,14.93,245.26,PayPal,Completed,32,2.0
2025-06-04,ORD04905,CUST2110,Tablet,Electronics,East,Bhubaneswar,Consumer,3,457.9,0,1373.7,35.64,319.4,UPI,Completed,64,3.1
2025-06-04,ORD02004,CUST1735,Moisturizer,Beauty,North,Delhi,Consumer,5,127.65,10,638.23,42.02,40.62,PayPal,Completed,45,5.0
2025-06-04,ORD03455,CUST3237,Running Shoes,Sports,South,Hyderabad,Corporate,3,63.21,15,189.64,26.16,-17.23,UPI,Completed,21,4.5
2025-06-05,ORD01056,CUST2720,Jacket,Fashion,South,Bengaluru,Small Business,3,56.96,5,170.88,39.07,-19.82,PayPal,Completed,39,4.7
2025-06-05,ORD01367,CUST1267,Air Fryer,Home & Kitchen,South,Hyderabad,Small Business,3,252.72,5,758.15,8.26,125.3,UPI,Returned,23,5.0
2025-06-05,ORD02186,CUST2622,Sneakers,Fashion,East,Kolkata,Consumer,5,215.2,10,1075.99,29.88,54.46,Debit Card,Completed,62,4.5
2025-06-05,ORD02408,CUST2685,Keyboard,Office Supplies,North,Delhi,Corporate,5,411.26,15,2056.3,24.95,179.19,Cash on Delivery,Completed,36,5.0
2025-06-05,ORD00249,CUST2419,Shampoo,Beauty,Central,Lucknow,Small Business,4,204.35,5,817.41,23.32,40.81,UPI,Completed,42,2.8
2025-06-05,ORD04254,CUST1649,T-Shirt,Fashion,South,Chennai,Small Business,5,94.12,15,470.6,18.68,18.54,Credit Card,Completed,34,4.0
2025-06-05,ORD04572,CUST1382,Blender,Home & Kitchen,North,Chandigarh,Corporate,3,44.24,10,132.72,10.81,-0.03,Credit Card,Completed,25,3.6
2025-06-05,ORD02218,CUST1749,Keyboard,Office Supplies,North,Jaipur,Corporate,3,21.26,10,63.78,35.89,-31.79,PayPal,Completed,28,4.6
2025-06-06,ORD04763,CUST2290,Vacuum Cleaner,Home & Kitchen,West,Mumbai,Consumer,5,90.84,5,454.19,51.6,-20.36,PayPal,Completed,52,4.3
2025-06-06,ORD03365,CUST1743,Office Chair,Office Supplies,South,Bengaluru,Corporate,2,141.01,5,282.02,14.85,14.0,Debit Card,Completed,39,3.7
2025-06-06,ORD01957,CUST2639,Tablet,Electronics,South,Hyderabad,Corporate,2,536.45,0,1072.9,24.13,206.82,Cash on Delivery,Completed,61,2.4
2025-06-06,ORD02754,CUST2632,Running Shoes,Sports,South,Chennai,Small Business,5,279.16,10,1395.82,41.15,-37.86,Credit Card,Completed,45,5.0
2025-06-06,ORD01764,CUST2642,Notebook,Office Supplies,West,Mumbai,Small Business,3,436.42,10,1309.27,33.85,135.47,UPI,Completed,22,5.0
2025-06-06,ORD00203,CUST2461,Jeans,Fashion,Central,Bhopal,Consumer,5,33.08,10,165.41,35.8,-24.08,Credit Card,Completed,64,4.9
2025-06-06,ORD00043,CUST1745,Sports Bottle,Sports,Central,Indore,Consumer,5,264.17,0,1320.84,48.9,242.72,UPI,Completed,22,4.9
2025-06-06,ORD04822,CUST1113,Headphones,Electronics,North,Jaipur,Corporate,3,1351.47,5,4054.41,32.68,858.19,Cash on Delivery,Returned,47,4.3
2025-06-06,ORD02801,CUST1239,Perfume,Beauty,South,Chennai,Corporate,3,205.63,10,616.88,24.59,14.8,PayPal,Completed,31,3.2
2025-06-06,ORD01188,CUST2652,Sports Bottle,Sports,East,Kolkata,Consumer,1,138.44,15,138.44,29.7,-24.79,Debit Card,Cancelled,50,5.0
2025-06-07,ORD03605,CUST2578,Air Fryer,Home & Kitchen,North,Delhi,Corporate,1,471.79,0,471.79,16.16,62.39,PayPal,Completed,27,3.4
2025-06-07,ORD01122,CUST3264,Jacket,Fashion,North,Jaipur,Consumer,1,208.61,5,208.61,29.0,11.35,UPI,Completed,39,3.2
2025-06-07,ORD03087,CUST2050,Smartphone,Electronics,South,Bengaluru,Corporate,1,368.52,15,368.52,15.41,-9.25,UPI,Completed,28,2.9
2025-06-07,ORD03199,CUST3301,Fitness Band,Sports,North,Jaipur,Consumer,2,310.4,5,620.81,17.47,6.17,PayPal,Completed,18,4.1
2025-06-07,ORD01406,CUST3193,Backpack,Fashion,South,Bengaluru,Small Business,4,96.73,10,386.91,38.2,-42.03,Credit Card,Cancelled,52,3.8
2025-06-07,ORD02668,CUST3045,Blender,Home & Kitchen,South,Hyderabad,Corporate,2,155.66,5,311.31,38.56,-17.12,Debit Card,Completed,41,3.3
2025-06-07,ORD02475,CUST1348,Face Serum,Beauty,Central,Lucknow,Small Business,3,114.45,10,343.35,19.5,-1.01,Credit Card,Completed,25,3.4
2025-06-07,ORD04305,CUST2490,Office Chair,Office Supplies,South,Chennai,Consumer,3,262.88,0,788.65,10.38,74.39,Debit Card,Completed,44,3.8
2025-06-08,ORD01362,CUST1173,Laptop,Electronics,West,Ahmedabad,Corporate,4,984.01,0,3936.06,22.67,682.31,Cash on Delivery,Completed,56,2.9
2025-06-08,ORD03194,CUST1173,Jacket,Fashion,Central,Indore,Corporate,4,145.68,15,582.72,21.5,29.78,Credit Card,Completed,52,5.0
2025-06-08,ORD01186,CUST3003,Face Serum,Beauty,Central,Lucknow,Corporate,1,103.39,10,103.39,6.94,8.99,Credit Card,Completed,57,5.0
2025-06-08,ORD01283,CUST2424,Shampoo,Beauty,West,Mumbai,Consumer,2,183.64,10,367.28,34.39,-27.19,PayPal,Completed,31,5.0
2025-06-08,ORD00019,CUST3326,Yoga Mat,Sports,East,Kolkata,Consumer,5,145.91,5,729.53,54.95,29.53,Debit Card,Completed,37,3.6
2025-06-08,ORD03384,CUST3178,Backpack,Fashion,South,Chennai,Consumer,3,227.64,0,682.91,32.89,68.31,UPI,Completed,21,3.5
2025-06-08,ORD00171,CUST3440,Laptop,Electronics,Central,Lucknow,Consumer,2,480.86,10,961.71,11.74,-6.67,UPI,Completed,29,5.0
2025-06-08,ORD00269,CUST1887,Desk Lamp,Office Supplies,East,Guwahati,Consumer,2,65.11,10,130.22,11.05,8.99,PayPal,Completed,43,3.6
2025-06-08,ORD03558,CUST2994,Desk Lamp,Office Supplies,Central,Indore,Consumer,2,350.03,10,700.05,32.44,80.11,PayPal,Completed,35,3.7
2025-06-08,ORD01841,CUST1726,Running Shoes,Sports,Central,Indore,Consumer,3,58.43,0,175.29,25.88,18.2,UPI,Completed,25,3.2
2025-06-08,ORD01661,CUST1156,Headphones,Electronics,Central,Indore,Consumer,5,609.79,15,3048.97,38.43,-43.41,Credit Card,Completed,40,5.0
2025-06-08,ORD03671,CUST1516,Sports Bottle,Sports,South,Bengaluru,Corporate,1,79.37,5,79.37,12.7,0.23,Credit Card,Returned,35,3.6
2025-06-09,ORD02623,CUST1876,Tablet,Electronics,South,Hyderabad,Corporate,2,810.76,15,1621.51,37.59,-76.81,PayPal,Cancelled,23,2.7
2025-06-09,ORD00049,CUST2182,Sneakers,Fashion,South,Hyderabad,Corporate,5,46.51,0,232.57,33.01,15.57,UPI,Returned,60,5.0
2025-06-09,ORD02212,CUST2430,Smartwatch,Electronics,South,Chennai,Small Business,4,592.05,0,2368.18,47.22,374.7,Credit Card,Returned,38,3.4
2025-06-09,ORD01899,CUST2968,Running Shoes,Sports,North,Jaipur,Consumer,3,143.35,15,430.05,45.93,-24.51,PayPal,Completed,41,3.2
2025-06-10,ORD02514,CUST1794,Smartphone,Electronics,North,Chandigarh,Corporate,5,1061.13,0,5305.64,34.08,1006.91,Cash on Delivery,Completed,34,4.7
2025-06-10,ORD04703,CUST1902,Office Chair,Office Supplies,North,Chandigarh,Corporate,2,89.2,0,178.39,12.77,3.91,UPI,Completed,61,3.8
2025-06-10,ORD04426,CUST3283,Yoga Mat,Sports,West,Ahmedabad,Corporate,2,147.39,0,294.79,14.52,41.46,Credit Card,Returned,57,5.0
2025-06-10,ORD00198,CUST2579,Shampoo,Beauty,South,Bengaluru,Small Business,5,144.91,10,724.55,31.65,34.51,Cash on Delivery,Completed,62,3.6
2025-06-10,ORD04285,CUST2744,Jacket,Fashion,East,Kolkata,Consumer,4,49.51,5,198.02,14.45,11.75,Credit Card,Cancelled,41,4.8
2025-06-10,ORD02749,CUST1818,Headphones,Electronics,East,Bhubaneswar,Consumer,3,1199.36,15,3598.08,17.45,38.59,UPI,Completed,21,3.8
2025-06-11,ORD02114,CUST1046,Dumbbells,Sports,West,Pune,Small Business,2,46.98,10,93.95,32.97,-33.04,Credit Card,Completed,56,4.4
2025-06-11,ORD04334,CUST2635,Moisturizer,Beauty,South,Bengaluru,Consumer,5,181.32,5,906.59,39.8,138.59,UPI,Completed,46,4.3
2025-06-11,ORD03976,CUST1494,Jacket,Fashion,West,Mumbai,Corporate,3,240.09,15,720.26,16.13,23.61,Credit Card,Returned,34,4.4
2025-06-11,ORD00230,CUST1491,Air Fryer,Home & Kitchen,Central,Indore,Small Business,3,96.97,10,290.91,19.96,-11.41,Credit Card,Completed,18,3.7
2025-06-11,ORD04159,CUST1572,Desk Lamp,Office Supplies,South,Chennai,Consumer,4,187.33,20,749.34,33.06,-66.23,Credit Card,Completed,64,5.0
2025-06-11,ORD03347,CUST2203,Desk Lamp,Office Supplies,East,Guwahati,Corporate,4,408.79,15,1635.17,16.56,2.1,Debit Card,Completed,47,4.8
2025-06-11,ORD01096,CUST1037,Air Fryer,Home & Kitchen,South,Hyderabad,Consumer,2,194.62,5,389.24,18.21,10.2,Debit Card,Cancelled,64,2.9
2025-06-11,ORD02930,CUST1858,Smartphone,Electronics,West,Mumbai,Consumer,5,595.5,15,2977.49,19.25,229.66,UPI,Completed,60,4.0
2025-06-11,ORD04772,CUST2194,Laptop,Electronics,South,Bengaluru,Corporate,1,641.02,20,641.02,26.58,-60.69,UPI,Returned,26,3.9
2025-06-11,ORD01944,CUST2411,Headphones,Electronics,East,Guwahati,Consumer,4,1290.04,15,5160.17,28.85,583.61,Debit Card,Completed,34,2.7
2025-06-12,ORD00373,CUST1433,Smartwatch,Electronics,East,Bhubaneswar,Consumer,2,1077.92,0,2155.84,23.24,433.55,Credit Card,Completed,46,3.7
2025-06-12,ORD02661,CUST3379,Smartwatch,Electronics,North,Jaipur,Corporate,3,1301.57,10,3904.71,23.47,9.97,Cash on Delivery,Completed,31,4.1
2025-06-12,ORD03675,CUST2976,Running Shoes,Sports,East,Guwahati,Consumer,4,46.82,10,187.29,41.41,-37.54,Debit Card,Completed,58,3.9
2025-06-12,ORD04603,CUST3044,Air Fryer,Home & Kitchen,South,Hyderabad,Corporate,1,340.08,0,340.08,33.6,42.67,PayPal,Completed,25,4.6
2025-06-12,ORD01497,CUST2947,Desk Lamp,Office Supplies,South,Bengaluru,Corporate,4,149.31,0,597.25,22.12,113.62,UPI,Completed,50,3.5
2025-06-12,ORD01390,CUST1136,Jacket,Fashion,North,Chandigarh,Consumer,1,226.8,15,226.8,35.71,-9.31,Debit Card,Completed,60,4.3
2025-06-12,ORD02949,CUST2300,Lipstick,Beauty,West,Ahmedabad,Consumer,4,161.22,10,644.88,14.79,68.82,Cash on Delivery,Completed,58,3.7
2025-06-12,ORD02109,CUST3095,Moisturizer,Beauty,Central,Lucknow,Consumer,4,46.91,10,187.63,28.12,-25.69,Debit Card,Completed,56,4.0
2025-06-12,ORD00682,CUST3187,Keyboard,Office Supplies,Central,Lucknow,Small Business,3,293.74,10,881.21,19.98,1.55,Credit Card,Completed,21,2.1
2025-06-12,ORD03098,CUST1882,Yoga Mat,Sports,North,Delhi,Consumer,2,155.54,10,311.07,23.75,14.47,PayPal,Returned,45,3.8
2025-06-12,ORD02918,CUST1381,Notebook,Office Supplies,West,Pune,Small Business,5,413.63,5,2068.14,25.45,383.42,Debit Card,Cancelled,19,5.0
2025-06-12,ORD04845,CUST2747,Coffee Maker,Home & Kitchen,North,Delhi,Consumer,5,468.02,20,2340.12,51.0,-294.82,PayPal,Completed,33,2.8
2025-06-12,ORD02200,CUST3169,Backpack,Fashion,Central,Bhopal,Consumer,1,58.8,10,58.8,27.54,-28.67,UPI,Completed,44,4.6
2025-06-12,ORD02566,CUST2762,Air Fryer,Home & Kitchen,East,Kolkata,Corporate,5,48.11,0,240.54,42.02,10.2,PayPal,Completed,27,4.6
2025-06-13,ORD03373,CUST2923,Sports Bottle,Sports,Central,Lucknow,Consumer,3,307.85,10,923.56,28.71,74.49,Credit Card,Completed,61,3.8
2025-06-13,ORD03060,CUST2201,Office Chair,Office Supplies,North,Chandigarh,Consumer,3,339.44,0,1018.32,34.32,241.63,UPI,Completed,22,3.4
2025-06-13,ORD01602,CUST2767,Blender,Home & Kitchen,Central,Indore,Consumer,3,146.85,10,440.56,26.08,27.26,Debit Card,Completed,50,3.6
2025-06-13,ORD00934,CUST1380,Notebook,Office Supplies,Central,Indore,Consumer,4,344.96,15,1379.83,38.63,-124.46,UPI,Completed,56,4.4
2025-06-13,ORD02680,CUST2908,Moisturizer,Beauty,North,Chandigarh,Corporate,1,63.09,10,63.09,29.64,-29.95,PayPal,Returned,50,4.1
2025-06-13,ORD04415,CUST1760,Notebook,Office Supplies,South,Hyderabad,Corporate,3,182.92,15,548.76,19.45,-41.11,Credit Card,Returned,53,4.0
2025-06-13,ORD04041,CUST1146,Jeans,Fashion,West,Ahmedabad,Consumer,1,23.55,15,23.55,13.77,-14.16,Debit Card,Completed,25,5.0
2025-06-13,ORD00906,CUST2682,Fitness Band,Sports,South,Hyderabad,Consumer,2,26.39,5,52.78,20.66,-9.58,UPI,Completed,45,4.7
2025-06-13,ORD00581,CUST2211,Tablet,Electronics,West,Pune,Small Business,5,469.48,0,2347.38,50.79,446.57,PayPal,Completed,51,3.4
2025-06-13,ORD03511,CUST1752,Backpack,Fashion,West,Pune,Consumer,5,112.55,20,562.74,24.39,-20.08,PayPal,Completed,55,4.1
2025-06-13,ORD04315,CUST1476,Keyboard,Office Supplies,South,Chennai,Corporate,1,331.35,10,331.35,18.78,24.29,UPI,Completed,37,4.8
2025-06-13,ORD03496,CUST2726,Vacuum Cleaner,Home & Kitchen,South,Hyderabad,Corporate,4,326.12,0,1304.49,17.34,238.99,UPI,Completed,60,4.2
2025-06-15,ORD02239,CUST2019,Blender,Home & Kitchen,West,Mumbai,Consumer,3,390.2,5,1170.6,38.98,86.44,Cash on Delivery,Completed,64,4.3
2025-06-15,ORD00431,CUST2512,T-Shirt,Fashion,West,Pune,Corporate,5,156.14,0,780.7,32.59,42.31,Debit Card,Completed,26,5.0
2025-06-15,ORD04771,CUST2290,Backpack,Fashion,Central,Bhopal,Small Business,2,91.09,5,182.18,38.79,-14.88,UPI,Completed,51,3.2
2025-06-15,ORD03207,CUST1671,Perfume,Beauty,West,Pune,Corporate,1,126.78,10,126.78,35.17,-36.76,PayPal,Completed,18,3.9
2025-06-15,ORD01937,CUST3237,Sports Bottle,Sports,East,Guwahati,Consumer,3,32.64,20,97.91,30.4,-37.26,Credit Card,Completed,24,4.1
2025-06-15,ORD03780,CUST2526,Moisturizer,Beauty,East,Guwahati,Corporate,5,198.71,10,993.55,37.65,75.02,UPI,Completed,39,2.9
2025-06-15,ORD03810,CUST1349,Sports Bottle,Sports,Central,Indore,Consumer,2,27.53,0,55.06,29.81,-18.89,UPI,Completed,54,3.3
2025-06-15,ORD03853,CUST2370,Smartphone,Electronics,South,Chennai,Consumer,5,1291.37,15,6456.84,33.0,236.04,UPI,Completed,64,3.6
2025-06-15,ORD04654,CUST2355,Tablet,Electronics,Central,Bhopal,Small Business,3,752.37,10,2257.11,43.87,83.74,Credit Card,Completed,28,4.7
2025-06-15,ORD00023,CUST3094,Office Chair,Office Supplies,South,Bengaluru,Consumer,1,402.1,10,402.1,36.07,0.43,Debit Card,Cancelled,20,3.9
2025-06-16,ORD00534,CUST2083,Desk Lamp,Office Supplies,South,Hyderabad,Consumer,4,421.64,20,1686.56,25.98,-104.14,UPI,Returned,18,4.0
2025-06-16,ORD03770,CUST2318,Yoga Mat,Sports,Central,Bhopal,Consumer,5,156.18,0,780.91,24.7,82.94,UPI,Returned,58,3.7
2025-06-16,ORD00128,CUST1234,Moisturizer,Beauty,West,Ahmedabad,Corporate,5,40.77,0,203.87,39.19,0.73,PayPal,Completed,61,4.5
2025-06-16,ORD02278,CUST3342,Shampoo,Beauty,South,Bengaluru,Small Business,1,51.82,5,51.82,8.48,2.31,UPI,Completed,50,4.3
2025-06-16,ORD04974,CUST2082,Laptop,Electronics,South,Chennai,Corporate,1,655.75,5,655.75,17.34,91.29,UPI,Completed,57,4.1
2025-06-16,ORD04919,CUST3392,Smartphone,Electronics,Central,Bhopal,Consumer,3,616.45,5,1849.35,20.93,165.65,Credit Card,Completed,46,4.6
2025-06-16,ORD03703,CUST3478,Vacuum Cleaner,Home & Kitchen,Central,Indore,Consumer,4,449.81,10,1799.24,27.53,248.08,Debit Card,Completed,36,4.4
2025-06-16,ORD03951,CUST2902,Vacuum Cleaner,Home & Kitchen,East,Guwahati,Consumer,5,243.09,0,1215.46,41.06,85.93,UPI,Completed,41,5.0
2025-06-17,ORD00623,CUST3445,T-Shirt,Fashion,East,Kolkata,Small Business,5,65.88,15,329.38,32.73,-22.63,UPI,Completed,21,4.4
2025-06-17,ORD02960,CUST1593,Jeans,Fashion,South,Bengaluru,Corporate,5,29.64,10,148.22,41.83,-31.7,Debit Card,Completed,19,4.4
2025-06-17,ORD01054,CUST2497,Dumbbells,Sports,West,Mumbai,Consumer,2,239.04,5,478.09,31.46,15.43,Cash on Delivery,Completed,62,2.6
2025-06-17,ORD04765,CUST2850,Smartphone,Electronics,East,Bhubaneswar,Corporate,5,721.48,20,3607.41,51.95,-105.7,UPI,Completed,20,4.5
2025-06-17,ORD03020,CUST2499,Backpack,Fashion,East,Kolkata,Small Business,2,33.68,5,67.35,8.21,0.62,Credit Card,Completed,34,3.3
2025-06-17,ORD01782,CUST3082,Running Shoes,Sports,West,Mumbai,Small Business,1,339.36,10,339.36,31.76,-12.95,UPI,Completed,40,3.6
2025-06-17,ORD02394,CUST1156,Tablet,Electronics,West,Pune,Consumer,5,1349.15,0,6745.76,31.72,1680.97,Cash on Delivery,Completed,42,4.0
2025-06-17,ORD01685,CUST1502,Lipstick,Beauty,East,Bhubaneswar,Consumer,4,147.77,15,591.09,31.85,2.91,Debit Card,Completed,45,3.7
2025-06-17,ORD02017,CUST1340,Tablet,Electronics,West,Pune,Consumer,3,814.07,10,2442.21,13.85,192.59,Debit Card,Completed,28,5.0
2025-06-18,ORD01830,CUST1281,Tablet,Electronics,Central,Indore,Consumer,3,1215.46,15,3646.39,39.31,-83.99,PayPal,Completed,60,3.8
2025-06-18,ORD03949,CUST3005,Running Shoes,Sports,North,Chandigarh,Small Business,4,336.2,0,1344.78,28.37,300.71,UPI,Completed,46,3.7
2025-06-18,ORD04577,CUST1690,Jacket,Fashion,East,Bhubaneswar,Consumer,5,173.66,0,868.29,33.6,39.71,PayPal,Cancelled,37,5.0
2025-06-18,ORD02546,CUST1764,Yoga Mat,Sports,East,Guwahati,Consumer,4,187.75,10,751.01,28.38,-6.76,PayPal,Completed,25,4.4
2025-06-18,ORD01486,CUST1013,Notebook,Office Supplies,South,Chennai,Small Business,2,329.22,0,658.44,32.0,126.71,PayPal,Cancelled,32,4.7
2025-06-19,ORD04748,CUST3144,Face Serum,Beauty,Central,Lucknow,Consumer,4,191.81,15,767.25,35.91,-86.88,Cash on Delivery,Completed,40,4.6
2025-06-19,ORD03873,CUST1937,Jacket,Fashion,South,Hyderabad,Consumer,4,243.54,5,974.16,19.52,135.49,Credit Card,Completed,37,4.6
2025-06-19,ORD01328,CUST3244,Perfume,Beauty,Central,Bhopal,Consumer,3,171.22,5,513.66,19.93,12.87,PayPal,Completed,64,4.0
2025-06-19,ORD01823,CUST1606,Backpack,Fashion,West,Ahmedabad,Consumer,4,45.88,15,183.52,34.9,-21.02,Debit Card,Returned,48,4.9
2025-06-19,ORD02796,CUST2512,Jeans,Fashion,South,Bengaluru,Corporate,3,201.29,5,603.88,41.01,62.22,Credit Card,Completed,33,3.1
2025-06-20,ORD03214,CUST2037,Coffee Maker,Home & Kitchen,North,Delhi,Corporate,4,343.92,15,1375.69,38.0,45.58,Debit Card,Cancelled,21,4.8
2025-06-20,ORD02145,CUST3468,Vacuum Cleaner,Home & Kitchen,South,Hyderabad,Corporate,3,428.85,5,1286.55,15.3,151.02,UPI,Returned,56,4.0
2025-06-20,ORD04595,CUST1527,Desk Lamp,Office Supplies,West,Ahmedabad,Corporate,2,48.93,5,97.87,9.82,6.74,Debit Card,Completed,59,4.9
2025-06-20,ORD04122,CUST2764,Desk Lamp,Office Supplies,Central,Bhopal,Consumer,3,177.92,10,533.75,15.53,70.12,UPI,Completed,21,4.9
2025-06-20,ORD03971,CUST1639,Shampoo,Beauty,Central,Indore,Consumer,3,75.61,10,226.84,25.88,-1.16,Cash on Delivery,Completed,45,4.4
2025-06-20,ORD00729,CUST2452,Printer,Office Supplies,West,Ahmedabad,Consumer,1,47.35,5,47.35,30.82,-24.1,Debit Card,Completed,33,4.3
2025-06-20,ORD02121,CUST1074,Face Serum,Beauty,Central,Bhopal,Consumer,2,60.53,15,121.06,30.31,-19.24,UPI,Completed,35,4.2
2025-06-20,ORD02506,CUST1162,Vacuum Cleaner,Home & Kitchen,South,Hyderabad,Small Business,1,339.18,10,339.18,27.69,14.67,PayPal,Completed,39,3.3
2025-06-20,ORD00520,CUST2475,Vacuum Cleaner,Home & Kitchen,West,Mumbai,Small Business,3,111.71,5,335.14,19.22,34.75,PayPal,Completed,31,2.9
2025-06-20,ORD01281,CUST2601,Perfume,Beauty,West,Ahmedabad,Consumer,3,180.28,0,540.83,22.7,50.89,Credit Card,Completed,57,5.0
2025-06-20,ORD00237,CUST2141,Yoga Mat,Sports,South,Chennai,Corporate,3,330.82,15,992.47,41.9,-32.96,UPI,Completed,37,4.5
2025-06-21,ORD04449,CUST2801,Vacuum Cleaner,Home & Kitchen,North,Chandigarh,Corporate,1,457.13,5,457.13,25.31,41.85,Credit Card,Completed,45,3.4
2025-06-21,ORD02956,CUST2757,Blender,Home & Kitchen,Central,Lucknow,Consumer,1,336.21,20,336.21,14.56,-7.56,Credit Card,Completed,27,4.4
2025-06-21,ORD01053,CUST2284,Printer,Office Supplies,Central,Indore,Small Business,1,238.91,10,238.91,33.38,-35.52,Cash on Delivery,Completed,32,5.0
2025-06-21,ORD02740,CUST3131,Sports Bottle,Sports,North,Jaipur,Consumer,1,133.52,15,133.52,22.83,-6.12,Cash on Delivery,Returned,27,5.0
2025-06-21,ORD02741,CUST1329,Keyboard,Office Supplies,North,Jaipur,Consumer,1,198.99,10,198.99,14.67,-16.53,UPI,Completed,18,3.2
2025-06-21,ORD00649,CUST2051,Notebook,Office Supplies,Central,Indore,Small Business,4,331.44,0,1325.76,32.06,320.02,Cash on Delivery,Cancelled,62,4.9
2025-06-21,ORD03651,CUST1680,Yoga Mat,Sports,East,Bhubaneswar,Corporate,2,161.56,0,323.13,6.92,77.18,Cash on Delivery,Completed,23,3.6
2025-06-21,ORD02356,CUST2611,Fitness Band,Sports,South,Hyderabad,Consumer,2,285.33,5,570.65,19.23,61.93,UPI,Completed,22,3.8
2025-06-22,ORD01552,CUST3146,Lipstick,Beauty,East,Bhubaneswar,Corporate,3,158.34,5,475.01,17.95,46.12,Debit Card,Completed,36,3.9
2025-06-22,ORD04455,CUST1473,Jeans,Fashion,North,Delhi,Small Business,3,222.71,15,668.13,48.75,-88.07,Debit Card,Completed,64,4.6
2025-06-22,ORD03094,CUST3430,Office Chair,Office Supplies,North,Jaipur,Corporate,3,221.29,15,663.87,23.8,32.64,UPI,Completed,58,5.0
2025-06-22,ORD01534,CUST2807,Sneakers,Fashion,West,Ahmedabad,Corporate,4,162.1,5,648.38,22.71,8.75,UPI,Completed,50,3.3
2025-06-22,ORD01698,CUST3389,Office Chair,Office Supplies,West,Pune,Consumer,1,119.18,15,119.18,19.92,-14.16,UPI,Completed,54,2.7
2025-06-22,ORD00817,CUST1839,Smartphone,Electronics,South,Chennai,Small Business,5,1145.2,15,5726.0,33.54,-160.14,UPI,Completed,24,4.5
2025-06-22,ORD00512,CUST2711,Air Fryer,Home & Kitchen,East,Bhubaneswar,Consumer,5,123.18,10,615.88,41.62,33.78,UPI,Completed,26,3.0
2025-06-22,ORD01728,CUST2775,Smartwatch,Electronics,North,Jaipur,Corporate,1,754.68,5,754.68,24.36,90.48,UPI,Completed,53,4.6
2025-06-23,ORD01061,CUST2726,Vacuum Cleaner,Home & Kitchen,South,Bengaluru,Consumer,2,342.91,0,685.83,8.63,160.89,PayPal,Completed,40,4.7
2025-06-23,ORD03573,CUST2840,Cookware Set,Home & Kitchen,South,Chennai,Consumer,1,122.57,5,122.57,15.31,5.11,Credit Card,Returned,60,4.4
2025-06-23,ORD00113,CUST1770,T-Shirt,Fashion,North,Jaipur,Consumer,2,114.92,10,229.83,22.18,-21.46,Cash on Delivery,Completed,33,4.3
2025-06-23,ORD04226,CUST3382,Blender,Home & Kitchen,East,Kolkata,Corporate,4,88.8,0,355.22,15.9,48.1,Credit Card,Completed,18,3.6
2025-06-23,ORD04967,CUST3053,Backpack,Fashion,North,Delhi,Small Business,2,91.09,15,182.18,36.65,-35.66,UPI,Completed,28,2.5
2025-06-23,ORD04269,CUST3364,T-Shirt,Fashion,East,Kolkata,Corporate,5,175.88,5,879.4,38.63,140.18,Debit Card,Completed,62,5.0
2025-06-23,ORD00550,CUST1269,Printer,Office Supplies,East,Bhubaneswar,Corporate,3,283.63,0,850.88,30.62,54.59,Credit Card,Completed,42,3.5
2025-06-23,ORD03377,CUST3172,Fitness Band,Sports,East,Kolkata,Small Business,2,245.11,15,490.22,30.57,22.59,UPI,Completed,52,5.0
2025-06-23,ORD01297,CUST3486,Headphones,Electronics,South,Bengaluru,Consumer,1,220.92,5,220.92,28.43,13.27,Debit Card,Completed,49,2.8
2025-06-23,ORD00720,CUST1810,Air Fryer,Home & Kitchen,West,Mumbai,Consumer,5,274.97,15,1374.86,37.6,-2.39,PayPal,Completed,52,4.3
2025-06-23,ORD04489,CUST3375,Perfume,Beauty,West,Pune,Consumer,5,212.96,0,1064.8,23.81,128.55,UPI,Completed,36,4.0
2025-06-23,ORD00527,CUST1329,Headphones,Electronics,Central,Lucknow,Consumer,3,328.2,15,984.59,40.18,-74.93,Cash on Delivery,Completed,41,4.9
2025-06-23,ORD03928,CUST3418,Sneakers,Fashion,South,Chennai,Consumer,4,239.33,5,957.33,34.19,80.89,UPI,Returned,24,4.4
2025-06-23,ORD01220,CUST1601,Office Chair,Office Supplies,West,Mumbai,Corporate,2,170.2,5,340.4,6.65,35.85,UPI,Completed,24,4.7
2025-06-23,ORD04382,CUST2955,T-Shirt,Fashion,East,Kolkata,Consumer,2,194.37,10,388.74,8.89,58.28,UPI,Returned,51,2.8
2025-06-24,ORD01205,CUST2535,Tablet,Electronics,Central,Bhopal,Corporate,1,531.58,10,531.58,37.13,34.61,PayPal,Returned,35,5.0
2025-06-24,ORD00738,CUST1738,Face Serum,Beauty,South,Chennai,Corporate,2,153.12,15,306.23,19.28,-27.59,Debit Card,Returned,33,4.3
2025-06-24,ORD02520,CUST2550,Yoga Mat,Sports,East,Bhubaneswar,Consumer,4,324.11,10,1296.43,25.12,-18.91,UPI,Completed,37,3.6
2025-06-24,ORD02641,CUST1480,Sneakers,Fashion,South,Bengaluru,Small Business,4,133.64,5,534.56,23.69,42.17,Cash on Delivery,Completed,38,4.5
2025-06-24,ORD04074,CUST2436,Tablet,Electronics,East,Bhubaneswar,Corporate,4,212.87,15,851.48,11.15,27.53,UPI,Completed,64,4.2
2025-06-25,ORD00999,CUST3141,Vacuum Cleaner,Home & Kitchen,South,Hyderabad,Consumer,1,237.87,0,237.87,34.0,-5.95,Credit Card,Returned,55,4.5
2025-06-25,ORD00078,CUST1236,Lipstick,Beauty,Central,Indore,Consumer,5,98.94,0,494.71,37.25,49.31,Credit Card,Cancelled,57,3.5
2025-06-25,ORD00206,CUST2301,Headphones,Electronics,West,Ahmedabad,Corporate,1,627.28,0,627.28,37.09,86.69,Cash on Delivery,Completed,43,5.0
2025-06-25,ORD04883,CUST1063,Coffee Maker,Home & Kitchen,South,Chennai,Consumer,4,227.44,15,909.74,23.89,-37.1,Credit Card,Completed,57,3.1
2025-06-25,ORD02326,CUST1719,Blender,Home & Kitchen,Central,Lucknow,Corporate,2,391.41,5,782.81,29.61,38.76,Debit Card,Completed,21,4.6
2025-06-25,ORD00093,CUST2337,Fitness Band,Sports,East,Bhubaneswar,Consumer,4,112.69,10,450.77,10.4,10.71,PayPal,Completed,62,3.7
2025-06-26,ORD04250,CUST2534,Desk Lamp,Office Supplies,South,Bengaluru,Consumer,2,70.74,10,141.48,24.24,-22.61,Cash on Delivery,Completed,53,3.9
2025-06-26,ORD00519,CUST2547,Yoga Mat,Sports,North,Chandigarh,Consumer,1,234.56,10,234.56,36.69,-10.52,PayPal,Completed,22,3.1
2025-06-26,ORD02600,CUST1460,Notebook,Office Supplies,West,Ahmedabad,Corporate,5,271.66,15,1358.32,34.26,26.03,Debit Card,Completed,63,3.2
2025-06-26,ORD01276,CUST1413,Smartwatch,Electronics,South,Chennai,Consumer,2,859.71,15,1719.42,36.43,51.08,Debit Card,Completed,36,3.7
2025-06-26,ORD01300,CUST2343,Perfume,Beauty,Central,Indore,Consumer,1,117.4,0,117.4,5.73,5.4,Debit Card,Completed,19,2.5
2025-06-26,ORD03917,CUST2591,Running Shoes,Sports,North,Jaipur,Consumer,5,200.31,10,1001.53,35.7,2.21,PayPal,Returned,61,3.5
2025-06-26,ORD03963,CUST1398,Notebook,Office Supplies,North,Chandigarh,Consumer,3,249.15,5,747.44,33.4,26.2,UPI,Completed,55,3.8
2025-06-26,ORD00586,CUST3054,Backpack,Fashion,North,Jaipur,Corporate,5,202.28,0,1011.38,48.37,103.71,UPI,Returned,27,4.6
2025-06-26,ORD00768,CUST3113,Jeans,Fashion,North,Jaipur,Consumer,5,235.69,15,1178.46,37.05,-119.46,Credit Card,Completed,48,3.3
2025-06-27,ORD04902,CUST2082,Backpack,Fashion,East,Kolkata,Small Business,3,242.11,5,726.34,36.85,112.79,UPI,Completed,49,5.0
2025-06-27,ORD02779,CUST1899,Fitness Band,Sports,South,Bengaluru,Consumer,2,288.18,10,576.36,14.17,65.7,Credit Card,Completed,40,3.7
2025-06-27,ORD04549,CUST2927,Keyboard,Office Supplies,West,Ahmedabad,Consumer,2,283.36,5,566.73,20.44,28.17,Debit Card,Completed,48,3.7
2025-06-27,ORD04412,CUST3468,Jeans,Fashion,North,Chandigarh,Small Business,1,237.12,0,237.12,37.88,-0.04,PayPal,Completed,57,4.5
2025-06-27,ORD04884,CUST1482,Moisturizer,Beauty,East,Guwahati,Small Business,5,95.27,15,476.37,16.96,18.98,Cash on Delivery,Returned,41,3.9
2025-06-27,ORD02512,CUST3039,Sneakers,Fashion,North,Delhi,Consumer,1,225.73,0,225.73,5.24,17.71,UPI,Cancelled,42,4.9
2025-06-27,ORD03726,CUST2641,Sports Bottle,Sports,North,Chandigarh,Small Business,5,182.34,5,911.69,13.11,169.07,UPI,Completed,30,3.0
2025-06-27,ORD00427,CUST3278,Fitness Band,Sports,East,Kolkata,Consumer,1,44.8,5,44.8,11.49,-8.58,Credit Card,Cancelled,38,3.9
2025-06-27,ORD01729,CUST3183,Desk Lamp,Office Supplies,East,Bhubaneswar,Consumer,3,62.65,20,187.95,39.24,-35.63,Debit Card,Completed,63,3.2
2025-06-27,ORD04997,CUST1656,Air Fryer,Home & Kitchen,Central,Bhopal,Corporate,1,363.12,10,363.12,9.94,14.99,UPI,Cancelled,38,3.3
2025-06-27,ORD04579,CUST1345,Air Fryer,Home & Kitchen,South,Hyderabad,Consumer,2,255.2,5,510.4,21.49,83.83,Cash on Delivery,Completed,61,3.8
2025-06-27,ORD02297,CUST2240,Printer,Office Supplies,South,Bengaluru,Consumer,4,364.11,10,1456.43,23.57,43.77,Cash on Delivery,Returned,29,4.5
2025-06-28,ORD01853,CUST2565,Lipstick,Beauty,West,Pune,Consumer,2,187.37,5,374.74,13.43,51.89,Debit Card,Completed,32,3.6
2025-06-28,ORD04582,CUST3323,T-Shirt,Fashion,South,Chennai,Corporate,4,188.43,20,753.72,11.45,-27.94,Credit Card,Completed,19,3.9
2025-06-28,ORD00881,CUST2309,Jacket,Fashion,East,Kolkata,Small Business,1,31.65,10,31.65,23.54,-18.16,UPI,Cancelled,34,4.7
2025-06-28,ORD00326,CUST3401,Sneakers,Fashion,North,Chandigarh,Small Business,2,118.01,5,236.02,37.44,10.33,Debit Card,Completed,18,4.3
2025-06-28,ORD02105,CUST2143,Running Shoes,Sports,East,Guwahati,Small Business,3,58.77,0,176.3,20.37,-4.97,Credit Card,Returned,36,5.0
2025-06-28,ORD04856,CUST2857,Cookware Set,Home & Kitchen,North,Jaipur,Consumer,3,372.83,20,1118.49,22.91,-116.19,Debit Card,Completed,63,3.5
2025-06-28,ORD00585,CUST1691,Perfume,Beauty,East,Kolkata,Consumer,2,71.97,5,143.95,13.04,11.51,UPI,Completed,39,2.6
2025-06-28,ORD02038,CUST1968,Sneakers,Fashion,South,Hyderabad,Consumer,3,244.63,15,733.88,27.86,-43.17,Debit Card,Completed,48,3.9
2025-06-29,ORD03012,CUST1569,Backpack,Fashion,West,Ahmedabad,Consumer,3,54.87,20,164.62,14.31,-25.92,PayPal,Completed,38,5.0
2025-06-29,ORD04676,CUST1990,Vacuum Cleaner,Home & Kitchen,South,Chennai,Consumer,5,314.91,5,1574.54,21.4,256.17,Credit Card,Completed,40,4.4
2025-06-29,ORD02348,CUST1754,Tablet,Electronics,East,Guwahati,Corporate,3,163.7,15,491.1,26.05,-8.25,Credit Card,Completed,47,3.6
2025-06-29,ORD04968,CUST3449,Shampoo,Beauty,East,Bhubaneswar,Consumer,2,127.09,10,254.18,9.59,3.91,UPI,Completed,24,4.8
2025-06-30,ORD01494,CUST1326,Sports Bottle,Sports,South,Chennai,Small Business,3,99.36,10,298.09,32.2,12.44,Cash on Delivery,Completed,23,2.8
2025-06-30,ORD00034,CUST2319,Vacuum Cleaner,Home & Kitchen,North,Jaipur,Consumer,1,256.93,20,256.93,10.9,6.48,PayPal,Returned,54,3.5
2025-06-30,ORD02128,CUST3224,Air Fryer,Home & Kitchen,South,Hyderabad,Consumer,1,147.91,10,147.91,34.15,-23.88,PayPal,Cancelled,39,4.1
2025-06-30,ORD02366,CUST2261,Printer,Office Supplies,West,Mumbai,Consumer,4,321.94,10,1287.77,37.86,-29.03,Cash on Delivery,Completed,44,4.8
2025-06-30,ORD01523,CUST3462,Jeans,Fashion,East,Bhubaneswar,Consumer,1,141.65,0,141.65,28.09,4.87,UPI,Completed,24,3.0
2025-06-30,ORD04770,CUST1147,Backpack,Fashion,North,Chandigarh,Corporate,4,148.51,20,594.06,24.49,-13.25,Credit Card,Completed,41,3.7
2025-06-30,ORD01086,CUST1822,Perfume,Beauty,West,Mumbai,Small Business,5,140.39,15,701.94,23.81,-26.74,Credit Card,Completed,27,3.3
2025-06-30,ORD01072,CUST1302,Moisturizer,Beauty,West,Pune,Consumer,1,50.96,15,50.96,14.79,-14.44,UPI,Completed,26,3.7
2025-06-30,ORD00852,CUST2017,Fitness Band,Sports,North,Chandigarh,Consumer,5,296.06,5,1480.32,33.33,179.05,Debit Card,Completed,64,5.0
2025-06-30,ORD02978,CUST1961,Perfume,Beauty,North,Delhi,Corporate,3,175.04,5,525.13,25.25,-6.33,Cash on Delivery,Completed,40,4.9
2025-06-30,ORD00024,CUST1389,Lipstick,Beauty,North,Jaipur,Consumer,2,88.87,0,177.74,17.24,18.41,UPI,Returned,27,4.8
2025-06-30,ORD03241,CUST1818,Laptop,Electronics,North,Delhi,Small Business,4,1147.12,5,4588.48,19.33,601.51,UPI,Completed,33,2.2
